IATA,ICAO,Name,City,Country,Latitude,Longitude
GKA,AYGA,Goroka Airport,Goroka,Papua New Guinea,-6.081689834590001,145.391998291
MAG,AYMD,Madang Airport,Madang,Papua New Guinea,-5.20707988739,145.789001465
HGU,AYMH,Mount Hagen Kagamuga Airport,Mount Hagen,Papua New Guinea,-5.826789855957031,144.29600524902344
LAE,AYNZ,Nadzab Airport,Nadzab,Papua New Guinea,-6.569803,146.725977
POM,AYPY,Port Moresby Jacksons International Airport,Port Moresby,Papua New Guinea,-9.44338035583496,147.22000122070312
WWK,AYWK,Wewak International Airport,Wewak,Papua New Guinea,-3.58383011818,143.669006348
UAK,BGBW,Narsarsuaq Airport,Narssarssuaq,Greenland,61.1604995728,-45.4259986877
GOH,BGGH,Godthaab / Nuuk Airport,Godthaab,Greenland,64.19090271,-51.6781005859
SFJ,BGSF,Kangerlussuaq Airport,Sondrestrom,Greenland,67.0122218992,-50.7116031647
THU,BGTL,Thule Air Base,Thule,Greenland,76.5311965942,-68.7032012939
AEY,BIAR,Akureyri Airport,Akureyri,Iceland,65.66000366210938,-18.07270050048828
EGS,BIEG,Egilsstaðir Airport,Egilsstadir,Iceland,65.2833023071289,-14.401399612426758
HFN,BIHN,Hornafjörður Airport,Hofn,Iceland,64.295601,-15.2272
HZK,BIHU,Húsavík Airport,Husavik,Iceland,65.952301,-17.426001
IFJ,BIIS,Ísafjörður Airport,Isafjordur,Iceland,66.05809783935547,-23.135299682617188
KEF,BIKF,Keflavik International Airport,Keflavik,Iceland,63.985000610352,-22.605600357056
PFJ,BIPA,Patreksfjörður Airport,Patreksfjordur,Iceland,65.555801,-23.965
RKV,BIRK,Reykjavik Airport,Reykjavik,Iceland,64.1299972534,-21.9405994415
SIJ,BISI,Siglufjörður Airport,Siglufjordur,Iceland,66.133301,-18.9167
VEY,BIVM,Vestmannaeyjar Airport,Vestmannaeyjar,Iceland,63.42430114746094,-20.27890014648437
YAM,CYAM,Sault Ste Marie Airport,Sault Sainte Marie,Canada,46.48500061035156,-84.5093994140625
YAY,CYAY,St. Anthony Airport,St. Anthony,Canada,51.3918991089,-56.083099365200006
YAZ,CYAZ,Tofino / Long Beach Airport,Tofino,Canada,49.079833,-125.775583
YBB,CYBB,Kugaaruk Airport,Pelly Bay,Canada,68.534401,-89.808098
YBC,CYBC,Baie Comeau Airport,Baie Comeau,Canada,49.13249969482422,-68.20439910888672
YBG,CYBG,CFB Bagotville,Bagotville,Canada,48.33060073852539,-70.99639892578125
YBK,CYBK,Baker Lake Airport,Baker Lake,Canada,64.29889678960001,-96.077796936
YBL,CYBL,Campbell River Airport,Campbell River,Canada,49.950801849365234,-125.27100372314452
YBR,CYBR,Brandon Municipal Airport,Brandon,Canada,49.91,-99.951897
YCB,CYCB,Cambridge Bay Airport,Cambridge Bay,Canada,69.1081008911,-105.138000488
YCD,CYCD,Nanaimo Airport,Nanaimo,Canada,49.0549702249,-123.869862556
YCG,CYCG,Castlegar/West Kootenay Regional Airport,Castlegar,Canada,49.2963981628,-117.632003784
YCH,CYCH,Miramichi Airport,Chatham,Canada,47.007801,-65.449203
YCL,CYCL,Charlo Airport,Charlo,Canada,47.990799,-66.330299
YCO,CYCO,Kugluktuk Airport,Coppermine,Canada,67.816704,-115.143997
YCT,CYCT,Coronation Airport,Coronation,Canada,52.0750007629,-111.444999695
YCW,CYCW,Chilliwack Airport,Chilliwack,Canada,49.1528015137,-121.939002991
YCY,CYCY,Clyde River Airport,Clyde River,Canada,70.4860992432,-68.5167007446
YZS,CYZS,Coral Harbour Airport,Coral Harbour,Canada,64.1932983398,-83.3593978882
YDA,CYDA,Dawson City Airport,Dawson,Canada,64.04309844970703,-139.1280059814453
YDB,CYDB,Burwash Airport,Burwash,Canada,61.37110137939453,-139.04100036621094
YDF,CYDF,Deer Lake Airport,Deer Lake,Canada,49.21080017089844,-57.39139938354492
YDL,CYDL,Dease Lake Airport,Dease Lake,Canada,58.4221992493,-130.031997681
YDN,CYDN,Dauphin Barker Airport,Dauphin,Canada,51.10079956054688,-100.052001953125
YDQ,CYDQ,Dawson Creek Airport,Dawson Creek,Canada,55.7422981262207,-120.18299865722656
YEG,CYEG,Edmonton International Airport,Edmonton,Canada,53.3097000122,-113.580001831
YEK,CYEK,Arviat Airport,Eskimo Point,Canada,61.0942001343,-94.0708007812
YEN,CYEN,Estevan Airport,Estevan,Canada,49.2103004456,-102.966003418
YET,CYET,Edson Airport,Edson,Canada,53.5788993835,-116.464996338
YEU,CYEU,Eureka Airport,Eureka,Canada,79.9946975708,-85.814201355
YEV,CYEV,Inuvik Mike Zubko Airport,Inuvik,Canada,68.30419921880001,-133.483001709
YFB,CYFB,Iqaluit Airport,Iqaluit,Canada,63.756402,-68.555801
YFC,CYFC,Fredericton Airport,Fredericton,Canada,45.868900299072266,-66.53720092773438
YFE,CYFE,Forestville Airport,Forestville,Canada,48.74610137939453,-69.09719848632812
YFO,CYFO,Flin Flon Airport,Flin Flon,Canada,54.6781005859375,-101.68199920654295
YFR,CYFR,Fort Resolution Airport,Fort Resolution,Canada,61.1808013916,-113.690002441
YFS,CYFS,Fort Simpson Airport,Fort Simpson,Canada,61.76020050048828,-121.23699951171876
YGK,CYGK,Kingston Norman Rogers Airport,Kingston,Canada,44.22529983520508,-76.5969009399414
YGL,CYGL,La Grande Rivière Airport,La Grande Riviere,Canada,53.625301361083984,-77.7042007446289
YGP,CYGP,Gaspé (Michel-Pouliot) Airport,Gaspe,Canada,48.7752990723,-64.4785995483
YGQ,CYGQ,Geraldton Greenstone Regional Airport,Geraldton,Canada,49.77830123901367,-86.93939971923828
YGR,CYGR,Îles-de-la-Madeleine Airport,Iles De La Madeleine,Canada,47.42470169067383,-61.778099060058594
YHB,CYHB,Hudson Bay Airport,Hudson Bay,Canada,52.8166999817,-102.310997009
YHD,CYHD,Dryden Regional Airport,Dryden,Canada,49.831699,-92.744202
YHI,CYHI,Ulukhaktok Holman Airport,Holman Island,Canada,70.76280212402344,-117.80599975585938
YHK,CYHK,Gjoa Haven Airport,Gjoa Haven,Canada,68.635597229,-95.8497009277
YHM,CYHM,John C. Munro Hamilton International Airport,Hamilton,Canada,43.1735992432,-79.93499755859999
YHU,CYHU,Montréal / Saint-Hubert Airport,Montreal,Canada,45.5175018311,-73.4169006348
YHY,CYHY,Hay River / Merlyn Carter Airport,Hay River,Canada,60.8396987915,-115.782997131
YHZ,CYHZ,Halifax / Stanfield International Airport,Halifax,Canada,44.8807983398,-63.5085983276
YIB,CYIB,Atikokan Municipal Airport,Atikokan,Canada,48.7738990784,-91.6386032104
YIO,CYIO,Pond Inlet Airport,Pond Inlet,Canada,72.6832962036,-77.9666976929
YJN,CYJN,St Jean Airport,St. Jean,Canada,45.29439926147461,-73.28109741210938
YJT,CYJT,Stephenville Airport,Stephenville,Canada,48.5442008972168,-58.54999923706055
YKA,CYKA,Kamloops Airport,Kamloops,Canada,50.7022018433,-120.444000244
YKF,CYKF,Waterloo Airport,Waterloo,Canada,43.4608001709,-80.3786010742
YKL,CYKL,Schefferville Airport,Schefferville,Canada,54.805301666259766,-66.8052978515625
YKY,CYKY,Kindersley Airport,Kindersley,Canada,51.5175018311,-109.180999756
YKZ,CYKZ,Buttonville Municipal Airport,Toronto,Canada,43.86220169067383,-79.37000274658203
YLD,CYLD,Chapleau Airport,Chapleau,Canada,47.81999969482422,-83.3467025756836
YLJ,CYLJ,Meadow Lake Airport,Meadow Lake,Canada,54.125301361083984,-108.52300262451172
YLL,CYLL,Lloydminster Airport,Lloydminster,Canada,53.309200286865234,-110.072998046875
YLT,CYLT,Alert Airport,Alert,Canada,82.51779937740001,-62.2806015015
YLW,CYLW,Kelowna International Airport,Kelowna,Canada,49.9561004639,-119.377998352
YMA,CYMA,Mayo Airport,Mayo,Canada,63.61640167236328,-135.8679962158203
YMJ,CYMJ,Moose Jaw Air Vice Marshal C. M. McEwen Airport,Moose Jaw,Canada,50.330299377441406,-105.55899810791016
YMM,CYMM,Fort McMurray Airport,Fort Mcmurray,Canada,56.653301239,-111.222000122
YMO,CYMO,Moosonee Airport,Moosonee,Canada,51.29109954833984,-80.60780334472656
YMW,CYMW,Maniwaki Airport,Maniwaki,Canada,46.2728004456,-75.9906005859
YMX,CYMX,Montreal International (Mirabel) Airport,Montreal,Canada,45.679501,-74.038696
YNA,CYNA,Natashquan Airport,Natashquan,Canada,50.18999862670898,-61.78919982910156
YND,CYND,Ottawa / Gatineau Airport,Gatineau,Canada,45.5217018127,-75.5635986328
YNM,CYNM,Matagami Airport,Matagami,Canada,49.76169967651367,-77.80280303955078
YOC,CYOC,Old Crow Airport,Old Crow,Canada,67.57060241699219,-139.83900451660156
YOD,CYOD,CFB Cold Lake,Cold Lake,Canada,54.40499877929688,-110.27899932861328
YOJ,CYOJ,High Level Airport,High Level,Canada,58.62139892578125,-117.16500091552734
YOW,CYOW,Ottawa Macdonald-Cartier International Airport,Ottawa,Canada,45.3224983215332,-75.66919708251953
YPA,CYPA,Prince Albert Glass Field,Prince Albert,Canada,53.2141990662,-105.672996521
YPE,CYPE,Peace River Airport,Peace River,Canada,56.226898,-117.446999
YPG,CYPG,Southport Airport,Portage-la-prairie,Canada,49.903099,-98.273817
YPL,CYPL,Pickle Lake Airport,Pickle Lake,Canada,51.4463996887207,-90.21420288085938
YPN,CYPN,Port Menier Airport,Port Menier,Canada,49.83639907836914,-64.2885971069336
YPQ,CYPQ,Peterborough Airport,Peterborough,Canada,44.22999954223633,-78.36329650878906
YPR,CYPR,Prince Rupert Airport,Prince Pupert,Canada,54.2860984802,-130.445007324
YPY,CYPY,Fort Chipewyan Airport,Fort Chipewyan,Canada,58.7672004699707,-111.11699676513672
YQA,CYQA,Muskoka Airport,Muskoka,Canada,44.974700927734375,-79.30329895019531
YQB,CYQB,Quebec Jean Lesage International Airport,Quebec,Canada,46.7911,-71.393303
YQF,CYQF,Red Deer Regional Airport,Red Deer Industrial,Canada,52.18220138549805,-113.8939971923828
YQG,CYQG,Windsor Airport,Windsor,Canada,42.27560043334961,-82.95559692382812
YQH,CYQH,Watson Lake Airport,Watson Lake,Canada,60.11640167236328,-128.82200622558594
YQK,CYQK,Kenora Airport,Kenora,Canada,49.78829956054688,-94.36309814453124
YQL,CYQL,Lethbridge County Airport,Lethbridge,Canada,49.6302986145,-112.800003052
YQM,CYQM,Greater Moncton International Airport,Moncton,Canada,46.11220169067383,-64.67859649658203
YQQ,CYQQ,Comox Airport,Comox,Canada,49.71080017089844,-124.88700103759766
YQR,CYQR,Regina International Airport,Regina,Canada,50.43190002441406,-104.66600036621094
YQT,CYQT,Thunder Bay Airport,Thunder Bay,Canada,48.37189865112305,-89.32389831542969
YQU,CYQU,Grande Prairie Airport,Grande Prairie,Canada,55.1796989441,-118.885002136
YQV,CYQV,Yorkton Municipal Airport,Yorkton,Canada,51.26470184326172,-102.46199798583984
YQW,CYQW,North Battleford Airport,North Battleford,Canada,52.76919937133789,-108.24400329589844
YQX,CYQX,Gander International Airport,Gander,Canada,48.9369010925293,-54.56809997558594
YQY,CYQY,Sydney / J.A. Douglas McCurdy Airport,Sydney,Canada,46.1614,-60.047798
YQZ,CYQZ,Quesnel Airport,Quesnel,Canada,53.026100158691406,-122.51000213623048
YRB,CYRB,Resolute Bay Airport,Resolute,Canada,74.7169036865,-94.9693984985
YRI,CYRI,Rivière-du-Loup Airport,Riviere Du Loup,Canada,47.76440048217773,-69.58470153808594
YRJ,CYRJ,Roberval Airport,Roberval,Canada,48.52000045776367,-72.2656021118164
YRM,CYRM,Rocky Mountain House Airport,Rocky Mountain House,Canada,52.4296989441,-114.903999329
YRT,CYRT,Rankin Inlet Airport,Rankin Inlet,Canada,62.8114013672,-92.1157989502
YSB,CYSB,Sudbury Airport,Sudbury,Canada,46.625,-80.79889678955078
YSC,CYSC,Sherbrooke Airport,Sherbrooke,Canada,45.4385986328125,-71.69139862060547
YSJ,CYSJ,Saint John Airport,St. John,Canada,45.31610107421875,-65.89029693603516
YSM,CYSM,Fort Smith Airport,Fort Smith,Canada,60.020301818847656,-111.96199798583984
YSR,CYSR,Nanisivik Airport,Nanisivik,Canada,72.982201,-84.613602
YSU,CYSU,Summerside Airport,Summerside,Canada,46.44060134887695,-63.83359909057617
YSY,CYSY,Sachs Harbour (David Nasogaluak Jr. Saaryuaq) Airport,Sachs Harbour,Canada,71.9938964844,-125.242996216
YTE,CYTE,Cape Dorset Airport,Cape Dorset,Canada,64.2300033569,-76.5267028809
YTH,CYTH,Thompson Airport,Thompson,Canada,55.80110168457031,-97.86419677734376
YTR,CYTR,CFB Trenton,Trenton,Canada,44.118900299072266,-77.5280990600586
YTS,CYTS,Timmins/Victor M. Power,Timmins,Canada,48.5696983337,-81.376701355
YTZ,CYTZ,Billy Bishop Toronto City Centre Airport,Toronto,Canada,43.627499,-79.396202
YUB,CYUB,Tuktoyaktuk Airport,Tuktoyaktuk,Canada,69.43329620361328,-133.0260009765625
YUL,CYUL,Montreal / Pierre Elliott Trudeau International Airport,Montreal,Canada,45.4706001282,-73.7407989502
YUT,CYUT,Repulse Bay Airport,Repulse Bay,Canada,66.5214004517,-86.22470092770001
YUX,CYUX,Hall Beach Airport,Hall Beach,Canada,68.77610015869999,-81.2425
YUY,CYUY,Rouyn Noranda Airport,Rouyn,Canada,48.20610046386719,-78.83560180664062
YVC,CYVC,La Ronge Airport,La Ronge,Canada,55.1514015198,-105.262001038
YVG,CYVG,Vermilion Airport,Vermillion,Canada,53.3558006287,-110.823997498
YVM,CYVM,Qikiqtarjuaq Airport,Broughton Island,Canada,67.5457992554,-64.03140258789999
YVO,CYVO,Val-d'Or Airport,Val D'or,Canada,48.0532989502,-77.7827987671
YVP,CYVP,Kuujjuaq Airport,Quujjuaq,Canada,58.096099853515625,-68.4269027709961
YVQ,CYVQ,Norman Wells Airport,Norman Wells,Canada,65.28160095214844,-126.7979965209961
YVR,CYVR,Vancouver International Airport,Vancouver,Canada,49.193901062,-123.183998108
YVT,CYVT,Buffalo Narrows Airport,Buffalo Narrows,Canada,55.8418998718,-108.417999268
YVV,CYVV,Wiarton Airport,Wiarton,Canada,44.7458,-81.107201
YWA,CYWA,Petawawa Airport,Petawawa,Canada,45.95220184326172,-77.31919860839844
YWG,CYWG,Winnipeg / James Armstrong Richardson International Airport,Winnipeg,Canada,49.9099998474,-97.2398986816
YWK,CYWK,Wabush Airport,Wabush,Canada,52.92190170288086,-66.8644027709961
YWL,CYWL,Williams Lake Airport,Williams Lake,Canada,52.1831016541,-122.054000854
YWY,CYWY,Wrigley Airport,Wrigley,Canada,63.20940017700195,-123.43699645996094
YXC,CYXC,Cranbrook/Canadian Rockies International Airport,Cranbrook,Canada,49.610801696777,-115.78199768066
YXD,CYXD,Edmonton City Centre (Blatchford Field) Airport,Edmonton,Canada,53.5724983215,-113.521003723
YXE,CYXE,Saskatoon John G. Diefenbaker International Airport,Saskatoon,Canada,52.17079925537109,-106.6999969482422
YXH,CYXH,Medicine Hat Airport,Medicine Hat,Canada,50.01890182495117,-110.72100067138672
YXJ,CYXJ,Fort St John Airport,Fort Saint John,Canada,56.23809814453125,-120.73999786376952
YXL,CYXL,Sioux Lookout Airport,Sioux Lookout,Canada,50.11389923095703,-91.9052963256836
YXP,CYXP,Pangnirtung Airport,Pangnirtung,Canada,66.1449966431,-65.71360015869999
YXR,CYXR,Earlton (Timiskaming Regional) Airport,Earlton,Canada,47.6974006546,-79.8473453522
YXS,CYXS,Prince George Airport,Prince George,Canada,53.8894004822,-122.679000854
YXT,CYXT,Northwest Regional Airport Terrace-Kitimat,Terrace,Canada,54.468498,-128.576009
YXU,CYXU,London Airport,London,Canada,43.035599,-81.1539
YXX,CYXX,Abbotsford Airport,Abbotsford,Canada,49.025299072265625,-122.36100006103516
YXY,CYXY,Whitehorse / Erik Nielsen International Airport,Whitehorse,Canada,60.7095985413,-135.067001343
YYB,CYYB,North Bay Jack Garland Airport,North Bay,Canada,46.363602,-79.422798
YYC,CYYC,Calgary International Airport,Calgary,Canada,51.113899231,-114.019996643
YYD,CYYD,Smithers Airport,Smithers,Canada,54.82469940185547,-127.18299865722656
YYE,CYYE,Fort Nelson Airport,Fort Nelson,Canada,58.8363990784,-122.597000122
YYF,CYYF,Penticton Airport,Penticton,Canada,49.46310043334961,-119.60199737548828
YYG,CYYG,Charlottetown Airport,Charlottetown,Canada,46.290000915527344,-63.12110137939453
YYH,CYYH,Taloyoak Airport,Spence Bay,Canada,69.5466995239,-93.5766983032
YYJ,CYYJ,Victoria International Airport,Victoria,Canada,48.646900177,-123.426002502
YYL,CYYL,Lynn Lake Airport,Lynn Lake,Canada,56.86389923095703,-101.07599639892578
YYN,CYYN,Swift Current Airport,Swift Current,Canada,50.2919006348,-107.691001892
YYQ,CYYQ,Churchill Airport,Churchill,Canada,58.739200592041016,-94.06500244140624
YYR,CYYR,Goose Bay Airport,Goose Bay,Canada,53.3191986084,-60.4258003235
YYT,CYYT,St. John's International Airport,St. John's,Canada,47.618598938,-52.7518997192
YYU,CYYU,Kapuskasing Airport,Kapuskasing,Canada,49.41389846801758,-82.46749877929688
YYW,CYYW,Armstrong Airport,Armstrong,Canada,50.29029846191406,-88.90969848632812
YYY,CYYY,Mont Joli Airport,Mont Joli,Canada,48.60860061645508,-68.20809936523438
YYZ,CYYZ,Lester B. Pearson International Airport,Toronto,Canada,43.6772003174,-79.63059997559999
YZD,CYZD,Downsview Airport,Toronto,Canada,43.74250030517578,-79.4655990600586
YZE,CYZE,Gore Bay Manitoulin Airport,Gore Bay,Canada,45.88529968261719,-82.56780242919922
YZF,CYZF,Yellowknife Airport,Yellowknife,Canada,62.462799072265625,-114.44000244140624
YZH,CYZH,Slave Lake Airport,Slave Lake,Canada,55.2930984497,-114.777000427
YZP,CYZP,Sandspit Airport,Sandspit,Canada,53.25429916379999,-131.813995361
YZR,CYZR,Chris Hadfield Airport,Sarnia,Canada,42.9994010925293,-82.30889892578125
YZT,CYZT,Port Hardy Airport,Port Hardy,Canada,50.68059921264648,-127.36699676513672
YZU,CYZU,Whitecourt Airport,Whitecourt,Canada,54.14390182495117,-115.78700256347656
YZV,CYZV,Sept-Îles Airport,Sept-iles,Canada,50.22330093383789,-66.2656021118164
YZW,CYZW,Teslin Airport,Teslin,Canada,60.17279815673828,-132.7429962158203
YZX,CYZX,CFB Greenwood,Greenwood,Canada,44.98440170288086,-64.91690063476562
ZFA,CZFA,Faro Airport,Faro,Canada,62.20750045776367,-133.37600708007812
ZFM,CZFM,Fort Mcpherson Airport,Fort Mcpherson,Canada,67.40750122070312,-134.86099243164062
QLD,DAAB,Blida Airport,Blida,Algeria,36.50360107421875,2.814169883728028
BUJ,DAAD,Bou Saada Airport,Bou Saada,Algeria,35.33250045776367,4.206389904022217
BJA,DAAE,Soummam Airport,Bejaja,Algeria,36.7120018005,5.0699200630200005
ALG,DAAG,Houari Boumediene Airport,Algier,Algeria,36.69100189208984,3.215409994125366
DJG,DAAJ,Djanet Inedbirene Airport,Djanet,Algeria,24.292801,9.45244
VVZ,DAAP,Illizi Takhamalt Airport,Illizi,Algeria,26.7234992981,8.62265014648
TMR,DAAT,Aguenar – Hadj Bey Akhamok Airport,Tamanrasset,Algeria,22.8115005493,5.45107984543
GJL,DAAV,Jijel Ferhat Abbas Airport,Jijel,Algeria,36.7951011658,5.87361001968
MZW,DAAY,Mecheria Airport,Mecheria,Algeria,33.535900116,-0.242353007197
AAE,DABB,Rabah Bitat Airport,Annaba,Algeria,36.822201,7.809174
CZL,DABC,Mohamed Boudiaf International Airport,Constantine,Algeria,36.2760009765625,6.620389938354492
TEE,DABS,Cheikh Larbi Tébessi Airport,Tebessa,Algeria,35.4315986633,8.12071990967
HRM,DAFH,Hassi R'Mel Airport,Tilrempt,Algeria,32.93040084838867,3.311539888381958
TID,DAOB,Bou Chekif Airport,Tiaret,Algeria,35.3410987854,1.46315002441
TIN,DAOF,Tindouf Airport,Tindouf,Algeria,27.7003993988,-8.167099952700001
CFK,DAOI,Ech Cheliff Airport,Ech-cheliff,Algeria,36.2126998901,1.33176994324
TAF,DAOL,Tafaraoui Airport,Oran,Algeria,35.54240036010742,-0.5322780013084412
TLM,DAON,Zenata – Messali El Hadj Airport,Tlemcen,Algeria,35.0167007446,-1.45000004768
ORN,DAOO,Es Senia Airport,Oran,Algeria,35.6239013672,-0.6211829781529999
BFW,DAOS,Sidi Bel Abbes Airport,Sidi Bel Abbes,Algeria,35.1717987061,-0.593275010586
MUW,DAOV,Ghriss Airport,Ghriss,Algeria,35.207698822021484,0.1471419930458068
AZR,DAUA,Touat Cheikh Sidi Mohamed Belkebir Airport,Adrar,Algeria,27.83760070800781,-0.1864140033721923
BSK,DAUB,Biskra Airport,Biskra,Algeria,34.7933006287,5.73823022842
ELG,DAUE,El Golea Airport,El Golea,Algeria,30.5713005065918,2.8595900535583496
GHA,DAUG,Noumérat - Moufdi Zakaria Airport,Ghardaia,Algeria,32.38410186767578,3.794110059738159
HME,DAUH,Oued Irara Airport,Hassi Messaoud,Algeria,31.6730003357,6.140439987180001
INZ,DAUI,In Salah Airport,In Salah,Algeria,27.2509994507,2.51202011108
TGR,DAUK,Touggourt Sidi Madhi Airport,Touggourt,Algeria,33.06779861450195,6.088669776916504
LOO,DAUL,Laghouat Airport,Laghouat,Algeria,33.7644004822,2.92833995819
TMX,DAUT,Timimoun Airport,Timimoun,Algeria,29.2371006012,0.276033014059
OGX,DAUU,Ain el Beida Airport,Ouargla,Algeria,31.917200088500977,5.412779808044434
IAM,DAUZ,In Aménas Airport,Zarzaitine,Algeria,28.0515,9.64291
COO,DBBB,Cadjehoun Airport,Cotonou,Benin,6.357230186462402,2.384350061416626
OUA,DFFD,Ouagadougou Airport,Ouagadougou,Burkina Faso,12.3532,-1.51242
BOY,DFOO,Bobo Dioulasso Airport,Bobo-dioulasso,Burkina Faso,11.160099983215332,-4.33096981048584
ACC,DGAA,Kotoka International Airport,Accra,Ghana,5.605189800262451,-0.1667860001325607
TML,DGLE,Tamale Airport,Tamale,Ghana,9.55718994140625,-0.8632140159606934
NYI,DGSN,Sunyani Airport,Sunyani,Ghana,7.361830234527588,-2.3287599086761475
TKD,DGTK,Takoradi Airport,Takoradi,Ghana,4.896059989929199,-1.7747600078582764
ABJ,DIAP,Port Bouet Airport,Abidjan,Cote d'Ivoire,5.261390209197998,-3.9262900352478023
BYK,DIBK,Bouaké Airport,Bouake,Cote d'Ivoire,7.738800048828125,-5.073669910430908
DJO,DIDL,Daloa Airport,Daloa,Cote d'Ivoire,6.792809963226318,-6.473189830780029
HGO,DIKO,Korhogo Airport,Korhogo,Cote d'Ivoire,9.38718032837,-5.55666017532
MJC,DIMN,Man Airport,Man,Cote d'Ivoire,7.272069931030273,-7.58735990524292
SPY,DISP,San Pedro Airport,San Pedro,Cote d'Ivoire,4.746719837188721,-6.660820007324219
ASK,DIYO,Yamoussoukro Airport,Yamoussoukro,Cote d'Ivoire,6.9031701088,-5.36558008194
ABV,DNAA,Nnamdi Azikiwe International Airport,Abuja,Nigeria,9.006790161132812,7.263169765472412
AKR,DNAK,Akure Airport,Akure,Nigeria,7.246739864349365,5.3010101318359375
BNI,DNBE,Benin Airport,Benin,Nigeria,6.316979885101318,5.599500179290772
CBQ,DNCA,Margaret Ekpo International Airport,Calabar,Nigeria,4.976019859313965,8.347200393676758
ENU,DNEN,Akanu Ibiam International Airport,Enugu,Nigeria,6.474269866943359,7.561960220336914
IBA,DNIB,Ibadan Airport,Ibadan,Nigeria,7.362460136413574,3.97832989692688
ILR,DNIL,Ilorin International Airport,Ilorin,Nigeria,8.440210342407227,4.493919849395752
JOS,DNJO,Yakubu Gowon Airport,Jos,Nigeria,9.639829635620115,8.869050025939941
KAD,DNKA,Kaduna Airport,Kaduna,Nigeria,10.696000099182127,7.320109844207764
KAN,DNKN,Mallam Aminu International Airport,Kano,Nigeria,12.0476,8.52462
MIU,DNMA,Maiduguri International Airport,Maiduguri,Nigeria,11.855299949645996,13.080900192260742
MDI,DNMK,Makurdi Airport,Makurdi,Nigeria,7.70388,8.61394
LOS,DNMM,Murtala Muhammed International Airport,Lagos,Nigeria,6.5773701667785645,3.321160078048706
MXJ,DNMN,Minna Airport,Minna,Nigeria,9.652170181274414,6.462259769439697
PHC,DNPO,Port Harcourt International Airport,Port Hartcourt,Nigeria,5.0154900550842285,6.94959020614624
SKO,DNSO,Sadiq Abubakar III International Airport,Sokoto,Nigeria,12.916299819946287,5.207190036773682
YOL,DNYO,Yola Airport,Yola,Nigeria,9.257550239562988,12.430399894714355
ZAR,DNZA,Zaria Airport,Zaria,Nigeria,11.1302,7.68581
MFQ,DRRM,Maradi Airport,Maradi,Niger,13.5024995803833,7.1267499923706055
NIM,DRRN,Diori Hamani International Airport,Niamey,Niger,13.4815,2.18361
THZ,DRRT,Tahoua Airport,Tahoua,Niger,14.875699996948242,5.265359878540039
AJY,DRZA,Mano Dayak International Airport,Agadez,Niger,16.965999603271484,8.000109672546387
ZND,DRZR,Zinder Airport,Zinder,Niger,13.779000282287598,8.983759880065918
MIR,DTMB,Monastir Habib Bourguiba International Airport,Monastir,Tunisia,35.75809860229492,10.75469970703125
TUN,DTTA,Tunis Carthage International Airport,Tunis,Tunisia,36.85100173950195,10.22719955444336
GAF,DTTF,Gafsa Ksar International Airport,Gafsa,Tunisia,34.422000885009766,8.822500228881836
GAE,DTTG,Gabès Matmata International Airport,Gabes,Tunisia,33.87689971923828,10.103300094604492
DJE,DTTJ,Djerba Zarzis International Airport,Djerba,Tunisia,33.875,10.775500297546388
EBM,DTTR,El Borma Airport,El Borma,Tunisia,31.70429992675781,9.254619598388672
SFA,DTTX,Sfax Thyna International Airport,Sfax,Tunisia,34.71799850463867,10.690999984741213
TOE,DTTZ,Tozeur Nefta International Airport,Tozeur,Tunisia,33.939701080322266,8.110560417175293
LRL,DXNG,Niamtougou International Airport,Niatougou,Togo,9.767330169677734,1.091249942779541
LFW,DXXX,Lomé-Tokoin Airport,Lome,Togo,6.165609836578369,1.2545100450515747
ANR,EBAW,Antwerp International Airport (Deurne),Antwerp,Belgium,51.1893997192,4.46027994156
BRU,EBBR,Brussels Airport,Brussels,Belgium,50.9014015198,4.48443984985
CRL,EBCI,Brussels South Charleroi Airport,Charleroi,Belgium,50.459202,4.45382
KJK,EBKT,Wevelgem Airport,Kortrijk-vevelgem,Belgium,50.817199707,3.20472002029
LGG,EBLG,Liège Airport,Liege,Belgium,50.63740158081055,5.443220138549805
OST,EBOS,Ostend-Bruges International Airport,Ostend,Belgium,51.1988983154,2.8622200489
OBL,EBZR,Zoersel (Oostmalle) Airfield,Zoersel,Belgium,51.264702,4.75333
AOC,EDAC,Altenburg-Nobitz Airport,Altenburg,Germany,50.981945,12.506389
IES,EDAU,Riesa-Göhlis Airport,Riesa,Germany,51.2936096191,13.3561105728
REB,EDAX,Rechlin-Lärz Airport,Rechlin-laerz,Germany,53.306388855,12.7522220612
QXH,EDAZ,Schönhagen Airport,Schoenhagen,Germany,52.203609,13.156389
BBH,EDBH,Barth Airport,Barth,Germany,54.338253,12.710515
ZMG,EDBM,"Magdeburg ""City"" Airport",Magdeburg,Germany,52.073612,11.626389
CBU,EDCD,Cottbus-Drewitz Airport,Cottbus,Germany,51.889442,14.531944
SXF,EDDB,Berlin-Schönefeld Airport,Berlin,Germany,52.380001,13.5225
DRS,EDDC,Dresden Airport,Dresden,Germany,51.1328010559082,13.767200469970703
ERF,EDDE,Erfurt Airport,Erfurt,Germany,50.97980117797852,10.958100318908691
FRA,EDDF,Frankfurt am Main Airport,Frankfurt,Germany,50.033333,8.570556
FMO,EDDG,Münster Osnabrück Airport,Munster,Germany,52.134601593,7.68483018875
HAM,EDDH,Hamburg Airport,Hamburg,Germany,53.630401611328,9.9882297515869
THF,EDDI,Berlin-Tempelhof International Airport,Berlin,Germany,52.47299957275391,13.403900146484377
CGN,EDDK,Cologne Bonn Airport,Cologne,Germany,50.8658981323,7.1427397728
DUS,EDDL,Düsseldorf Airport,Duesseldorf,Germany,51.289501,6.76678
MUC,EDDM,Munich Airport,Munich,Germany,48.353802,11.7861
NUE,EDDN,Nuremberg Airport,Nuernberg,Germany,49.498699,11.078056
LEJ,EDDP,Leipzig/Halle Airport,Leipzig,Germany,51.423889,12.236389
SCN,EDDR,Saarbrücken Airport,Saarbruecken,Germany,49.2145996094,7.10950994492
STR,EDDS,Stuttgart Airport,Stuttgart,Germany,48.6898994446,9.22196006775
TXL,EDDT,Berlin-Tegel Airport,Berlin,Germany,52.5597,13.2877
HAJ,EDDV,Hannover Airport,Hannover,Germany,52.461101532,9.68507957458
BRE,EDDW,Bremen Airport,Bremen,Germany,53.0475006104,8.78666973114
QEF,EDFE,Frankfurt-Egelsbach Airport,Egelsbach,Germany,49.959999,8.645833
HHN,EDFH,Frankfurt-Hahn Airport,Hahn,Germany,49.9487,7.26389
MHG,EDFM,Mannheim-City Airport,Mannheim,Germany,49.473057,8.514167
EIB,EDGE,Eisenach-Kindel Airport,Eisenach,Germany,50.991604,10.47973
SGE,EDGS,Siegerland Airport,Siegerland,Germany,50.70769882202149,8.082969665527344
XFW,EDHI,Hamburg-Finkenwerder Airport,Hamburg,Germany,53.5352783203125,9.835556030273438
KEL,EDHK,Kiel-Holtenau Airport,Kiel,Germany,54.37944412231445,10.145277976989746
LBC,EDHL,Lübeck Blankensee Airport,Luebeck,Germany,53.8054008484,10.7192001343
ESS,EDLE,Essen Mulheim Airport,Essen,Germany,51.40230178833008,6.9373297691345215
BFE,EDLI,Bielefeld Airport,Bielefeld,Germany,51.964722,8.544444
MGL,EDLN,Mönchengladbach Airport,Moenchengladbach,Germany,51.230278,6.504444
PAD,EDLP,Paderborn Lippstadt Airport,Paderborn,Germany,51.6141014099,8.616319656369999
DTM,EDLW,Dortmund Airport,Dortmund,Germany,51.51829910279999,7.61223983765
AGB,EDMA,Augsburg Airport,Augsburg,Germany,48.425278,10.931667
OBF,EDMO,Oberpfaffenhofen Airport,Oberpfaffenhofen,Germany,48.081402,11.2831
RBM,EDMS,Straubing Airport,Straubing,Germany,48.90083312988281,12.516667366027832
FDH,EDNY,Friedrichshafen Airport,Friedrichshafen,Germany,47.6712989807,9.51148986816
SZW,EDOP,Schwerin Parchim Airport,Parchim,Germany,53.426998,11.7834
BYU,EDQD,Bayreuth Airport,Bayreuth,Germany,49.985001,11.64
URD,EDQE,Burg Feuerstein Airport,Burg Feuerstein,Germany,49.794166564941,11.133610725403
HOQ,EDQM,Hof-Plauen Airport,Hof,Germany,50.288612365722656,11.856389045715332
ZQW,EDRZ,Zweibrücken Airport,Zweibruecken,Germany,49.2094,7.40056
ZQL,EDTD,Donaueschingen-Villingen Airport,Donaueschingen,Germany,47.97333145139999,8.52222156525
BWE,EDVE,Braunschweig-Wolfsburg Airport,Braunschweig,Germany,52.319199,10.5561
KSF,EDVK,Kassel-Calden Airport,Kassel,Germany,51.417273,9.384967
BRV,EDWB,Bremerhaven Airport,Bremerhaven,Germany,53.506943,8.572778
EME,EDWE,Emden Airport,Emden,Germany,53.391109,7.2275
WVN,EDWI,Wilhelmshaven-Mariensiel Airport,Wilhelmshaven,Germany,53.502220153808594,8.05222225189209
BMK,EDWR,Borkum Airport,Borkum,Germany,53.59639,6.709167
NRD,EDWY,Norderney Airport,Norderney,Germany,53.70694351196289,7.230000019073486
FLF,EDXF,Flensburg-Schäferhaus Airport,Flensburg,Germany,54.77333450317383,9.378889083862305
GWT,EDXW,Westerland Sylt Airport,Westerland,Germany,54.9132003784,8.34047031403
KDL,EEKA,Kärdla Airport,Kardla,Estonia,58.99079895019531,22.830699920654297
URE,EEKE,Kuressaare Airport,Kuressaare,Estonia,58.22990036010742,22.50950050354004
EPU,EEPU,Pärnu Airport,Parnu,Estonia,58.41899871826172,24.47279930114746
TLL,EETN,Lennart Meri Tallinn Airport,Tallinn-ulemiste International,Estonia,59.41329956049999,24.8327999115
TAY,EETU,Tartu Airport,Tartu,Estonia,58.3074989319,26.690399169900004
ENF,EFET,Enontekio Airport,Enontekio,Finland,68.362602233887,23.424299240112
KEV,EFHA,Halli Airport,Halli,Finland,61.856039,24.786686
HEM,EFHF,Helsinki Malmi Airport,Helsinki,Finland,60.25460052490234,25.042800903320312
HEL,EFHK,Helsinki Vantaa Airport,Helsinki,Finland,60.317199707031,24.963300704956
HYV,EFHV,Hyvinkää Airfield,Hyvinkaa,Finland,60.6543998718,24.8810997009
KTQ,EFIT,Kitee Airport,Kitee,Finland,62.1661,30.073601
IVL,EFIV,Ivalo Airport,Ivalo,Finland,68.607299804688,27.405300140381
JOE,EFJO,Joensuu Airport,Joensuu,Finland,62.662899017334,29.607500076294
JYV,EFJY,Jyvaskyla Airport,Jyvaskyla,Finland,62.399501800537,25.678300857544
KAU,EFKA,Kauhava Airport,Kauhava,Finland,63.127102,23.051399
KEM,EFKE,Kemi-Tornio Airport,Kemi,Finland,65.778701782227,24.582099914551
KAJ,EFKI,Kajaani Airport,Kajaani,Finland,64.285499572754,27.692399978638
KHJ,EFKJ,Kauhajoki Airport,Kauhajoki,Finland,62.4625015259,22.3931007385
KOK,EFKK,Kokkola-Pietarsaari Airport,Kruunupyy,Finland,63.721199035645,23.143100738525
KAO,EFKS,Kuusamo Airport,Kuusamo,Finland,65.987602233887,29.239400863647
KTT,EFKT,Kittilä Airport,Kittila,Finland,67.700996398926,24.846799850464
KUO,EFKU,Kuopio Airport,Kuopio,Finland,63.007099151611,27.797800064087
QLF,EFLA,Lahti Vesivehmaa Airport,Vesivehmaa,Finland,61.144199,25.693501
LPP,EFLP,Lappeenranta Airport,Lappeenranta,Finland,61.044601,28.144743
MHQ,EFMA,Mariehamn Airport,Mariehamn,Finland,60.122200012207,19.898199081421
MIK,EFMI,Mikkeli Airport,Mikkeli,Finland,61.6866,27.201799
OUL,EFOU,Oulu Airport,Oulu,Finland,64.930099487305,25.354600906372
POR,EFPO,Pori Airport,Pori,Finland,61.461700439453,21.799999237061
RVN,EFRO,Rovaniemi Airport,Rovaniemi,Finland,66.564796447754,25.830400466919
SVL,EFSA,Savonlinna Airport,Savonlinna,Finland,61.943099975586,28.945100784302
SOT,EFSO,Sodankyla Airport,Sodankyla,Finland,67.3949966431,26.6191005707
TMP,EFTP,Tampere-Pirkkala Airport,Tampere,Finland,61.414100646973,23.604400634766
TKU,EFTU,Turku Airport,Turku,Finland,60.514099121094,22.262800216675
UTI,EFUT,Utti Air Base,Utti,Finland,60.89640045166,26.938400268555
VAA,EFVA,Vaasa Airport,Vaasa,Finland,63.050701141357,21.762199401855
VRK,EFVR,Varkaus Airport,Varkaus,Finland,62.171100616455,27.868600845337
YLI,EFYL,Ylivieska Airfield,Ylivieska-raudaskyla,Finland,64.0547222,24.7252778
BFS,EGAA,Belfast International Airport,Belfast,United Kingdom,54.6575012207,-6.21582984924
ENK,EGAB,St Angelo Airport,Enniskillen,United Kingdom,54.39889907836914,-7.651669979095459
BHD,EGAC,George Best Belfast City Airport,Belfast,United Kingdom,54.61809921264648,-5.872499942779541
LDY,EGAE,City of Derry Airport,Londonderry,United Kingdom,55.04280090332031,-7.161109924316406
BHX,EGBB,Birmingham International Airport,Birmingham,United Kingdom,52.4538993835,-1.74802994728
CVT,EGBE,Coventry Airport,Coventry,United Kingdom,52.3697013855,-1.47971999645
GLO,EGBJ,Gloucestershire Airport,Golouchestershire,United Kingdom,51.89419937133789,-2.167220115661621
GBA,EGBP,Cotswold Airport,Pailton,United Kingdom,51.668095,-2.05694
MAN,EGCC,Manchester Airport,Manchester,United Kingdom,53.35369873046875,-2.2749500274658203
NQY,EGHQ,Newquay Cornwall Airport,Newquai,United Kingdom,50.44060134887695,-4.995409965515137
LYE,EGDL,RAF Lyneham,Lyneham,United Kingdom,51.5051,-1.99343
YEO,EGDY,RNAS Yeovilton,Yeovilton,United Kingdom,51.0093994140625,-2.638819932937622
HAW,EGFE,Haverfordwest Airport,Haverfordwest,United Kingdom,51.833099365234375,-4.9611101150512695
CWL,EGFF,Cardiff International Airport,Cardiff,United Kingdom,51.39670181274414,-3.343329906463623
SWS,EGFH,Swansea Airport,Swansea,United Kingdom,51.60530090332031,-4.0678300857543945
BRS,EGGD,Bristol Airport,Bristol,United Kingdom,51.382702,-2.71909
LPL,EGGP,Liverpool John Lennon Airport,Liverpool,United Kingdom,53.33359909057617,-2.849720001220703
LTN,EGGW,London Luton Airport,London,United Kingdom,51.874698638916016,-0.3683330118656158
PLH,EGHD,Plymouth City Airport,Plymouth,United Kingdom,50.422798,-4.10583
BOH,EGHH,Bournemouth Airport,Bournemouth,United Kingdom,50.77999877929688,-1.8424999713897705
SOU,EGHI,Southampton Airport,Southampton,United Kingdom,50.95029830932617,-1.3567999601364136
QLA,EGHL,Lasham Airport,Lasham,United Kingdom,51.187198638916016,-1.0334999561309814
ACI,EGJA,Alderney Airport,Alderney,Guernsey,49.706104,-2.21472
GCI,EGJB,Guernsey Airport,Guernsey,Guernsey,49.435001373291016,-2.601969957351685
JER,EGJJ,Jersey Airport,Jersey,Jersey,49.20790100097656,-2.195509910583496
ESH,EGKA,Shoreham Airport,Shoreham By Sea,United Kingdom,50.835602,-0.297222
BQH,EGKB,London Biggin Hill Airport,Biggin Hill,United Kingdom,51.33079910279999,0.0324999988079
LGW,EGKK,London Gatwick Airport,London,United Kingdom,51.148102,-0.190278
LCY,EGLC,London City Airport,London,United Kingdom,51.505299,0.055278
FAB,EGLF,Farnborough Airport,Farnborough,United Kingdom,51.2757987976,-0.776332974434
BBS,EGLK,Blackbushe Airport,Blackbushe,United Kingdom,51.32389831542969,-0.8475000262260437
LHR,EGLL,London Heathrow Airport,London,United Kingdom,51.4706,-0.461941
SEN,EGMC,Southend Airport,Southend,United Kingdom,51.5713996887207,0.6955559849739075
LYX,EGMD,Lydd Airport,Lydd,United Kingdom,50.95610046386719,0.939167022705078
MSE,EGMH,Kent International Airport,Manston,United Kingdom,51.342201,1.34611
CAX,EGNC,Carlisle Airport,Carlisle,United Kingdom,54.9375,-2.8091700077056885
BLK,EGNH,Blackpool International Airport,Blackpool,United Kingdom,53.77170181274414,-3.0286099910736084
HUY,EGNJ,Humberside Airport,Humberside,United Kingdom,53.57440185546875,-0.350832998752594
BWF,EGNL,Barrow Walney Island Airport,Barrow Island,United Kingdom,54.1286111,-3.2675
LBA,EGNM,Leeds Bradford Airport,Leeds,United Kingdom,53.86589813232422,-1.6605700254440308
WRT,EGNO,Warton Airport,Warton,United Kingdom,53.745098,-2.88306
CEG,EGNR,Hawarden Airport,Hawarden,United Kingdom,53.1781005859375,-2.977780103683472
IOM,EGNS,Isle of Man Airport,Isle Of Man,Isle of Man,54.08330154418945,-4.623889923095703
NCL,EGNT,Newcastle Airport,Newcastle,United Kingdom,55.03749847412109,-1.6916699409484863
MME,EGNV,Durham Tees Valley Airport,Teesside,United Kingdom,54.50920104980469,-1.4294099807739258
EMA,EGNX,East Midlands Airport,East Midlands,United Kingdom,52.8311004639,-1.32806003094
KOI,EGPA,Kirkwall Airport,Kirkwall,United Kingdom,58.957801818847656,-2.9049999713897705
LSI,EGPB,Sumburgh Airport,Sumburgh,United Kingdom,59.87889862060547,-1.295560002326965
WIC,EGPC,Wick Airport,Wick,United Kingdom,58.45890045166016,-3.09306001663208
ABZ,EGPD,Aberdeen Dyce Airport,Aberdeen,United Kingdom,57.20190048217773,-2.197779893875122
INV,EGPE,Inverness Airport,Inverness,United Kingdom,57.54249954223633,-4.047500133514404
GLA,EGPF,Glasgow International Airport,Glasgow,United Kingdom,55.8718986511,-4.43306016922
EDI,EGPH,Edinburgh Airport,Edinburgh,United Kingdom,55.95000076293945,-3.372499942779541
ILY,EGPI,Islay Airport,Islay,United Kingdom,55.68190002441406,-6.256669998168945
PIK,EGPK,Glasgow Prestwick Airport,Prestwick,United Kingdom,55.5093994140625,-4.586669921875
BEB,EGPL,Benbecula Airport,Benbecula,United Kingdom,57.48109817504883,-7.362780094146728
SCS,EGPM,Scatsta Airport,Scatsta,United Kingdom,60.43280029296875,-1.2961100339889526
DND,EGPN,Dundee Airport,Dundee,United Kingdom,56.45249938964844,-3.025830030441284
SYY,EGPO,Stornoway Airport,Stornoway,United Kingdom,58.215599060058594,-6.331110000610352
TRE,EGPU,Tiree Airport,Tiree,United Kingdom,56.49919891357422,-6.869170188903809
ADX,EGQL,RAF Leuchars,Leuchars,United Kingdom,56.37289810180664,-2.8684399127960205
LMO,EGQS,RAF Lossiemouth,Lossiemouth,United Kingdom,57.7052001953125,-3.339169979095459
CBG,EGSC,Cambridge Airport,Cambridge,United Kingdom,52.205002,0.175
NWI,EGSH,Norwich International Airport,Norwich,United Kingdom,52.6758003235,1.28278005123
STN,EGSS,London Stansted Airport,London,United Kingdom,51.8849983215,0.234999999404
EXT,EGTE,Exeter International Airport,Exeter,United Kingdom,50.73440170288086,-3.4138898849487305
FZO,EGTG,Bristol Filton Airport,Bristol,United Kingdom,51.5194015503,-2.59083008766
OXF,EGTK,Oxford (Kidlington) Airport,Oxford,United Kingdom,51.8368988037,-1.32000005245
BEX,EGUB,RAF Benson,Benson,United Kingdom,51.6164016724,-1.09582996368
LKZ,EGUL,RAF Lakenheath,Lakenheath,United Kingdom,52.4093017578,0.56099998951
MHZ,EGUN,RAF Mildenhall,Mildenhall,United Kingdom,52.36190032958984,0.486405998468399
QUY,EGUY,RAF Wyton,Wyton,United Kingdom,52.3572006226,-0.107832998037
FFD,EGVA,RAF Fairford,Fairford,United Kingdom,51.6822013855,-1.7900300025900002
BZZ,EGVN,RAF Brize Norton,Brize Norton,United Kingdom,51.75,-1.58362
ODH,EGVO,RAF Odiham,Odiham,United Kingdom,51.2341003418,-0.94282501936
NHT,EGWU,RAF Northolt,Northolt,United Kingdom,51.5530014038,-0.418166995049
QCY,EGXC,RAF Coningsby,Coningsby,United Kingdom,53.0929985046,-0.166014000773
BEQ,EGXH,RAF Honington,Honington,United Kingdom,52.34260177612305,0.7729390263557434
SQZ,EGXP,RAF Scampton,Scampton,United Kingdom,53.307800293,-0.550832986832
HRT,EGXU,RAF Linton-On-Ouse,Linton-on-ouse,United Kingdom,54.0489006042,-1.2527500391
WTN,EGXW,RAF Waddington,Waddington,United Kingdom,53.1661987305,-0.523810982704
KNF,EGYM,RAF Marham,Marham,United Kingdom,52.648395,0.550692
MPN,EGYP,Mount Pleasant Airport,Mount Pleasant,Falkland Islands,-51.82279968261719,-58.44720077514648
AMS,EHAM,Amsterdam Airport Schiphol,Amsterdam,Netherlands,52.308601,4.76389
MST,EHBK,Maastricht Aachen Airport,Maastricht,Netherlands,50.911701,5.77014
EIN,EHEH,Eindhoven Airport,Eindhoven,Netherlands,51.4500999451,5.37452983856
GRQ,EHGG,Eelde Airport,Groningen,Netherlands,53.1197013855,6.57944011688
GLZ,EHGR,Gilze Rijen Air Base,Gilze-rijen,Netherlands,51.56740188598633,4.931829929351807
DHR,EHKD,De Kooy Airport,De Kooy,Netherlands,52.92340087890625,4.780620098114014
LEY,EHLE,Lelystad Airport,Lelystad,Netherlands,52.4603,5.52722
LWR,EHLW,Leeuwarden Air Base,Leeuwarden,Netherlands,53.22859954833984,5.760560035705566
RTM,EHRD,Rotterdam The Hague Airport,Rotterdam,Netherlands,51.956902,4.43722
UTC,EHSB,Soesterberg Air Base,Soesterberg,Netherlands,52.1273002625,5.27618980408
ENS,EHTW,Twente Airport,Enschede,Netherlands,52.275833,6.889167
LID,EHVB,Valkenburg Naval Air Base,Valkenburg,Netherlands,52.1660995483,4.41794013977
WOE,EHWO,Woensdrecht Air Base,Woensdrecht,Netherlands,51.4491,4.34203
ORK,EICK,Cork Airport,Cork,Ireland,51.84130096435547,-8.491109848022461
GWY,EICM,Galway Airport,Galway,Ireland,53.300201416015625,-8.941590309143066
DUB,EIDW,Dublin Airport,Dublin,Ireland,53.421299,-6.27007
NOC,EIKN,Ireland West Knock Airport,Connaught,Ireland,53.910301208496094,-8.818490028381348
KIR,EIKY,Kerry Airport,Kerry,Ireland,52.18090057373047,-9.52377986907959
SNN,EINN,Shannon Airport,Shannon,Ireland,52.702,-8.92482
SXL,EISG,Sligo Airport,Sligo,Ireland,54.280200958252,-8.5992097854614
WAT,EIWF,Waterford Airport,Waterford,Ireland,52.187198638916016,-7.086959838867188
AAR,EKAH,Aarhus Airport,Aarhus,Denmark,56.2999992371,10.619000434899998
BLL,EKBI,Billund Airport,Billund,Denmark,55.7402992249,9.15178012848
CPH,EKCH,Copenhagen Kastrup Airport,Copenhagen,Denmark,55.617900848389,12.656000137329
EBJ,EKEB,Esbjerg Airport,Esbjerg,Denmark,55.525902,8.5534
KRP,EKKA,Karup Airport,Karup,Denmark,56.29750061035156,9.124629974365234
BYR,EKLS,Læsø Airport,Laeso,Denmark,57.27719879150391,11.000100135803224
MRW,EKMB,Lolland Falster Maribo Airport,Maribo,Denmark,54.699299,11.4401
ODE,EKOD,Odense Airport,Odense,Denmark,55.47669982910156,10.330900192260742
RKE,EKRK,Copenhagen Roskilde Airport,Copenhagen,Denmark,55.58560180664063,12.131400108337402
RNN,EKRN,Bornholm Airport,Ronne,Denmark,55.06330108642578,14.759599685668944
SGD,EKSB,Sønderborg Airport,Soenderborg,Denmark,54.96440124511719,9.791729927062988
SKS,EKSP,Skrydstrup Air Base,Skrydstrup,Denmark,55.221048,9.26702
SQW,EKSV,Skive Airport,Skive,Denmark,56.550201416015625,9.172980308532717
TED,EKTS,Thisted Airport,Thisted,Denmark,57.06880187988281,8.705220222473145
FAE,EKVG,Vagar Airport,Vagar,Faroe Islands,62.0635986328125,-7.277219772338867
STA,EKVJ,Stauning Airport,Stauning,Denmark,55.9901008605957,8.353910446166992
AAL,EKYT,Aalborg Airport,Aalborg,Denmark,57.0927589138,9.84924316406
LUX,ELLX,Luxembourg-Findel International Airport,Luxemburg,Luxembourg,49.6233333,6.2044444
AES,ENAL,Ålesund Airport,Alesund,Norway,62.5625,6.119699954986572
ANX,ENAN,Andøya Airport,Andoya,Norway,69.292503356934,16.144199371338
ALF,ENAT,Alta Airport,Alta,Norway,69.976097106934,23.371700286865
BNN,ENBN,Brønnøysund Airport,Bronnoysund,Norway,65.461097717285,12.217499732971
BOO,ENBO,Bodø Airport,Bodo,Norway,67.26920318603516,14.365300178527832
BGO,ENBR,Bergen Airport Flesland,Bergen,Norway,60.29339981,5.218140125
BJF,ENBS,Båtsfjord Airport,Batsfjord,Norway,70.60050201416,29.691400527954
KRS,ENCN,Kristiansand Airport,Kristiansand,Norway,58.204201,8.08537
DLD,ENDI,Geilo Airport Dagali,Geilo,Norway,60.41730117797852,8.518349647521973
BDU,ENDU,Bardufoss Airport,Bardufoss,Norway,69.055801391602,18.540399551392
EVE,ENEV,"Harstad/Narvik Airport, Evenes",Harstad/Narvik,Norway,68.491302490234,16.678100585938
VDB,ENFG,Leirin Airport,Fagernes,Norway,61.015598297119,9.2880601882935
FRO,ENFL,Florø Airport,Floro,Norway,61.583599090576,5.0247201919556
OSL,ENGM,Oslo Lufthavn,Oslo,Norway,60.121,11.0502
HAU,ENHD,Haugesund Airport,Haugesund,Norway,59.34529876709,5.2083601951599
HAA,ENHK,Hasvik Airport,Hasvik,Norway,70.486701965332,22.139699935913
KSU,ENKB,Kristiansund Airport (Kvernberget),Kristiansund,Norway,63.111801147461,7.824520111084
KKN,ENKR,Kirkenes Airport (Høybuktmoen),Kirkenes,Norway,69.725799560547,29.891300201416
FAN,ENLI,Lista Airport,Farsund,Norway,58.0994987487793,6.626049995422363
MOL,ENML,Molde Airport,Molde,Norway,62.744701385498,7.2624998092651
MJF,ENMS,Mosjøen Airport (Kjærstad),Mosjoen,Norway,65.783996582031,13.214900016785
LKL,ENNA,Banak Airport,Lakselv,Norway,70.068801879883,24.973499298096
NTB,ENNO,Notodden Airport,Notodden,Norway,59.565701,9.21222
OLA,ENOL,Ørland Airport,Orland,Norway,63.69889831542969,9.604000091552734
RRS,ENRO,Røros Airport,Roros,Norway,62.578399658203,11.342300415039
RYG,ENRY,"Moss Airport, Rygge",Rygge,Norway,59.378817,10.785439
LYR,ENSB,"Svalbard Airport, Longyear",Svalbard,Norway,78.246101379395,15.465600013733
SKE,ENSN,Skien Airport,Skien,Norway,59.185001373291016,9.566940307617188
SRP,ENSO,Stord Airport,Stord,Norway,59.791900634765625,5.340849876403809
SSJ,ENST,Sandnessjøen Airport (Stokka),Sandnessjoen,Norway,65.956802368164,12.468899726868
TOS,ENTC,"Tromsø Airport,",Tromso,Norway,69.68329620361328,18.91889953613281
TRF,ENTO,"Sandefjord Airport, Torp",Sandefjord,Norway,59.1866989136,10.258600235
TRD,ENVA,Trondheim Airport Værnes,Trondheim,Norway,63.4578018,10.9239998
SVG,ENZV,Stavanger Airport Sola,Stavanger,Norway,58.876701354,5.6377801895
GDN,EPGD,Gdańsk Lech Wałęsa Airport,Gdansk,Poland,54.37760162353516,18.46619987487793
KRK,EPKK,Kraków John Paul II International Airport,Krakow,Poland,50.077702,19.7848
KTW,EPKT,Katowice International Airport,Katowice,Poland,50.4743,19.08
POZ,EPPO,Poznań-Ławica Airport,Poznan,Poland,52.4210014343,16.8262996674
RZE,EPRZ,Rzeszów-Jasionka Airport,Rzeszow,Poland,50.1100006104,22.0189990997
SZZ,EPSC,"Szczecin-Goleniów ""Solidarność"" Airport",Szczecin,Poland,53.584701538100006,14.9021997452
OSP,EPSK,Redzikowo Air Base,Slupsk,Poland,54.47890090942383,17.107500076293945
WAW,EPWA,Warsaw Chopin Airport,Warsaw,Poland,52.1656990051,20.9671001434
WRO,EPWR,Copernicus Wrocław Airport,Wroclaw,Poland,51.1026992798,16.885799408
IEG,EPZG,Zielona Góra-Babimost Airport,Zielona Gora,Poland,52.1385002136,15.7986001968
RNB,ESDF,Ronneby Airport,Ronneby,Sweden,56.266700744629,15.265000343323
GOT,ESGG,Gothenburg-Landvetter Airport,Gothenborg,Sweden,57.662799835205,12.279800415039
JKG,ESGJ,Jönköping Airport,Joenkoeping,Sweden,57.757598876953125,14.068699836730955
LDK,ESGL,Lidköping-Hovby Airport,Lidkoping,Sweden,58.4655,13.1744
GSE,ESGP,Gothenburg City Airport,Gothenborg,Sweden,57.7747,11.8704
KVB,ESGR,Skövde Airport,Skovde,Sweden,58.45640182495117,13.972700119018556
THN,ESGT,Trollhättan-Vänersborg Airport,Trollhattan,Sweden,58.31809997558594,12.345000267028809
KSK,ESKK,Karlskoga Airport,Karlskoga,Sweden,59.34590148925781,14.49590015411377
MXX,ESKM,Mora Airport,Mora,Sweden,60.957901,14.5114
NYO,ESKN,Stockholm Skavsta Airport,Stockholm,Sweden,58.78860092163086,16.912200927734375
KID,ESMK,Kristianstad Airport,Kristianstad,Sweden,55.92169952392578,14.08549976348877
OSK,ESMO,Oskarshamn Airport,Oskarshamn,Sweden,57.350498,16.497999
KLR,ESMQ,Kalmar Airport,Kalkmar,Sweden,56.68550109863281,16.287599563598633
MMX,ESMS,Malmö Sturup Airport,Malmoe,Sweden,55.536305364,13.3761978149
HAD,ESMT,Halmstad Airport,Halmstad,Sweden,56.69110107421875,12.820199966430664
VXO,ESMX,Växjö Kronoberg Airport,Vaxjo,Sweden,56.92910003662109,14.727999687194824
EVG,ESND,Sveg Airport,Sveg,Sweden,62.04779815673828,14.422900199890137
GEV,ESNG,Gällivare Airport,Gallivare,Sweden,67.13240051269531,20.814599990844727
HUV,ESNH,Hudiksvall Airport,Hudiksvall,Sweden,61.7681007385,17.0806999207
KRF,ESNK,Kramfors Sollefteå Airport,Kramfors,Sweden,63.04859924316406,17.76889991760254
LYC,ESNL,Lycksele Airport,Lycksele,Sweden,64.54830169677734,18.71619987487793
SDL,ESNN,Sundsvall-Härnösand Airport,Sundsvall,Sweden,62.528099060058594,17.443899154663086
OER,ESNO,Örnsköldsvik Airport,Ornskoldsvik,Sweden,63.40829849243164,18.989999771118164
KRN,ESNQ,Kiruna Airport,Kiruna,Sweden,67.821998596191,20.336799621582
SFT,ESNS,Skellefteå Airport,Skelleftea,Sweden,64.62480163574219,21.07690048217773
UME,ESNU,Umeå Airport,Umea,Sweden,63.791801452637,20.282800674438
VHM,ESNV,Vilhelmina Airport,Vilhelmina,Sweden,64.5791015625,16.833599090576172
AJR,ESNX,Arvidsjaur Airport,Arvidsjaur,Sweden,65.59030151367188,19.28190040588379
ORB,ESOE,Örebro Airport,Orebro,Sweden,59.22370147705078,15.038000106811523
VST,ESOW,Stockholm Västerås Airport,Vasteras,Sweden,59.58940124511719,16.63360023498535
LLA,ESPA,Luleå Airport,Lulea,Sweden,65.543800354004,22.121999740601
ARN,ESSA,Stockholm-Arlanda Airport,Stockholm,Sweden,59.651901245117,17.918600082397
BMA,ESSB,Stockholm-Bromma Airport,Stockholm,Sweden,59.354400634765625,17.941699981689453
BLE,ESSD,Borlange Airport,Borlange,Sweden,60.422000885009766,15.515199661254885
HLF,ESSF,Hultsfred Airport,Hultsfred,Sweden,57.525799,15.8233
GVX,ESSK,Gävle Sandviken Airport,Gavle,Sweden,60.593299865722656,16.951400756835938
LPI,ESSL,Linköping City Airport,Linkoeping,Sweden,58.4062004089,15.6805000305
NRK,ESSP,Norrköping Airport,Norrkoeping,Sweden,58.58629989624024,16.250600814819336
EKT,ESSU,Eskilstuna Airport,Eskilstuna,Sweden,59.35110092163086,16.70840072631836
VBY,ESSV,Visby Airport,Visby,Sweden,57.662799835205,18.346200942993
SPM,ETAD,Spangdahlem Air Base,Spangdahlem,Germany,49.9726982117,6.69250011444
RMS,ETAR,Ramstein Air Base,Ramstein,Germany,49.4369010925293,7.600279808044434
GHF,ETEU,[Duplicate] Giebelstadt Army Air Field,Giebelstadt,Germany,49.6481018066,9.966489791870002
ZCN,ETHC,Celle Airport,Celle,Germany,52.59120178222656,10.022100448608398
FRZ,ETHF,Fritzlar Airport,Fritzlar,Germany,51.1146,9.286
ZNF,ETID,Hanau Army Air Field,Hanau,Germany,50.169201,8.96159
KZG,ETIN,Flugplatz Kitzingen,Kitzingen,Germany,49.743099,10.2006
FCN,ETMN,Nordholz Naval Airbase,Nordholz,Germany,53.7677001953,8.658499717709999
GKE,ETNG,Geilenkirchen Air Base,Geilenkirchen,Germany,50.9608,6.04242
RLG,ETNL,Rostock-Laage Airport,Laage,Germany,53.9182014465,12.2783002853
WBG,ETNS,Schleswig Air Base,Schleswig,Germany,54.459301,9.51633
WIE,ETOU,Wiesbaden Army Airfield,Wiesbaden,Germany,50.049800872802734,8.325400352478027
FEL,ETSF,Fürstenfeldbruck Air Base,Fuerstenfeldbruck,Germany,48.205555,11.266944
IGS,ETSI,Ingolstadt Manching Airport,Ingolstadt,Germany,48.7156982421875,11.534000396728516
GUT,ETUO,Gütersloh Air Base,Guetersloh,Germany,51.922798,8.30633
ALJ,FAAB,Alexander Bay Airport,Alexander Bay,South Africa,-28.575001,16.5333
AGZ,FAAG,Aggeneys Airport,Aggeneys,South Africa,-29.28179931640625,18.813899993896484
BIY,FABE,Bisho Airport,Bisho,South Africa,-32.8970985413,27.2791004181
BFN,FABL,Bram Fischer International Airport,Bloemfontein,South Africa,-29.0926990509,26.302400589
CPT,FACT,Cape Town International Airport,Cape Town,South Africa,-33.9648017883,18.6016998291
DUR,FALE,King Shaka International Airport,Durban,South Africa,-29.6144444444,31.1197222222
ELS,FAEL,Ben Schoeman Airport,East London,South Africa,-33.0355987549,27.8258991241
FCB,FAFB,Ficksburg Sentraoes Airport,Ficksburg,South Africa,-28.82309913635254,27.908899307250977
GCJ,FAGC,Grand Central Airport,Johannesburg,South Africa,-25.986299514799995,28.1401004791
GRJ,FAGG,George Airport,George,South Africa,-34.0056,22.378902
HRS,FAHR,Harrismith Airport,Harrismith,South Africa,-28.23509979248047,29.106199264526367
HDS,FAHS,Hoedspruit Air Force Base Airport,Hoedspruit,South Africa,-24.3686008453,31.0487003326
JNB,FAOR,OR Tambo International Airport,Johannesburg,South Africa,-26.1392,28.246
KXE,FAKD,P C Pelser Airport,Klerksdorp,South Africa,-26.8710994720459,26.718000411987305
KIM,FAKM,Kimberley Airport,Kimberley,South Africa,-28.802799224900003,24.7651996613
KMH,FAKU,Johan Pienaar Airport,Kuruman,South Africa,-27.45669937133789,23.411399841308597
KLZ,FAKZ,Kleinsee Airport,Kleinsee,South Africa,-29.6884002686,17.093999862700002
HLA,FALA,Lanseria Airport,Johannesburg,South Africa,-25.9384994507,27.9260997772
SDB,FALW,Langebaanweg Airport,Langebaanweg,South Africa,-32.9688987732,18.1602993011
LAY,FALY,Ladysmith Airport,Ladysmith,South Africa,-28.5816993713,29.7497005463
MGH,FAMG,Margate Airport,Margate,South Africa,-30.8574008942,30.343000412
LLE,FAMN,Riverside Airport,Malalane,South Africa,-25.4300003052,31.5767002106
MZQ,FAMU,Mkuze Airport,Mkuze,South Africa,-27.626100540161133,32.0443000793457
NCS,FANC,Newcastle Airport,Newcastle,South Africa,-27.7705993652,29.9769001007
OVG,FAOB,Overberg Airport,Overberg,South Africa,-34.554901123,20.250699996900003
OUH,FAOH,Oudtshoorn Airport,Oudtshoorn,South Africa,-33.6069984436,22.188999176
PLZ,FAPE,Port Elizabeth Airport,Port Elizabeth,South Africa,-33.9849014282,25.6173000336
PBZ,FAPG,Plettenberg Bay Airport,Plettenberg Bay,South Africa,-34.0881601675,23.3287234306
PHW,FAPH,Hendrik Van Eck Airport,Phalaborwa,South Africa,-23.9372005463,31.1553993225
JOH,FAPJ,Port St Johns Airport,Port Saint Johns,South Africa,-31.605899810791016,29.519800186157227
PZB,FAPM,Pietermaritzburg Airport,Pietermaritzburg,South Africa,-29.6490001678,30.3987007141
NTY,FAPN,Pilanesberg International Airport,Pilanesberg,South Africa,-25.3337993622,27.173400878900004
PTG,FAPP,Polokwane International Airport,Potgietersrus,South Africa,-23.845269,29.458615
PCF,FAPS,Potchefstroom Airport,Potchefstroom,South Africa,-26.670999527,27.0818996429
UTW,FAQT,Queenstown Airport,Queenstown,South Africa,-31.92020034790039,26.882200241088867
RCB,FARB,Richards Bay Airport,Richard's Bay,South Africa,-28.740999221800003,32.0920982361
ROD,FARS,Robertson Airport,Robertson,South Africa,-33.812198638916016,19.90279960632324
SBU,FASB,Springbok Airport,Springbok,South Africa,-29.68930053710937,17.939599990844727
ZEC,FASC,Secunda Airport,Secunda,South Africa,-26.52409935,29.1700992584
SIS,FASS,Sishen Airport,Sishen,South Africa,-27.6485996246,22.9993000031
SZK,FASZ,Skukuza Airport,Skukuza,South Africa,-24.960899353,31.5886993408
LTA,FATZ,Tzaneen Airport,Tzaneen,South Africa,-23.8243999481,30.3292999268
ULD,FAUL,Prince Mangosuthu Buthelezi Airport,Ulundi,South Africa,-28.3206005096,31.4165000916
UTN,FAUP,Pierre Van Ryneveld Airport,Upington,South Africa,-28.39909935,21.2602005005
UTT,FAUT,K. D. Matanzima Airport,Umtata,South Africa,-31.5463631849,28.6733551025
VRU,FAVB,Vryburg Airport,Vryburg,South Africa,-26.9824008942,24.7287998199
VIR,FAVG,Virginia Airport,Durban,South Africa,-29.77059936523437,31.058399200439453
VRE,FAVR,Vredendal Airport,Vredendal,South Africa,-31.641000747680664,18.5447998046875
PRY,FAWB,Wonderboom Airport,Pretoria,South Africa,-25.6539,28.224199
WKF,FAWK,Waterkloof Air Force Base,Waterkloof,South Africa,-25.8299999237,28.2224998474
FRW,FBFT,Francistown Airport,Francistown,Botswana,-21.15959930419922,27.47450065612793
JWA,FBJW,Jwaneng Airport,Jwaneng,Botswana,-24.6023006439209,24.69099998474121
BBK,FBKE,Kasane Airport,Kasane,Botswana,-17.83289909362793,25.162399291992188
MUB,FBMN,Maun Airport,Maun,Botswana,-19.97260093688965,23.431100845336918
GBE,FBSK,Sir Seretse Khama International Airport,Gaberone,Botswana,-24.555201,25.9182
PKW,FBSP,Selebi Phikwe Airport,Selebi-phikwe,Botswana,-22.0583,27.8288
BZV,FCBB,Maya-Maya Airport,Brazzaville,Congo (Brazzaville),-4.251699924468994,15.253000259399414
FTX,FCOO,Owando Airport,Owando,Congo (Kinshasa),-0.5313500165939331,15.95009994506836
OUE,FCOU,Ouesso Airport,Ouesso,Congo (Kinshasa),1.6159900426899998,16.0379009247
PNR,FCPP,Pointe Noire Airport,Pointe-noire,Congo (Brazzaville),-4.816030025482178,11.88659954071045
MTS,FDMS,Matsapha Airport,Manzini,Swaziland,-26.52899932861328,31.3075008392334
BGF,FEFF,Bangui M'Poko International Airport,Bangui,Central African Republic,4.39847993850708,18.518800735473636
BBT,FEFT,Berbérati Airport,Berberati,Central African Republic,4.221580028533936,15.786399841308594
BSG,FGBT,Bata Airport,Bata,Equatorial Guinea,1.9054700136184688,9.80568027496338
SSG,FGSL,Malabo Airport,Malabo,Equatorial Guinea,3.755270004272461,8.708720207214355
ASI,FHAW,RAF Ascension Island,Wide Awake,Saint Helena,-7.9696,-14.3937
MRU,FIMP,Sir Seewoosagur Ramgoolam International Airport,Plaisance,Mauritius,-20.430201,57.683601
RRG,FIMR,Sir Charles Gaetan Duval Airport,Rodriguez Island,Mauritius,-19.7577,63.361
NKW,FJDG,Diego Garcia Naval Support Facility,Diego Garcia Island,British Indian Ocean Territory,-7.31327,72.411102
TKC,FKKC,Tiko Airport,Tiko,Cameroon,4.08919000626,9.3605298996
DLA,FKKD,Douala International Airport,Douala,Cameroon,4.0060801506,9.71947956085
MVR,FKKL,Salak Airport,Maroua,Cameroon,10.45139980316162,14.257399559020996
FOM,FKKM,Foumban Nkounja Airport,Foumban,Cameroon,5.636919975280762,10.750800132751465
NGE,FKKN,N'Gaoundéré Airport,N'gaoundere,Cameroon,7.357009887695312,13.559200286865234
GOU,FKKR,Garoua International Airport,Garoua,Cameroon,9.33588981628418,13.370100021362305
BFX,FKKU,Bafoussam Airport,Bafoussam,Cameroon,5.536920070650001,10.3545999527
BPC,FKKV,Bamenda Airport,Bamenda,Cameroon,6.039239883422852,10.122599601745604
YAO,FKKY,Yaoundé Airport,Yaounde,Cameroon,3.8360400199890137,11.523500442504885
CGJ,FLKE,Kasompe Airport,Kasompe,Zambia,-12.572799682617,27.893899917603
LVI,FLLI,Livingstone Airport,Livingstone,Zambia,-17.821800231933594,25.82270050048828
LUN,FLLS,Kenneth Kaunda International Airport Lusaka,Lusaka,Zambia,-15.3308000565,28.4526004791
MFU,FLMF,Mfuwe Airport,Mfuwe,Zambia,-13.258899688720703,31.936599731445312
MNR,FLMG,Mongu Airport,Mongu,Zambia,-15.25450038909912,23.16230010986328
NLA,FLND,Simon Mwansa Kapwepwe International Airport,Ndola,Zambia,-12.998100280762,28.66489982605
KIW,FLSO,Southdowns Airport,Southdowns,Zambia,-12.900500297546388,28.149900436401367
HAH,FMCH,Prince Said Ibrahim International Airport,Moroni,Comoros,-11.5337,43.2719
NWA,FMCI,Mohéli Bandar Es Eslam Airport,Moheli,Comoros,-12.298100471496582,43.76639938354492
AJN,FMCV,Ouani Airport,Anjouan,Comoros,-12.131699562072754,44.430301666259766
DZA,FMCZ,Dzaoudzi Pamandzi International Airport,Dzaoudzi,Mayotte,-12.804699897766112,45.28110122680664
RUN,FMEE,Roland Garros Airport,St.-denis,Reunion,-20.88710021972656,55.51029968261719
ZSE,FMEP,Pierrefonds Airport,St.-pierre,Reunion,-21.320899963378903,55.42499923706055
TNR,FMMI,Ivato Airport,Antananarivo,Madagascar,-18.7969,47.478802
ZVA,FMMN,Miandrivazo Airport,Miandrivazo,Madagascar,-19.56279945373535,45.450801849365234
SMS,FMMS,Sainte Marie Airport,Sainte Marie,Madagascar,-17.093900680541992,49.815799713134766
TMM,FMMT,Toamasina Airport,Toamasina,Madagascar,-18.10950088500977,49.39250183105469
MOQ,FMMV,Morondava Airport,Morondava,Madagascar,-20.28470039367676,44.31760025024414
DIE,FMNA,Arrachart Airport,Antsiranana,Madagascar,-12.34939956665039,49.29169845581055
WMR,FMNC,Mananara Nord Airport,Mananara,Madagascar,-16.16390037536621,49.77379989624024
ZWA,FMND,Andapa Airport,Andapa,Madagascar,-14.651700019836426,49.620601654052734
AMB,FMNE,Ambilobe Airport,Ambilobe,Madagascar,-13.188400268554688,48.98799896240234
ANM,FMNH,Antsirabato Airport,Antalaha,Madagascar,-14.99940013885498,50.3202018737793
HVA,FMNL,Analalava Airport,Analalava,Madagascar,-14.62969970703125,47.76380157470703
MJN,FMNM,Amborovy Airport,Mahajanga,Madagascar,-15.6668417421,46.3512325287
NOS,FMNN,Fascene Airport,Nosy-be,Madagascar,-13.3121004105,48.3148002625
BPY,FMNQ,Besalampy Airport,Besalampy,Madagascar,-16.744530296500002,44.4824838638
WMN,FMNR,Maroantsetra Airport,Maroantsetra,Madagascar,-15.436699867248535,49.68830108642578
SVB,FMNS,Sambava Airport,Sambava,Madagascar,-14.278599739074709,50.17470169067383
VOH,FMNV,Vohimarina Airport,Vohemar,Madagascar,-13.375800132751465,50.00279998779297
WAI,FMNW,Ambalabe Airport,Antsohihy,Madagascar,-14.898799896240234,47.993900299072266
IVA,FMNZ,Ampampamena Airport,Ampampamena,Madagascar,-13.484816,48.632702
FTU,FMSD,Tôlanaro Airport,Tolagnaro,Madagascar,-25.03809928894043,46.95610046386719
WFI,FMSF,Fianarantsoa Airport,Fianarantsoa,Madagascar,-21.441600799560547,47.111698150634766
RVA,FMSG,Farafangana Airport,Farafangana,Madagascar,-22.805299758911133,47.82059860229492
WVK,FMSK,Manakara Airport,Manakara,Madagascar,-22.11969947814941,48.02170181274414
MNJ,FMSM,Mananjary Airport,Mananjary,Madagascar,-21.201799392700195,48.35829925537109
MXM,FMSR,Morombe Airport,Morombe,Madagascar,-21.7539005279541,43.3754997253418
TLE,FMST,Toliara Airport,Toliara,Madagascar,-23.383399963378903,43.72850036621094
SSY,FNBC,Mbanza Congo Airport,M'banza-congo,Angola,-6.269899845123291,14.246999740600586
BUG,FNBG,Benguela Airport,Benguela,Angola,-12.609000206,13.4036998749
CAB,FNCA,Cabinda Airport,Cabinda,Angola,-5.59699010848999,12.188400268554688
NOV,FNHU,Nova Lisboa Airport,Huambo,Angola,-12.808899879455566,15.760499954223633
SVP,FNKU,Kuito Airport,Kuito,Angola,-12.404600143433,16.947399139404
LAD,FNLU,Quatro de Fevereiro Airport,Luanda,Angola,-8.85837,13.2312
MEG,FNMA,Malanje Airport,Malanje,Angola,-9.525090217590332,16.312400817871094
SPP,FNME,Menongue Airport,Menongue,Angola,-14.657600402832031,17.71980094909668
GXG,FNNG,Negage Airport,Negage,Angola,-7.754509925842285,15.287699699401855
PBN,FNPA,Porto Amboim Airport,Porto Amboim,Angola,-10.722000122070312,13.76550006866455
VHC,FNSA,Saurimo Airport,Saurimo,Angola,-9.689069747924805,20.431900024414062
SZA,FNSO,Soyo Airport,Soyo,Angola,-6.141089916229248,12.371800422668455
SDD,FNUB,Lubango Airport,Lubango,Angola,-14.924699783325195,13.574999809265137
LUO,FNUE,Luena Airport,Luena,Angola,-11.768099784851074,19.8976993560791
UGO,FNUG,Uige Airport,Uige,Angola,-7.60306978225708,15.027799606323242
XGN,FNXA,Xangongo Airport,Xangongo,Angola,-16.755399703979492,14.965299606323242
OYE,FOGO,Oyem Airport,Oyem,Gabon,1.5431100130081177,11.58139991760254
OKN,FOGQ,Okondja Airport,Okondja,Gabon,-0.6652140021324158,13.673100471496582
LBQ,FOGR,Lambarene Airport,Lambarene,Gabon,-0.7043889760971069,10.245699882507324
BMM,FOOB,Bitam Airport,Bitam,Gabon,2.0756399631500244,11.493200302124023
POG,FOOG,Port Gentil Airport,Port Gentil,Gabon,-0.7117390036582947,8.754380226135254
OMB,FOOH,Omboue Hopital Airport,Omboue Hospial,Gabon,-1.5747300386428833,9.262689590454102
MKU,FOOK,Makokou Airport,Makokou,Gabon,0.5792109966278076,12.890899658203123
LBV,FOOL,Libreville Leon M'ba International Airport,Libreville,Gabon,0.458600014448,9.4122800827
MVB,FOON,M'Vengue El Hadj Omar Bongo Ondimba International Airport,Franceville,Gabon,-1.6561599969863892,13.437999725341797
PCP,FPPR,Principe Airport,Principe,Sao Tome and Principe,1.6629400253295898,7.411739826202393
TMS,FPST,São Tomé International Airport,Sao Tome,Sao Tome and Principe,0.3781749904155731,6.712150096893311
BEW,FQBR,Beira Airport,Beira,Mozambique,-19.79640007019043,34.90760040283203
INH,FQIN,Inhambane Airport,Inhambane,Mozambique,-23.876399993896484,35.40850067138672
VXC,FQLC,Lichinga Airport,Lichinga,Mozambique,-13.274,35.2663
LFB,FQLU,Lumbo Airport,Lumbo,Mozambique,-15.0331001282,40.6716995239
MPM,FQMA,Maputo Airport,Maputo,Mozambique,-25.920799,32.572601
MUD,FQMD,Mueda Airport,Mueda,Mozambique,-11.672900199890137,39.5630989074707
MZB,FQMP,Mocímboa da Praia Airport,Mocimboa Da Praia,Mozambique,-11.36180019378662,40.35490036010742
MNC,FQNC,Nacala Airport,Nacala,Mozambique,-14.488200187683104,40.71220016479492
APL,FQNP,Nampula Airport,Nampula,Mozambique,-15.105600357055664,39.28179931640625
POL,FQPB,Pemba Airport,Pemba,Mozambique,-12.991762161254885,40.52401351928711
UEL,FQQL,Quelimane Airport,Quelimane,Mozambique,-17.855499267578125,36.86909866333008
TET,FQTT,Chingozi Airport,Tete,Mozambique,-16.104799270629883,33.64020156860352
VNX,FQVL,Vilankulo Airport,Vilankulu,Mozambique,-22.018400192260746,35.31330108642578
DES,FSDR,Desroches Airport,Desroches,Seychelles,-5.6967,53.6558
SEZ,FSIA,Seychelles International Airport,Mahe,Seychelles,-4.67434,55.521801
PRI,FSPP,Praslin Airport,Praslin,Seychelles,-4.3192901611328125,55.69139862060547
AEH,FTTC,Abeche Airport,Abeche,Chad,13.847000122070312,20.84429931640625
MQQ,FTTD,Moundou Airport,Moundou,Chad,8.624409675598145,16.071399688720703
NDJ,FTTJ,N'Djamena International Airport,N'djamena,Chad,12.1337,15.034
FYT,FTTY,Faya Largeau Airport,Faya-largeau,Chad,17.91710090637207,19.111099243164062
BUQ,FVBU,Joshua Mqabuko Nkomo International Airport,Bulawayo,Zimbabwe,-20.017401,28.617901
BFO,FVCZ,Buffalo Range Airport,Chiredzi,Zimbabwe,-21.008101,31.5786
VFA,FVFA,Victoria Falls International Airport,Victoria Falls,Zimbabwe,-18.09589958190918,25.839000701904297
HRE,FVHA,Robert Gabriel Mugabe International Airport,Harare,Zimbabwe,-17.931801,31.0928
KAB,FVKB,Kariba International Airport,Kariba,Zimbabwe,-16.519800186157227,28.88500022888184
UTA,FVMU,Mutare Airport,Mutare,Zimbabwe,-18.997499465942,32.627201080322
MVZ,FVMV,Masvingo International Airport,Masvingo,Zimbabwe,-20.055299758911133,30.859100341796875
GWE,FVTL,Thornhill Air Base,Gwert,Zimbabwe,-19.436399459838867,29.861900329589844
HWN,FVWN,Hwange National Park Airport,Hwange National Park,Zimbabwe,-18.62989997863769,27.020999908447266
BLZ,FWCL,Chileka International Airport,Blantyre,Malawi,-15.679100036621094,34.9739990234375
KGJ,FWKA,Karonga Airport,Karonga,Malawi,-9.953570365905762,33.893001556396484
KBQ,FWKG,Kasungu Airport,Kasungu,Malawi,-13.014599800109863,33.46860122680664
LLW,FWKI,Lilongwe International Airport,Lilongwe,Malawi,-13.7894001007,33.78099823
ZZU,FWUU,Mzuzu Airport,Mzuzu,Malawi,-11.444700241088867,34.01179885864258
MSU,FXMM,Moshoeshoe I International Airport,Maseru,Lesotho,-29.462299346923828,27.552499771118164
FIH,FZAA,Ndjili International Airport,Kinshasa,Congo (Kinshasa),-4.38575,15.4446
NLO,FZAB,Ndolo Airport,Kinshasa,Congo (Kinshasa),-4.32666015625,15.327500343323
MNB,FZAG,Muanda Airport,Muanda,Congo (Kinshasa),-5.9308600425720215,12.351799964904783
FDU,FZBO,Bandundu Airport,Bandoundu,Congo (Kinshasa),-3.3113200664520264,17.38170051574707
KKW,FZCA,Kikwit Airport,Kikwit,Congo (Kinshasa),-5.035769939422607,18.785600662231445
MDK,FZEA,Mbandaka Airport,Mbandaka,Congo (Kinshasa),0.0226000007242,18.2887001038
BDT,FZFD,Gbadolite Airport,Gbadolite,Congo (Kinshasa),4.253210067749023,20.97529983520508
GMA,FZFK,Gemena Airport,Gemena,Congo (Kinshasa),3.23536992073,19.7712993622
KLI,FZFP,Kotakoli Airport,Kotakoli,Congo (Kinshasa),4.157639980316162,21.65089988708496
LIQ,FZGA,Lisala Airport,Lisala,Congo (Kinshasa),2.17066,21.496901
FKI,FZIC,Bangoka International Airport,Kisangani,Congo (Kinshasa),0.481638997793,25.3379993439
IRP,FZJH,Matari Airport,Isiro,Congo (Kinshasa),2.8276100158691406,27.58830070495605
BUX,FZKA,Bunia Airport,Bunia,Congo (Kinshasa),1.5657199621200562,30.220800399780277
BZU,FZKJ,Buta Zega Airport,Buta Zega,Congo (Kinshasa),2.818350076675415,24.793699264526367
BKY,FZMA,Bukavu Kavumu Airport,Bukavu/kavumu,Congo (Kinshasa),-2.3089799880981445,28.808799743652344
GOM,FZNA,Goma International Airport,Goma,Congo (Kinshasa),-1.670809984207153,29.238500595092773
KND,FZOA,Kindu Airport,Kindu,Congo (Kinshasa),-2.91917991638,25.9153995514
FBM,FZQA,Lubumbashi International Airport,Lubumashi,Congo (Kinshasa),-11.5913000107,27.5308990479
KWZ,FZQM,Kolwezi Airport,Kolwezi,Congo (Kinshasa),-10.765899658203123,25.505699157714844
FMI,FZRF,Kalemie Airport,Kalemie,Congo (Kinshasa),-5.8755598068237305,29.25
KMN,FZSA,Kamina Base Airport,Kamina Base,Congo (Kinshasa),-8.642020225524902,25.252899169921875
KGA,FZUA,Kananga Airport,Kananga,Congo (Kinshasa),-5.90005016327,22.4692001343
MJM,FZWA,Mbuji Mayi Airport,Mbuji-mayi,Congo (Kinshasa),-6.121240139010001,23.5690002441
BKO,GABS,Modibo Keita International Airport,Bamako,Mali,12.5335,-7.94994
GAQ,GAGO,Gao Airport,Gao,Mali,16.24839973449707,-0.0054560001008212
KYS,GAKY,Kayes Dag Dag Airport,Kayes,Mali,14.481200218200684,-11.404399871826172
MZI,GAMB,Mopti Airport,Mopti,Mali,14.5128002167,-4.07955980301
TOM,GATB,Timbuktu Airport,Tombouctou,Mali,16.730499267578125,-3.007580041885376
BJL,GBYD,Banjul International Airport,Banjul,Gambia,13.338000297546388,-16.65220069885254
FUE,GCFV,Fuerteventura Airport,Fuerteventura,Spain,28.452699661254883,-13.863800048828123
VDE,GCHI,Hierro Airport,Hierro,Spain,27.81480026245117,-17.887100219726562
SPC,GCLA,La Palma Airport,Santa Cruz De La Palma,Spain,28.626499,-17.7556
LPA,GCLP,Gran Canaria Airport,Gran Canaria,Spain,27.931900024414062,-15.38659954071045
ACE,GCRR,Lanzarote Airport,Arrecife,Spain,28.945499,-13.6052
TFS,GCTS,Tenerife South Airport,Tenerife,Spain,28.044500351,-16.5725002289
TFN,GCXO,Tenerife Norte Airport,Tenerife,Spain,28.4827003479,-16.3414993286
MLN,GEML,Melilla Airport,Melilla,Spain,35.279800415,-2.9562599659
FNA,GFLL,Lungi International Airport,Freetown,Sierra Leone,8.61644,-13.1955
MLW,GLMR,Spriggs Payne Airport,Monrovia,Liberia,6.289060115814209,-10.758700370788574
ROB,GLRB,Roberts International Airport,Monrovia,Liberia,6.23379,-10.3623
AGA,GMAD,Al Massira Airport,Agadir,Morocco,30.325000762939453,-9.41306972503662
TTA,GMAT,Tan Tan Airport,Tan Tan,Morocco,28.44820022583008,-11.161299705505373
FEZ,GMFF,Saïss Airport,Fes,Morocco,33.9272994995,-4.977960109709999
ERH,GMFK,Moulay Ali Cherif Airport,Er-rachidia,Morocco,31.9475002289,-4.39833021164
MEK,GMFM,Bassatine Airport,Meknes,Morocco,33.87910079956055,-5.515120029449463
OUD,GMFO,Angads Airport,Oujda,Morocco,34.787200927734375,-1.92399001121521
GMD,GMMB,Ben Slimane Airport,Ben Slimane,Morocco,33.655399,-7.22145
RBA,GMME,Rabat-Salé Airport,Rabat,Morocco,34.051498,-6.75152
CMN,GMMN,Mohammed V International Airport,Casablanca,Morocco,33.36750030517578,-7.589970111846924
RAK,GMMX,Menara Airport,Marrakech,Morocco,31.6068992615,-8.03629970551
NNA,GMMY,Kenitra Airport,Kentira,Morocco,34.29890060424805,-6.595880031585693
OZZ,GMMZ,Ouarzazate Airport,Ouarzazate,Morocco,30.9391002655,-6.909430027010001
AHU,GMTA,Cherif Al Idrissi Airport,Al Hociema,Morocco,35.177101135253906,-3.83951997756958
TTU,GMTN,Saniat R'mel Airport,Tetouan,Morocco,35.594299316406,-5.320020198822
TNG,GMTT,Ibn Batouta Airport,Tanger,Morocco,35.726898193400004,-5.91689014435
ZIG,GOGG,Ziguinchor Airport,Ziguinchor,Senegal,12.5556,-16.281799
CSK,GOGS,Cap Skirring Airport,Cap Skiring,Senegal,12.39533,-16.748
KLC,GOOK,Kaolack Airport,Kaolack,Senegal,14.146900177001951,-16.051300048828125
DKR,GOOY,Léopold Sédar Senghor International Airport,Dakar,Senegal,14.739700317382812,-17.49020004272461
XLS,GOSS,Saint Louis Airport,St. Louis,Senegal,16.050800323486328,-16.463199615478516
BXE,GOTB,Bakel Airport,Bakel,Senegal,14.847299575805664,-12.468299865722656
KGG,GOTK,Kédougou Airport,Kedougou,Senegal,12.57229995727539,-12.22029972076416
TUD,GOTT,Tambacounda Airport,Tambacounda,Senegal,13.73680019378662,-13.65310001373291
AEO,GQNA,Aioun el Atrouss Airport,Aioun El Atrouss,Mauritania,16.711299896240234,-9.637880325317385
TIY,GQND,Tidjikja Airport,Tidjikja,Mauritania,18.57010078430176,-11.423500061035156
KFA,GQNF,Kiffa Airport,Kiffa,Mauritania,16.59000015258789,-11.406200408935549
EMN,GQNI,Néma Airport,Nema,Mauritania,16.621999740600586,-7.3165998458862305
KED,GQNK,Kaédi Airport,Kaedi,Mauritania,16.159500122070312,-13.50759983062744
NKC,GQNO,Nouakchott–Oumtounsy International Airport,Nouakschott,Mauritania,18.31,-15.9697222
SEY,GQNS,Sélibaby Airport,Selibabi,Mauritania,15.179699897766112,-12.207300186157228
ATR,GQPA,Atar International Airport,Atar,Mauritania,20.506799697875977,-13.04319953918457
NDB,GQPP,Nouadhibou International Airport,Nouadhibou,Mauritania,20.9330997467041,-17.030000686645508
FIG,GUFA,Fria Airport,Fira,Guinea,10.350600242615,-13.569199562073
FAA,GUFH,Faranah Airport,Faranah,Guinea,10.0354995728,-10.7698001862
LEK,GULB,Tata Airport,Labe,Guinea,11.326100349426,-12.286800384521
SID,GVAC,Amílcar Cabral International Airport,Amilcar Cabral,Cape Verde,16.7414,-22.9494
BVC,GVBA,Rabil Airport,Boa Vista,Cape Verde,16.136499404907227,-22.888900756835938
MMO,GVMA,Maio Airport,Maio,Cape Verde,15.15590000152588,-23.213699340820312
SNE,GVSN,Preguiça Airport,Sao Nocolau Island,Cape Verde,16.58839988708496,-24.28470039367676
VXE,GVSV,São Pedro Airport,Sao Vicente Island,Cape Verde,16.833200454711914,-25.055299758911133
ADD,HAAB,Addis Ababa Bole International Airport,Addis Ababa,Ethiopia,8.97789001465,38.7993011475
AMH,HAAM,Arba Minch Airport,Arba Minch,Ethiopia,6.0393900871276855,37.59049987792969
AXU,HAAX,Axum Airport,Axum,Ethiopia,14.14680004119873,38.77280044555664
BJR,HABD,Bahir Dar Airport,Bahar Dar,Ethiopia,11.608099937438965,37.32160186767578
DIR,HADR,Aba Tenna Dejazmach Yilma International Airport,Dire Dawa,Ethiopia,9.624699592590332,41.85419845581055
GMB,HAGM,Gambella Airport,Gambella,Ethiopia,8.12876033782959,34.5630989074707
GDQ,HAGN,Gonder Airport,Gondar,Ethiopia,12.51990032196045,37.43399810791016
JIM,HAJM,Jimma Airport,Jimma,Ethiopia,7.66609001159668,36.81660079956055
LLI,HALL,Lalibella Airport,Lalibella,Ethiopia,11.975000381469728,38.97999954223633
MQX,HAMK,Mekele Airport,Makale,Ethiopia,13.467399597167969,39.53350067138672
ASO,HASO,Asosa Airport,Asosa,Ethiopia,10.018500328063965,34.586299896240234
BJM,HBBA,Bujumbura International Airport,Bujumbura,Burundi,-3.3240199089050293,29.318500518798828
HGA,HCMH,Egal International Airport,Hargeisa,Somalia,9.518170356750488,44.08879852294922
BBO,HCMI,Berbera Airport,Berbera,Somalia,10.389200210571287,44.94110107421875
KMU,HCMK,Kisimayu Airport,Kismayu,Somalia,-0.3773530125617981,42.45920181274414
ALY,HEAX,El Nouzha Airport,Alexandria,Egypt,31.183900833129883,29.94890022277832
ABS,HEBL,Abu Simbel Airport,Abu Simbel,Egypt,22.3759994507,31.611700058
CAI,HECA,Cairo International Airport,Cairo,Egypt,30.12190055847168,31.40559959411621
CWE,HECW,Cairo West Airport,Cairo,Egypt,30.116399765,30.9153995514
HRG,HEGN,Hurghada International Airport,Hurghada,Egypt,27.178300857543945,33.799400329589844
EGH,HEGR,El Gora Airport,El Gorah,Egypt,31.068559,34.129629
LXR,HELX,Luxor International Airport,Luxor,Egypt,25.671,32.7066
MUH,HEMM,Mersa Matruh Airport,Mersa-matruh,Egypt,31.3253993988,27.2217006683
PSD,HEPS,Port Said Airport,Port Said,Egypt,31.27939987182617,32.2400016784668
SKV,HESC,St Catherine International Airport,St. Catherine,Egypt,28.685300827,34.0625
ASW,HESN,Aswan International Airport,Aswan,Egypt,23.9643993378,32.8199996948
ELT,HETR,El Tor Airport,El-tor,Egypt,28.208999633789062,33.64550018310547
EDL,HKEL,Eldoret International Airport,Eldoret,Kenya,0.4044579863548279,35.23889923095703
GGM,HKKG,Kakamega Airport,Kakamega,Kenya,0.271342009306,34.7873001099
KIS,HKKI,Kisumu Airport,Kisumu,Kenya,-0.0861390009522438,34.72890090942383
KTL,HKKT,Kitale Airport,Kitale,Kenya,0.9719889760017396,34.95859909057617
LOK,HKLO,Lodwar Airport,Lodwar,Kenya,3.1219699382781982,35.608699798583984
LAU,HKLU,Manda Airstrip,Lamu,Kenya,-2.252419948577881,40.91310119628906
MBA,HKMO,Mombasa Moi International Airport,Mombasa,Kenya,-4.034830093383789,39.594200134277344
WIL,HKNW,Nairobi Wilson Airport,Nairobi,Kenya,-1.321720004081726,36.81480026245117
WJR,HKWJ,Wajir Airport,Wajir,Kenya,1.73324,40.091599
GHT,HLGT,Ghat Airport,Ghat,Libya,25.1455993652,10.1426000595
AKF,HLKF,Kufra Airport,Kufra,Libya,24.178699493408203,23.31399917602539
BEN,HLLB,Benina International Airport,Benghazi,Libya,32.096801757799994,20.2695007324
SEB,HLLS,Sabha Airport,Sebha,Libya,26.98699951171875,14.47249984741211
TIP,HLLT,Tripoli International Airport,Tripoli,Libya,32.6635017395,13.1590003967
LMQ,HLMB,Marsa Brega Airport,Marsa Brega,Libya,30.37809944152832,19.576400756835938
HUQ,HLON,Hon Airport,Hon,Libya,29.11009979248047,15.96560001373291
LTD,HLTD,Ghadames East Airport,Ghadames,Libya,30.15169906616211,9.715310096740724
GYI,HRYG,Gisenyi Airport,Gisenyi,Rwanda,-1.6771999597549438,29.258899688720703
KGL,HRYR,Kigali International Airport,Kigali,Rwanda,-1.96863,30.1395
KME,HRZA,Kamembe Airport,Kamembe,Rwanda,-2.462239980697632,28.907899856567383
DOG,HSDN,Dongola Airport,Dongola,Sudan,19.1539001465,30.4300994873
RSS,HSDZ,Damazin Airport,Damazin,Sudan,11.7859,34.3367
ELF,HSFS,El Fasher Airport,El Fasher,Sudan,13.61489963531494,25.32460021972656
KSL,HSKA,Kassala Airport,Kassala,Sudan,15.387499809265137,36.328800201416016
KDX,HSLI,Kadugli Airport,Kadugli,Sudan,11.137999534600002,29.7010993958
EBD,HSOB,El Obeid Airport,El Obeid,Sudan,13.153200149536133,30.23270034790039
JUB,HSSJ,Juba International Airport,Juba,South Sudan,4.87201023102,31.6011009216
MAK,HSSM,Malakal Airport,Malakal,Sudan,9.55897045135498,31.65220069885254
KRT,HSSS,Khartoum International Airport,Khartoum,Sudan,15.589500427246094,32.553199768066406
ARK,HTAR,Arusha Airport,Arusha,Tanzania,-3.3677899837493896,36.63330078125
DAR,HTDA,Julius Nyerere International Airport,Dar Es Salaam,Tanzania,-6.87811,39.202599
DOD,HTDO,Dodoma Airport,Dodoma,Tanzania,-6.170440196990967,35.75260162353516
IRI,HTIR,Iringa Airport,Iringa,Tanzania,-7.668630123138428,35.75210189819336
JRO,HTKJ,Kilimanjaro International Airport,Kilimanjaro,Tanzania,-3.42940998077,37.0745010376
LKY,HTLM,Lake Manyara Airport,Lake Manyara,Tanzania,-3.376310110092163,35.81829833984375
MYW,HTMT,Mtwara Airport,Mtwara,Tanzania,-10.339099884033203,40.18180084228516
MWZ,HTMW,Mwanza Airport,Mwanza,Tanzania,-2.4444899559021,32.932701110839844
PMA,HTPE,Pemba Airport,Pemba,Tanzania,-5.257259845733643,39.8114013671875
TGT,HTTG,Tanga Airport,Tanga,Tanzania,-5.092360019683838,39.07120132446289
ZNZ,HTZA,Abeid Amani Karume International Airport,Zanzibar,Tanzania,-6.22202,39.224899
EBB,HUEN,Entebbe International Airport,Entebbe,Uganda,0.042386,32.443501
SRT,HUSO,Soroti Airport,Soroti,Uganda,1.7276899814605713,33.622798919677734
TIA,LATI,Tirana International Airport Mother Teresa,Tirana,Albania,41.4146995544,19.7206001282
BOJ,LBBG,Burgas Airport,Bourgas,Bulgaria,42.56959915161133,27.515199661254883
GOZ,LBGO,Gorna Oryahovitsa Airport,Gorna Orechovica,Bulgaria,43.15140151977539,25.712900161743164
PDV,LBPD,Plovdiv International Airport,Plovdiv,Bulgaria,42.067799,24.8508
SOF,LBSF,Sofia Airport,Sofia,Bulgaria,42.69669342041016,23.411436080932617
SZR,LBSZ,Stara Zagora Airport,Stara Zagora,Bulgaria,42.3766667,25.655
VAR,LBWN,Varna Airport,Varna,Bulgaria,43.232101,27.8251
LCA,LCLK,Larnaca International Airport,Larnaca,Cyprus,34.875099182128906,33.624900817871094
PFO,LCPH,Paphos International Airport,Paphos,Cyprus,34.71799850463867,32.48569869995117
AKT,LCRA,RAF Akrotiri,Akrotiri,Cyprus,34.590401,32.9879
DBV,LDDU,Dubrovnik Airport,Dubrovnik,Croatia,42.5614013671875,18.268199920654297
OSI,LDOS,Osijek Airport,Osijek,Croatia,45.46269989013672,18.810199737548828
PUY,LDPL,Pula Airport,Pula,Croatia,44.89350128173828,13.922200202941896
RJK,LDRI,Rijeka Airport,Rijeka,Croatia,45.21689987182617,14.570300102233888
SPU,LDSP,Split Airport,Split,Croatia,43.53889846801758,16.29800033569336
ZAG,LDZA,Zagreb Airport,Zagreb,Croatia,45.7429008484,16.0687999725
ZAD,LDZD,Zadar Airport,Zadar,Croatia,44.108299,15.3467
ABC,LEAB,Albacete-Los Llanos Airport,Albacete,Spain,38.9485015869,-1.86352002621
ALC,LEAL,Alicante International Airport,Alicante,Spain,38.28219985961914,-0.5581560134887695
LEI,LEAM,Almería International Airport,Almeria,Spain,36.84389877319336,-2.3701000213623047
OVD,LEAS,Asturias Airport,Aviles,Spain,43.5635986328125,-6.0346198081970215
ODB,LEBA,Córdoba Airport,Cordoba,Spain,37.84199905395508,-4.848879814147949
BIO,LEBB,Bilbao Airport,Bilbao,Spain,43.30110168457031,-2.9106099605560303
BCN,LEBL,Barcelona International Airport,Barcelona,Spain,41.2971,2.07846
BJZ,LEBZ,Badajoz Airport,Badajoz,Spain,38.891300201416016,-6.8213300704956055
LCG,LECO,A Coruña Airport,La Coruna,Spain,43.302101,-8.37726
GRO,LEGE,Girona Airport,Gerona,Spain,41.901000977,2.7605500221
GRX,LEGR,Federico Garcia Lorca Airport,Granada,Spain,37.18870162963867,-3.777359962463379
IBZ,LEIB,Ibiza Airport,Ibiza,Spain,38.8728981018,1.3731199502899998
XRY,LEJR,Jerez Airport,Jerez,Spain,36.74459838867188,-6.060110092163086
MJV,LELC,San Javier Airport,Murcia,Spain,37.775001525878906,-0.8123890161514282
MAD,LEMD,Adolfo Suárez Madrid–Barajas Airport,Madrid,Spain,40.471926,-3.56264
AGP,LEMG,Málaga Airport,Malaga,Spain,36.67490005493164,-4.499110221862793
MAH,LEMH,Menorca Airport,Menorca,Spain,39.86259841918945,4.218649864196777
OZP,LEMO,Moron Air Base,Sevilla,Spain,37.17490005493164,-5.615940093994141
PNA,LEPP,Pamplona Airport,Pamplona,Spain,42.77000045776367,-1.6463299989700315
REU,LERS,Reus Air Base,Reus,Spain,41.14739990234375,1.1671700477600098
ROZ,LERT,Rota Naval Station Airport,Rota,Spain,36.645198822,-6.34946012497
SLM,LESA,Salamanca Airport,Salamanca,Spain,40.95209884643555,-5.501989841461182
EAS,LESO,San Sebastian Airport,San Sebastian,Spain,43.35649871826172,-1.7906099557876587
SCQ,LEST,Santiago de Compostela Airport,Santiago,Spain,42.89630126953125,-8.415140151977539
LEU,LESU,Pirineus - la Seu d'Urgel Airport,Seo De Urgel,Spain,42.3386,1.40917
TOJ,LETO,Torrejón Airport,Madrid,Spain,40.496700286865234,-3.4458699226379395
VLC,LEVC,Valencia Airport,Valencia,Spain,39.4893,-0.481625
VLL,LEVD,Valladolid Airport,Valladolid,Spain,41.7061004639,-4.85194015503
VIT,LEVT,Vitoria/Foronda Airport,Vitoria,Spain,42.8828010559082,-2.7244699001312256
VGO,LEVX,Vigo Airport,Vigo,Spain,42.2318000793457,-8.62677001953125
SDR,LEXJ,Santander Airport,Santander,Spain,43.42710113525391,-3.82000994682312
ZAZ,LEZG,Zaragoza Air Base,Zaragoza,Spain,41.66619873046875,-1.0415500402450562
SVQ,LEZL,Sevilla Airport,Sevilla,Spain,37.417999267578125,-5.8931097984313965
CQF,LFAC,Calais-Dunkerque Airport,Calais,France,50.962100982666016,1.954759955406189
BYF,LFAQ,Albert-Bray Airport,Albert,France,49.9715003967,2.69765996933
LTQ,LFAT,Le Touquet-Côte d'Opale Airport,Le Tourquet,France,50.51739883422852,1.6205899715423584
XVS,LFAV,Valenciennes-Denain Airport,Valenciennes,France,50.325801849365234,3.4612600803375244
AGF,LFBA,Agen-La Garenne Airport,Agen,France,44.17470169067383,0.5905560255050659
BOD,LFBD,Bordeaux-Mérignac Airport,Bordeaux,France,44.8283004761,-0.715556025505
EGC,LFBE,Bergerac-Roumanière Airport,Bergerac,France,44.82529830932617,0.5186110138893127
CNG,LFBG,Cognac-Châteaubernard (BA 709) Air Base,Cognac,France,45.65829849243164,-0.3174999952316284
PIS,LFBI,Poitiers-Biard Airport,Poitiers,France,46.58769989013672,0.3066659867763519
MCU,LFBK,Montluçon-Guéret Airport,Montlucon-gueret,France,46.222599029541016,2.363960027694702
LIG,LFBL,Limoges Airport,Limoges,France,45.86280059814453,1.1794400215148926
NIT,LFBN,Niort-Souché Airport,Niort,France,46.313477,-0.394529
TLS,LFBO,Toulouse-Blagnac Airport,Toulouse,France,43.629101,1.36382
PUF,LFBP,Pau Pyrénées Airport,Pau,France,43.380001068115234,-0.4186109900474548
LDE,LFBT,Tarbes-Lourdes-Pyrénées Airport,Tarbes,France,43.1786994934082,-0.0064389999024569
ANG,LFBU,Angoulême-Brie-Champniers Airport,Angouleme,France,45.72919845581055,0.2214560061693191
BVE,LFSL,Brive Souillac Airport,Brive,France,45.039722,1.485556
PGX,LFBX,Périgueux-Bassillac Airport,Perigueux,France,45.19810104370117,0.815555989742279
BIQ,LFBZ,Biarritz-Anglet-Bayonne Airport,Biarritz-bayonne,France,43.4683333,-1.5311111
ZAO,LFCC,Cahors-Lalbenque Airport,Cahors,France,44.35139846801758,1.4752800464630127
LBI,LFCI,Albi-Le Séquestre Airport,Albi,France,43.91389846801758,2.1130599975585938
DCM,LFCK,Castres-Mazamet Airport,Castres,France,43.55630111694336,2.289180040359497
RDZ,LFCR,Rodez-Marcillac Airport,Rodez,France,44.407901763916016,2.4826700687408447
RYN,LFCY,Royan-Médis Airport,Royan,France,45.62810134887695,-0.9725000262260436
XMW,LFDB,Montauban Airport,Montauban,France,44.02569961547852,1.3780399560928345
RCO,LFDN,Rochefort-Saint-Agnant (BA 721) Airport,Rochefort,France,45.88779830932617,-0.9830560088157654
CMR,LFGA,Colmar-Houssen Airport,Colmar,France,48.109901428222656,7.359010219573975
DLE,LFGJ,Dole-Tavaux Airport,Dole,France,47.042686,5.435063
OBS,LFHO,Aubenas-Ardèche Méridional Airport,Aubenas-vals-lanas,France,44.544203,4.372192
LPY,LFHP,Le Puy-Loudes Airport,Le Puy,France,45.0806999206543,3.762890100479126
ETZ,LFJL,Metz-Nancy-Lorraine Airport,Metz,France,48.9821014404,6.25131988525
BIA,LFKB,Bastia-Poretta Airport,Bastia,France,42.55270004272461,9.48373031616211
CLY,LFKC,Calvi-Sainte-Catherine Airport,Calvi,France,42.5244444,8.7930556
FSC,LFKF,Figari Sud-Corse Airport,Figari,France,41.5005989074707,9.097780227661133
AJA,LFKJ,Ajaccio-Napoléon Bonaparte Airport,Ajaccio,France,41.92359924316406,8.8029203414917
PRP,LFKO,Propriano Airport,Propriano,France,41.66059875488281,8.889749526977539
SOZ,LFKS,Solenzara (BA 126) Air Base,Solenzara,France,41.92440032958984,9.406000137329102
AUF,LFLA,Auxerre-Branches Airport,Auxerre,France,47.85020065307617,3.497109889984131
CMF,LFLB,Chambéry-Savoie Airport,Chambery,France,45.63809967041016,5.880229949951172
CFE,LFLC,Clermont-Ferrand Auvergne Airport,Clermont-Ferrand,France,45.7867012024,3.1691699028
BOU,LFLD,Bourges Airport,Bourges,France,47.058101654052734,2.3702800273895264
QNJ,LFLI,Annemasse Airport,Annemasse,France,46.1920013428,6.268390178680001
LYS,LFLL,Lyon Saint-Exupéry Airport,Lyon,France,45.725556,5.081111
SYT,LFLN,Saint-Yan Airport,St.-yan,France,46.41249847412109,4.0132598876953125
RNE,LFLO,Roanne-Renaison Airport,Roanne,France,46.05830001831055,4.001389980316162
NCY,LFLP,Annecy-Haute-Savoie-Mont Blanc Airport,Annecy,France,45.9308333,6.1063889
GNB,LFLS,Grenoble-Isère Airport,Grenoble,France,45.36289978027344,5.329370021820068
VAF,LFLU,Valence-Chabeuil Airport,Valence,France,44.9216,4.9699
VHY,LFLV,Vichy-Charmeil Airport,Vichy,France,46.169700622558594,3.4037399291992188
AUR,LFLW,Aurillac Airport,Aurillac,France,44.89139938354492,2.4219400882720947
CHR,LFLX,"Châteauroux-Déols ""Marcel Dassault"" Airport",Chateauroux,France,46.860278,1.721111
LYN,LFLY,Lyon-Bron Airport,Lyon,France,45.72719955444336,4.944270133972168
CEQ,LFMD,Cannes-Mandelieu Airport,Cannes,France,43.542,6.95348
EBU,LFMH,Saint-Étienne-Bouthéon Airport,St-Etienne,France,45.54059982299805,4.296390056610107
CCF,LFMK,Carcassonne Airport,Carcassonne,France,43.21599960327149,2.3063199520111084
MRS,LFML,Marseille Provence Airport,Marseille,France,43.439271922,5.22142410278
NCE,LFMN,Nice-Côte d'Azur Airport,Nice,France,43.6584014893,7.215869903560001
XOG,LFMO,Orange-Caritat (BA 115) Air Base,Orange,France,44.14049911499024,4.866720199584961
PGF,LFMP,Perpignan-Rivesaltes (Llabanère) Airport,Perpignan,France,42.74039840698242,2.8706700801849365
CTT,LFMQ,Le Castellet Airport,Le Castellet,France,43.25249862670898,5.785190105438232
MPL,LFMT,Montpellier-Méditerranée Airport,Montpellier,France,43.57619857788086,3.96301007270813
BZR,LFMU,Béziers-Vias Airport,Beziers,France,43.32350158691406,3.353899955749512
AVN,LFMV,Avignon-Caumont Airport,Avignon,France,43.90729904174805,4.901830196380615
MEN,LFNB,Mende-Brenoux Airfield,Mende,France,44.502102,3.53282
BVA,LFOB,Paris Beauvais Tillé Airport,Beauvais,France,49.45439910888672,2.1127800941467285
EVX,LFOE,Évreux-Fauville (BA 105) Air Base,Evreux,France,49.02870178222656,1.219859957695007
LEH,LFOH,Le Havre Octeville Airport,Le Havre,France,49.53390121459961,0.0880559980869293
XAB,LFOI,Abbeville,Abbeville,France,50.143501,1.831891
ORE,LFOJ,Orléans-Bricy (BA 123) Air Base,Orleans,France,47.9878005981,1.7605600357100002
XCR,LFOK,Châlons-Vatry Airport,Chalons,France,48.7733333333,4.206111111
URO,LFOP,Rouen Airport,Rouen,France,49.38420104980469,1.1748000383377075
TUF,LFOT,Tours-Val-de-Loire Airport,Tours,France,47.4322013855,0.727605998516
CET,LFOU,Cholet Le Pontreau Airport,Cholet,France,47.08209991455078,-0.8770639896392822
LVA,LFOV,Laval-Entrammes Airport,Laval,France,48.03139877319336,-0.7429860234260559
LBG,LFPB,Paris-Le Bourget Airport,Paris,France,48.96939849853516,2.441390037536621
CSF,LFPC,Creil Air Base,Creil,France,49.25350189208984,2.5191400051116943
CDG,LFPG,Charles de Gaulle International Airport,Paris,France,49.012798,2.55
TNF,LFPN,Toussus-le-Noble Airport,Toussous-le-noble,France,48.75189971923828,2.1061899662017822
ORY,LFPO,Paris-Orly Airport,Paris,France,48.7233333,2.3794444
POX,LFPT,Pontoise - Cormeilles-en-Vexin Airport,Pontoise,France,49.096667,2.040833
VIY,LFPV,Villacoublay-Vélizy (BA 107) Air Base,Villacoublay,France,48.7741667,2.1916667
NVS,LFQG,Nevers-Fourchambault Airport,Nevers,France,47.00260162353516,3.1133298873901367
XME,LFQJ,Maubeuge-Élesmes Airport,Maubeuge,France,50.31050109863281,4.033120155334473
LIL,LFQQ,Lille-Lesquin Airport,Lille,France,50.563332,3.086886
HZB,LFQT,Merville-Calonne Airport,Merville,France,50.61840057373047,2.642240047454834
XCZ,LFQV,Charleville-Mézières Airport,Charleville,France,49.78390121459961,4.647079944610596
BES,LFRB,Brest Bretagne Airport,Brest,France,48.447898864746094,-4.418540000915527
CER,LFRC,Cherbourg-Maupertus Airport,Cherbourg,France,49.65010070800781,-1.4702800512313845
DNR,LFRD,Dinard-Pleurtuit-Saint-Malo Airport,Dinard,France,48.58769989013672,-2.0799601078033447
LBY,LFRE,La Baule-Escoublac Airport,La Baule,France,47.289398193359375,-2.346390008926392
GFR,LFRF,Granville Airport,Granville,France,48.88309860229492,-1.564170002937317
DOL,LFRG,Deauville-Saint-Gatien Airport,Deauville,France,49.3652992249,0.154305994511
LRT,LFRH,Lorient South Brittany (Bretagne Sud) Airport,Lorient,France,47.76060104370117,-3.440000057220459
EDM,LFRI,La Roche-sur-Yon Airport,La Roche-sur-yon,France,46.70190048217773,-1.3786300420761108
LDV,LFRJ,Landivisiau Air Base,Landivisiau,France,48.53030014038086,-4.151639938354492
CFR,LFRK,Caen-Carpiquet Airport,Caen,France,49.173301696777344,-0.449999988079071
LME,LFRM,Le Mans-Arnage Airport,Le Mans,France,47.94860076904297,0.2016669958829879
RNS,LFRN,Rennes-Saint-Jacques Airport,Rennes,France,48.0694999695,-1.73478996754
LAI,LFRO,Lannion-Côte de Granit Airport,Lannion,France,48.754398,-3.47166
UIP,LFRQ,Quimper-Cornouaille Airport,Quimper,France,47.97499847412109,-4.167789936065674
NTE,LFRS,Nantes Atlantique Airport,Nantes,France,47.153198242200006,-1.61073005199
SBK,LFRT,Saint-Brieuc-Armor Airport,St.-brieuc Armor,France,48.5378,-2.85444
MXN,LFRU,Morlaix-Ploujean Airport,Morlaix,France,48.6031990051,-3.81577992439
VNE,LFRV,Vannes-Meucon Airport,Vannes,France,47.72330093383789,-2.718559980392456
SNR,LFRZ,Saint-Nazaire-Montoir Airport,St.-nazaire,France,47.3105556,-2.1566667
BSL,LFSB,EuroAirport Basel-Mulhouse-Freiburg Airport,Mulhouse,France,47.59,7.5291667
DIJ,LFSD,Dijon-Bourgogne Airport,Dijon,France,47.268902,5.09
MZM,LFSF,Metz-Frescaty (BA 128) Air Base,Metz,France,49.07170104980469,6.131669998168945
EPL,LFSG,Épinal-Mirecourt Airport,Epinal,France,48.325001,6.06998
ENC,LFSN,Nancy-Essey Airport,Nancy,France,48.69210052490234,6.230460166931152
RHE,LFSR,Reims-Champagne (BA 112) Air Base,Reims,France,49.310001,4.05
SXB,LFST,Strasbourg Airport,Strasbourg,France,48.53829956054688,7.628230094909668
TLN,LFTH,Toulon-Hyères Airport,Hyeres,France,43.0973014832,6.14602994919
FNI,LFTW,Nîmes-Arles-Camargue Airport,Nimes,France,43.75740051269531,4.4163498878479
MQC,LFVM,Miquelon Airport,Miquelon,Saint Pierre and Miquelon,47.095500946,-56.3802986145
FSP,LFVP,St Pierre Airport,St.-pierre,Saint Pierre and Miquelon,46.76290130615234,-56.173099517822266
PYR,LGAD,Andravida Air Base,Andravida,Greece,37.9207,21.292601
AGQ,LGAG,Agrinion Air Base,Agrinion,Greece,38.602001,21.3512001
AXD,LGAL,Dimokritos Airport,Alexandroupolis,Greece,40.855899810791016,25.956300735473636
VOL,LGBL,Nea Anchialos Airport,Nea Anghialos,Greece,39.21960067749024,22.794300079345703
JKH,LGHI,Chios Island National Airport,Chios,Greece,38.34320068359375,26.140600204467773
IOA,LGIO,Ioannina Airport,Ioannina,Greece,39.6963996887207,20.82250022888184
HER,LGIR,Heraklion International Nikos Kazantzakis Airport,Heraklion,Greece,35.3396987915,25.1802997589
KSO,LGKA,Kastoria National Airport,Kastoria,Greece,40.4463005066,21.2821998596
KIT,LGKC,Kithira Airport,Kithira,Greece,36.2742996216,23.0170001984
EFL,LGKF,Kefallinia Airport,Keffallinia,Greece,38.12009811401367,20.5004997253418
KLX,LGKL,Kalamata Airport,Kalamata,Greece,37.06829833984375,22.02549934387207
KGS,LGKO,Kos Airport,Kos,Greece,36.79330062866211,27.091699600219727
AOK,LGKP,Karpathos Airport,Karpathos,Greece,35.4213981628418,27.145999908447266
CFU,LGKR,Ioannis Kapodistrias International Airport,Kerkyra/corfu,Greece,39.601898193359375,19.911699295043945
KSJ,LGKS,Kasos Airport,Kasos,Greece,35.4213981628,26.9099998474
KVA,LGKV,Alexander the Great International Airport,Kavala,Greece,40.91329956054688,24.619199752807617
KZI,LGKZ,Filippos Airport,Kozani,Greece,40.28609848022461,21.84079933166504
LRS,LGLE,Leros Airport,Leros,Greece,37.184898,26.800301
LXS,LGLM,Limnos Airport,Limnos,Greece,39.917098999,25.236299514799995
LRA,LGLR,Larisa Airport,Larissa,Greece,39.650253,22.4655
JMK,LGMK,Mikonos Airport,Mykonos,Greece,37.43510055541992,25.348100662231445
MJT,LGMT,Mytilene International Airport,Mytilini,Greece,39.0567016602,26.5983009338
PVK,LGPZ,Aktion National Airport,Preveza,Greece,38.92549896240234,20.765300750732425
RHO,LGRP,Diagoras Airport,Rhodos,Greece,36.405399322509766,28.086200714111328
GPA,LGRX,Araxos Airport,Patras,Greece,38.1511,21.4256
CHQ,LGSA,Chania International Airport,Chania,Greece,35.531700134277344,24.14970016479492
JSI,LGSK,Skiathos Island National Airport,Skiathos,Greece,39.17710113525391,23.503700256347656
SMI,LGSM,Samos Airport,Samos,Greece,37.68999862670898,26.911699295043945
SPJ,LGSP,Sparti Airport,Sparti,Greece,36.973899841308594,22.52630043029785
JTR,LGSR,Santorini Airport,Thira,Greece,36.399200439453125,25.47929954528809
JSH,LGST,Sitia Airport,Sitia,Greece,35.21609878540039,26.101299285888672
SKU,LGSY,Skiros Airport,Skiros,Greece,38.9676017761,24.4871997833
SKG,LGTS,Thessaloniki Macedonia International Airport,Thessaloniki,Greece,40.51969909667969,22.97089958190918
ZTH,LGZA,"Zakynthos International Airport ""Dionysios Solomos""",Zakynthos,Greece,37.7509,20.8843
BUD,LHBP,Budapest Liszt Ferenc International Airport,Budapest,Hungary,47.42976,19.261093
DEB,LHDC,Debrecen International Airport,Debrecen,Hungary,47.48889923095703,21.61529922485352
CRV,LIBC,Crotone Airport,Crotone,Italy,38.9972,17.0802
BRI,LIBD,Bari Karol Wojtyła Airport,Bari,Italy,41.138901,16.760599
FOG,LIBF,"Foggia ""Gino Lisa"" Airport",Foggia,Italy,41.432899,15.535
TAR,LIBG,"Taranto-Grottaglie ""Marcello Arlotta"" Airport",Grottaglie,Italy,40.517502,17.4032
LCC,LIBN,Lecce Galatina Air Base,Lecce,Italy,40.239201,18.133301
PSR,LIBP,Pescara International Airport,Pescara,Italy,42.431702,14.1811
BDS,LIBR,Brindisi – Salento Airport,Brindisi,Italy,40.6576,17.947001
SUF,LICA,Lamezia Terme Airport,Lamezia,Italy,38.905399,16.2423
CTA,LICC,Catania-Fontanarossa Airport,Catania,Italy,37.466801,15.0664
LMP,LICD,Lampedusa Airport,Lampedusa,Italy,35.497898,12.6181
PNL,LICG,Pantelleria Airport,Pantelleria,Italy,36.816502,11.9689
PMO,LICJ,Falcone–Borsellino Airport,Palermo,Italy,38.175999,13.091
REG,LICR,Reggio Calabria Airport,Reggio Calabria,Italy,38.071201,15.6516
TPS,LICT,Vincenzo Florio Airport Trapani-Birgi,Trapani,Italy,37.9114,12.488
NSY,LICZ,Sigonella Navy Air Base,Sigonella,Italy,37.401699,14.9224
AHO,LIEA,Alghero-Fertilia Airport,Alghero,Italy,40.632099,8.29077
DCI,LIED,Decimomannu Air Base,Decimomannu,Italy,39.354198,8.97248
CAG,LIEE,Cagliari Elmas Airport,Cagliari,Italy,39.251499,9.05428
OLB,LIEO,Olbia Costa Smeralda Airport,Olbia,Italy,40.898701,9.51763
TTB,LIET,Tortolì Airport,Tortoli,Italy,39.9188,9.68298
MXP,LIMC,Malpensa International Airport,Milano,Italy,45.6306,8.72811
BGY,LIME,Il Caravaggio International Airport,Bergamo,Italy,45.673901,9.70417
TRN,LIMF,Turin Airport,Torino,Italy,45.200802,7.64963
ALL,LIMG,Villanova D'Albenga International Airport,Albenga,Italy,44.050598,8.12743
GOA,LIMJ,Genoa Cristoforo Colombo Airport,Genoa,Italy,44.4133,8.8375
LIN,LIML,Milano Linate Airport,Milan,Italy,45.445099,9.27674
PMF,LIMP,Parma Airport,Parma,Italy,44.824501,10.2964
CUF,LIMZ,Cuneo International Airport,Cuneo,Italy,44.547001,7.62322
AVB,LIPA,Aviano Air Base,Aviano,Italy,46.031898,12.596503
BZO,LIPB,Bolzano Airport,Bolzano,Italy,46.460201,11.3264
BLQ,LIPE,Bologna Guglielmo Marconi Airport,Bologna,Italy,44.5354,11.2887
TSF,LIPH,Treviso-Sant'Angelo Airport,Treviso,Italy,45.648399,12.1944
FRL,LIPK,Forlì Airport,Forli,Italy,44.194801,12.0701
VBS,LIPO,Brescia Airport,Brescia,Italy,45.428902,10.3306
TRS,LIPQ,Trieste–Friuli Venezia Giulia Airport,Ronchi De Legionari,Italy,45.827499,13.4722
RMI,LIPR,Federico Fellini International Airport,Rimini,Italy,44.020302,12.6117
VIC,LIPT,Vicenza Airport,Vicenza,Italy,45.573399,11.5295
QPA,LIPU,Padova Airport,Padova,Italy,45.395802,11.8479
VRN,LIPX,Verona Villafranca Airport,Villafranca,Italy,45.395699,10.8885
VCE,LIPZ,Venice Marco Polo Airport,Venice,Italy,45.505299,12.3519
SAY,LIQS,Siena-Ampugnano Airport,Siena,Italy,43.256302,11.255
CIA,LIRA,Ciampino–G. B. Pastine International Airport,Rome,Italy,41.7994,12.5949
FCO,LIRF,Leonardo da Vinci–Fiumicino Airport,Rome,Italy,41.8002778,12.2388889
EBA,LIRJ,Marina Di Campo Airport,Marina Di Campo,Italy,42.7603,10.2394
QLT,LIRL,Latina Air Base,Latina,Italy,41.5424,12.909
NAP,LIRN,Naples International Airport,Naples,Italy,40.886002,14.2908
PSA,LIRP,Pisa International Airport,Pisa,Italy,43.683899,10.3927
FLR,LIRQ,Peretola Airport,Florence,Italy,43.810001,11.2051
GRS,LIRS,Grosseto Air Base,Grosseto,Italy,42.759701,11.0719
PEG,LIRZ,Perugia San Francesco d'Assisi – Umbria International Airport,Perugia,Italy,43.095901,12.5132
LJU,LJLJ,Ljubljana Jože Pučnik Airport,Ljubljana,Slovenia,46.223701,14.4576
MBX,LJMB,Maribor Airport,Maribor,Slovenia,46.47990036010742,15.686100006103516
POW,LJPZ,Portoroz Airport,Portoroz,Slovenia,45.4734001159668,13.614999771118164
UHE,LKKU,Kunovice Airport,Kunovice,Czech Republic,49.02939987182617,17.439699172973633
KLV,LKKV,Karlovy Vary International Airport,Karlovy Vary,Czech Republic,50.20299911499024,12.914999961853027
OSR,LKMT,Ostrava Leos Janáček Airport,Ostrava,Czech Republic,49.6963005065918,18.111099243164062
PED,LKPD,Pardubice Airport,Pardubice,Czech Republic,50.01340103149414,15.73859977722168
PRV,LKPO,Přerov Air Base,Prerov,Czech Republic,49.42580032348633,17.404699325561523
PRG,LKPR,Václav Havel Airport Prague,Prague,Czech Republic,50.1008,14.26
BRQ,LKTB,Brno-Tuřany Airport,Brno,Czech Republic,49.15129852294922,16.694400787353516
VOD,LKVO,Vodochody Airport,Vodochody,Czech Republic,50.216599,14.3958
TLV,LLBG,Ben Gurion International Airport,Tel-aviv,Israel,32.01139831542969,34.88669967651367
BEV,LLBS,Beersheba (Teyman) Airport,Beer-sheba,Israel,31.287000656128,34.722999572754
ETH,LLET,Eilat Airport,Elat,Israel,29.56130027770996,34.96009826660156
EIY,LLEY,Ein Yahav Airfield,Eyn-yahav,Israel,30.621700286865234,35.20330047607422
HFA,LLHA,Haifa International Airport,Haifa,Israel,32.80939865112305,35.04309844970703
RPN,LLIB,Ben Ya'akov Airport,Rosh Pina,Israel,32.98099899291992,35.5718994140625
MTZ,LLMZ,Bar Yehuda Airfield,Metzada,Israel,31.32819938659668,35.38859939575195
VTM,LLNV,Nevatim Air Base,Nevatim,Israel,31.2082996368,35.012298584
VDA,LLOV,Ovda International Airport,Ovda,Israel,29.94029998779297,34.93579864501953
MIP,LLRM,Ramon Air Base,Ramon,Israel,30.776100158691406,34.66669845581055
SDV,LLSD,Sde Dov Airport,Tel-aviv,Israel,32.11470031738281,34.78219985961914
MLA,LMML,Malta International Airport,Malta,Malta,35.857498,14.4775
GRZ,LOWG,Graz Airport,Graz,Austria,46.9911003112793,15.439599990844728
INN,LOWI,Innsbruck Airport,Innsbruck,Austria,47.260201,11.344
LNZ,LOWL,Linz Hörsching Airport,Linz,Austria,48.2332,14.1875
SZG,LOWS,Salzburg Airport,Salzburg,Austria,47.7933006287,13.0043001175
VIE,LOWW,Vienna International Airport,Vienna,Austria,48.110298156738,16.569700241089
AVR,LPAR,Alverca Air Base,Alverca,Portugal,38.883301,-9.0301
SMA,LPAZ,Santa Maria Airport,Santa Maria (island),Portugal,36.97140121459961,-25.17060089111328
BGC,LPBG,Bragança Airport,Braganca,Portugal,41.8578,-6.70713
BYJ,LPBJ,Beja Airport / Airbase,Beja (madeira),Portugal,38.078899,-7.9324
BGZ,LPBR,Braga Municipal Aerodrome,Braga,Portugal,41.5871009827,-8.445139884949999
CAT,LPCS,Cascais Airport,Cascais,Portugal,38.724998,-9.35523
FLW,LPFL,Flores Airport,Flores,Portugal,39.455299377441406,-31.13139915466309
FAO,LPFR,Faro Airport,Faro,Portugal,37.0144004822,-7.96590995789
GRW,LPGR,Graciosa Airport,Graciosa Island,Portugal,39.09220123291016,-28.029800415039062
HOR,LPHR,Horta Airport,Horta,Portugal,38.519901275634766,-28.715900421142575
TER,LPLA,Lajes Airport,Lajes (terceira Island),Portugal,38.761799,-27.090799
QLR,LPMR,Monte Real Air Base,Monte Real,Portugal,39.828335,-8.8875
PDL,LPPD,João Paulo II Airport,Ponta Delgada,Portugal,37.7411994934,-25.6979007721
PIX,LPPI,Pico Airport,Pico,Portugal,38.554298,-28.441299
PRM,LPPM,Portimão Airport,Portimao,Portugal,37.1493,-8.58396
OPO,LPPR,Francisco de Sá Carneiro Airport,Porto,Portugal,41.2481002808,-8.68138980865
PXO,LPPS,Porto Santo Airport,Porto Santo,Portugal,33.0733985901,-16.3500003815
LIS,LPPT,Humberto Delgado Airport (Lisbon Portela Airport),Lisbon,Portugal,38.7813,-9.13592
SJZ,LPSJ,São Jorge Airport,Sao Jorge Island,Portugal,38.66550064086914,-28.175800323486328
VRL,LPVR,Vila Real Airport,Vila Real,Portugal,41.2743,-7.72047
VSE,LPVZ,Aerodromo Goncalves Lobato (Viseu Airport),Viseu,Portugal,40.725498,-7.88899
OMO,LQMO,Mostar International Airport,Mostar,Bosnia and Herzegovina,43.282901763916016,17.84589958190918
SJJ,LQSA,Sarajevo International Airport,Sarajevo,Bosnia and Herzegovina,43.82460021972656,18.331499099731445
ARW,LRAR,Arad International Airport,Arad,Romania,46.17660140991211,21.261999130249023
BCM,LRBC,Bacău Airport,Bacau,Romania,46.52190017700195,26.91029930114746
BAY,LRBM,Tautii Magheraus Airport,Baia Mare,Romania,47.65840148925781,23.46999931335449
BBU,LRBS,Băneasa International Airport,Bucharest,Romania,44.50320053100586,26.102100372314453
CND,LRCK,Mihail Kogălniceanu International Airport,Constanta,Romania,44.36220169067383,28.488300323486328
CLJ,LRCL,Cluj-Napoca International Airport,Cluj-napoca,Romania,46.78519821166992,23.686199188232425
CSB,LRCS,Caransebeş Airport,Caransebes,Romania,45.41999816894531,22.25329971313477
CRA,LRCV,Craiova Airport,Craiova,Romania,44.31809997558594,23.888599395751957
IAS,LRIA,Iaşi Airport,Iasi,Romania,47.17850112915039,27.6205997467041
OMR,LROD,Oradea International Airport,Oradea,Romania,47.025299072265625,21.90250015258789
OTP,LROP,Henri Coandă International Airport,Bucharest,Romania,44.5711111,26.085
SBZ,LRSB,Sibiu International Airport,Sibiu,Romania,45.78559875488281,24.09129905700684
SUJ,LRSM,Satu Mare Airport,Satu Mare,Romania,47.70330047607422,22.88570022583008
SCV,LRSV,Suceava Stefan cel Mare Airport,Suceava,Romania,47.6875,26.35409927368164
TCE,LRTC,Tulcea Airport,Tulcea,Romania,45.0625,28.71430015563965
TGM,LRTM,Transilvania Târgu Mureş International Airport,Tirgu Mures,Romania,46.46770095825195,24.412500381469727
TSR,LRTR,Timişoara Traian Vuia Airport,Timisoara,Romania,45.80989837646485,21.337900161743164
GVA,LSGG,Geneva Cointrin International Airport,Geneva,Switzerland,46.23809814453125,6.108950138092041
SIR,LSGS,Sion Airport,Sion,Switzerland,46.2196006775,7.326759815220001
EML,LSME,Emmen Air Base,Emmen,Switzerland,47.092444,8.305184
LUG,LSZA,Lugano Airport,Lugano,Switzerland,46.00429916379999,8.9105796814
BRN,LSZB,Bern Belp Airport,Bern,Switzerland,46.914100647,7.497149944309999
ZHI,LSZG,Grenchen Airport,Grenchen,Switzerland,47.181599,7.41719
ZRH,LSZH,Zürich Airport,Zurich,Switzerland,47.464699,8.54917
ACH,LSZR,St Gallen Altenrhein Airport,Altenrhein,Switzerland,47.4850006104,9.560770034789998
SMV,LSZS,Samedan Airport,Samedan,Switzerland,46.53409957885742,9.884110450744627
ESB,LTAC,Esenboğa International Airport,Ankara,Turkey,40.1281013489,32.995098114
ANK,LTAD,Etimesgut Air Base,Ankara,Turkey,39.949798584,32.6885986328
ADA,LTAF,Adana Airport,Adana,Turkey,36.9822006226,35.2803993225
UAB,LTAG,İncirlik Air Base,Adana,Turkey,37.0021018982,35.4258995056
AFY,LTAH,Afyon Airport,Afyon,Turkey,38.726398468,30.6011009216
AYT,LTAI,Antalya International Airport,Antalya,Turkey,36.898701,30.800501
GZT,LTAJ,Gaziantep International Airport,Gaziantep,Turkey,36.9472007751,37.4786987305
KYA,LTAN,Konya Airport,Konya,Turkey,37.979,32.561901
MZH,LTAP,Amasya Merzifon Airport,Merzifon,Turkey,40.829399,35.521999
VAS,LTAR,Sivas Nuri Demirağ Airport,Sivas,Turkey,39.813801,36.9035
MLX,LTAT,Malatya Erhaç Airport,Malatya,Turkey,38.4352989197,38.0909996033
ASR,LTAU,Kayseri Erkilet Airport,Kayseri,Turkey,38.770401001,35.4953994751
TJK,LTAW,Tokat Airport,Tokat,Turkey,40.307430267333984,36.367408752441406
DNZ,LTAY,Çardak Airport,Denizli,Turkey,37.7855987549,29.7012996674
ISL,LTBA,Atatürk International Airport,Istanbul,Turkey,40.976898,28.8146
BZI,LTBF,Balıkesir Merkez Airport,Balikesir,Turkey,39.61930084228516,27.926000595092773
BDM,LTBG,Bandırma Airport,Bandirma,Turkey,40.31800079345703,27.97769927978516
ESK,LTBI,Eskişehir Air Base,Eskisehir,Turkey,39.7840995789,30.5820999146
ADB,LTBJ,Adnan Menderes International Airport,Izmir,Turkey,38.2924003601,27.156999588
IGL,LTBL,Çiğli Airport,Izmir,Turkey,38.5130004883,27.010099411
KCO,LTBQ,Cengiz Topel Airport,Topel,Turkey,40.73500061035156,30.08329963684082
DLM,LTBS,Dalaman International Airport,Dalaman,Turkey,36.7131004333,28.7924995422
BXN,LTBV,Imsık Airport,Bodrum,Turkey,37.140098571777344,27.669700622558597
EZS,LTCA,Elazığ Airport,Elazig,Turkey,38.6068992615,39.2914009094
DIY,LTCC,Diyarbakir Airport,Diyabakir,Turkey,37.893901825,40.2010002136
ERC,LTCD,Erzincan Airport,Erzincan,Turkey,39.7102012634,39.5270004272
ERZ,LTCE,Erzurum International Airport,Erzurum,Turkey,39.9565010071,41.17020034789999
TZX,LTCG,Trabzon International Airport,Trabzon,Turkey,40.99509811401367,39.78969955444336
VAN,LTCI,Van Ferit Melen Airport,Van,Turkey,38.46820068359375,43.332298278808594
BAL,LTCJ,Batman Airport,Batman,Turkey,37.9290008545,41.1166000366
SXZ,LTCL,Siirt Airport,Siirt,Turkey,37.97890090942383,41.84040069580078
BZY,LUBL,Bălți International Airport,Saltsy,Moldova,47.843056,27.777222
KIV,LUKK,Chişinău International Airport,Chisinau,Moldova,46.92770004272461,28.93099975585937
OHD,LWOH,Ohrid St. Paul the Apostle Airport,Ohrid,Macedonia,41.18,20.7423
SKP,LWSK,Skopje Alexander the Great Airport,Skopje,Macedonia,41.961601,21.621401
GIB,LXGB,Gibraltar Airport,Gibraltar,Gibraltar,36.1511993408,-5.3496599197400005
BEG,LYBE,Belgrade Nikola Tesla Airport,Belgrade,Serbia,44.8184013367,20.3090991974
INI,LYNI,Nis Airport,Nis,Serbia,43.337299,21.853701
TGD,LYPG,Podgorica Airport,Podgorica,Montenegro,42.359402,19.2519
PRN,BKPR,Priština International Airport,Pristina,Serbia,42.5728,21.035801
TIV,LYTV,Tivat Airport,Tivat,Montenegro,42.40470123291016,18.72330093383789
BTS,LZIB,M. R. Štefánik Airport,Bratislava,Slovakia,48.17020034790039,17.21269989013672
KSC,LZKZ,Košice Airport,Kosice,Slovakia,48.66310119628906,21.241100311279297
PZY,LZPP,Piešťany Airport,Piestany,Slovakia,48.62519836425781,17.828399658203125
SLD,LZSL,Sliač Airport,Sliac,Slovakia,48.63779830932617,19.13409996032715
TAT,LZTT,Poprad-Tatry Airport,Poprad,Slovakia,49.073600769,20.2411003113
NCA,MBNC,North Caicos Airport,North Caicos,Turks and Caicos Islands,21.9175,-71.939598
PLS,MBPV,Providenciales Airport,Providenciales,Turks and Caicos Islands,21.77359962463379,-72.26589965820312
XSC,MBSC,South Caicos Airport,South Caicos,Turks and Caicos Islands,21.5156993866,-71.528503418
BRX,MDBH,Maria Montez International Airport,Barahona,Dominican Republic,18.25149917602539,-71.12039947509766
CBJ,MDCR,Cabo Rojo Airport,Cabo Rojo,Dominican Republic,17.929000854492188,-71.6447982788086
LRM,MDLR,Casa De Campo International Airport,La Romana,Dominican Republic,18.45070075988769,-68.91179656982422
PUJ,MDPC,Punta Cana International Airport,Punta Cana,Dominican Republic,18.5673999786,-68.36340332030001
POP,MDPP,Gregorio Luperon International Airport,Puerto Plata,Dominican Republic,19.75790023803711,-70.56999969482422
SDQ,MDSD,Las Américas International Airport,Santo Domingo,Dominican Republic,18.42970085144,-69.668899536133
STI,MDST,Cibao International Airport,Santiago,Dominican Republic,19.406099319458008,-70.60469818115234
CBV,MGCB,Coban Airport,Coban,Guatemala,15.468999862670898,-90.40670013427734
GUA,MGGT,La Aurora Airport,Guatemala City,Guatemala,14.5833,-90.527496
RER,MGRT,Retalhuleu Airport,Retalhuleu,Guatemala,14.520999908447266,-91.69730377197266
GSJ,MGSJ,San José Airport,San Jose,Guatemala,13.9362001419,-90.8358001709
LCE,MHLC,Goloson International Airport,La Ceiba,Honduras,15.7425,-86.852997
SAP,MHLM,Ramón Villeda Morales International Airport,San Pedro Sula,Honduras,15.4526,-87.923599
GJA,MHNJ,La Laguna Airport,Guanaja,Honduras,16.4454,-85.906601
RTB,MHRO,Juan Manuel Galvez International Airport,Roatan,Honduras,16.316799,-86.523003
TEA,MHTE,Tela Airport,Tela,Honduras,15.7759,-87.4758
TGU,MHTG,Toncontín International Airport,Tegucigalpa,Honduras,14.06089973449707,-87.21720123291016
TJI,MHTJ,Trujillo Airport,Trujillo,Honduras,15.9268,-85.938202
OCJ,MKBS,Boscobel Aerodrome,Ocho Rios,Jamaica,18.404199600219727,-76.96900177001953
KIN,MKJP,Norman Manley International Airport,Kingston,Jamaica,17.935699462890625,-76.7874984741211
MBJ,MKJS,Sangster International Airport,Montego Bay,Jamaica,18.503700256347656,-77.91339874267578
POT,MKKJ,Ken Jones Airport,Port Antonio,Jamaica,18.1987991333,-76.53450012210001
KTP,MKTP,Tinson Pen Airport,Kingston,Jamaica,17.98859977722168,-76.82379913330078
ACA,MMAA,General Juan N Alvarez International Airport,Acapulco,Mexico,16.757099151611328,-99.75399780273438
NTR,MMAN,Del Norte International Airport,Monterrey,Mexico,25.865601,-100.237
AGU,MMAS,Jesús Terán Paredo International Airport,Aguascalientes,Mexico,21.705601,-102.318001
HUX,MMBT,Bahías de Huatulco International Airport,Huatulco,Mexico,15.7753,-96.262604
CVJ,MMCB,General Mariano Matamoros Airport,Cuernavaca,Mexico,18.834800720214844,-99.26129913330078
ACN,MMCC,Ciudad Acuña New International Airport,Ciudad Acuna,Mexico,29.332899,-101.098998
CME,MMCE,Ciudad del Carmen International Airport,Ciudad Del Carmen,Mexico,18.65369987487793,-91.79900360107422
NCG,MMCG,Nuevo Casas Grandes Airport,Nuevo Casas Grandes,Mexico,30.3974,-107.875
CUL,MMCL,Bachigualato Federal International Airport,Culiacan,Mexico,24.7644996643,-107.474998474
CTM,MMCM,Chetumal International Airport,Chetumal,Mexico,18.50469970703125,-88.32679748535156
CEN,MMCN,Ciudad Obregón International Airport,Ciudad Obregon,Mexico,27.39259910583496,-109.83300018310548
CPE,MMCP,Ingeniero Alberto Acuña Ongay International Airport,Campeche,Mexico,19.816799163800003,-90.5002975464
CJS,MMCS,Abraham González International Airport,Ciudad Juarez,Mexico,31.63610076904297,-106.4290008544922
CUU,MMCU,General Roberto Fierro Villalobos International Airport,Chihuahua,Mexico,28.702899932900003,-105.964996338
CVM,MMCV,General Pedro Jose Mendez International Airport,Ciudad Victoria,Mexico,23.7033004761,-98.9564971924
CZM,MMCZ,Cozumel International Airport,Cozumel,Mexico,20.52239990234375,-86.92559814453125
DGO,MMDO,General Guadalupe Victoria International Airport,Durango,Mexico,24.1242008209,-104.527999878
TPQ,MMEP,Amado Nervo National Airport,Tepic,Mexico,21.4195,-104.843002
ESE,MMES,Ensenada International Airport,Ensenada,Mexico,31.7953,-116.602997
GDL,MMGL,Don Miguel Hidalgo Y Costilla International Airport,Guadalajara,Mexico,20.52179908752441,-103.31099700927734
GYM,MMGM,General José María Yáñez International Airport,Guaymas,Mexico,27.9689998626709,-110.9250030517578
TCN,MMHC,Tehuacan Airport,Tehuacan,Mexico,18.49720001220703,-97.4198989868164
HMO,MMHO,General Ignacio P. Garcia International Airport,Hermosillo,Mexico,29.095899581900003,-111.047996521
CLQ,MMIA,Licenciado Miguel de la Madrid Airport,Colima,Mexico,19.277,-103.577002
ISJ,MMIM,Isla Mujeres Airport,Isla Mujeres,Mexico,21.2450008392334,-86.73999786376953
SLW,MMIO,Plan De Guadalupe International Airport,Saltillo,Mexico,25.54949951171875,-100.9290008544922
IZT,MMIT,Ixtepec Airport,Iztepec,Mexico,16.449301,-95.093697
LZC,MMLC,Lázaro Cárdenas Airport,Lazard Cardenas,Mexico,18.0016994476,-102.221000671
LMM,MMLM,Valle del Fuerte International Airport,Los Mochis,Mexico,25.6851997375,-109.081001282
BJX,MMLO,Del Bajío International Airport,Del Bajio,Mexico,20.9935,-101.481003
LAP,MMLP,Manuel Márquez de León International Airport,La Paz,Mexico,24.0727005005,-110.361999512
LTO,MMLT,Loreto International Airport,Loreto,Mexico,25.989200592041016,-111.3479995727539
MAM,MMMA,General Servando Canales International Airport,Matamoros,Mexico,25.7698993683,-97.5252990723
MID,MMMD,Licenciado Manuel Crescencio Rejon Int Airport,Merida,Mexico,20.9370002747,-89.657699585
MXL,MMML,General Rodolfo Sánchez Taboada International Airport,Mexicali,Mexico,32.6306,-115.241997
MLM,MMMM,General Francisco J. Mujica International Airport,Morelia,Mexico,19.849899292,-101.025001526
MTT,MMMT,Minatitlán/Coatzacoalcos National Airport,Minatitlan,Mexico,18.1033992767,-94.5807037354
LOV,MMMV,Monclova International Airport,Monclova,Mexico,26.9557,-101.470001
MEX,MMMX,Licenciado Benito Juarez International Airport,Mexico City,Mexico,19.4363,-99.072098
MTY,MMMY,General Mariano Escobedo International Airport,Monterrey,Mexico,25.7784996033,-100.107002258
MZT,MMMZ,General Rafael Buelna International Airport,Mazatlan,Mexico,23.1613998413,-106.26599884
NOG,MMNG,Nogales International Airport,Nogales,Mexico,31.22610092163086,-110.97599792480467
NLD,MMNL,Quetzalcóatl International Airport,Nuevo Laredo,Mexico,27.4438991547,-99.5705032349
OAX,MMOX,Xoxocotlán International Airport,Oaxaca,Mexico,16.9999008179,-96.726600647
PAZ,MMPA,El Tajín National Airport,Poza Rico,Mexico,20.6026992798,-97.4608001709
PBC,MMPB,Hermanos Serdán International Airport,Puebla,Mexico,19.1581001282,-98.3713989258
PPE,MMPE,Mar de Cortés International Airport,Punta Penasco,Mexico,31.351987,-113.305177
PDS,MMPG,Piedras Negras International Airport,Piedras Negras,Mexico,28.627399,-100.535004
UPN,MMPN,Licenciado y General Ignacio Lopez Rayon Airport,Uruapan,Mexico,19.396699905395508,-102.03900146484376
PVR,MMPR,Licenciado Gustavo Díaz Ordaz International Airport,Puerto Vallarta,Mexico,20.680099487304688,-105.25399780273438
PXM,MMPS,Puerto Escondido International Airport,Puerto Escondido,Mexico,15.8769,-97.089103
QRO,MMQT,Querétaro Intercontinental Airport,Queretaro,Mexico,20.6173,-100.185997
REX,MMRX,General Lucio Blanco International Airport,Reynosa,Mexico,26.0089,-98.2285
SJD,MMSD,Los Cabos International Airport,San Jose Del Cabo,Mexico,23.15180015563965,-109.72100067138672
SFH,MMSF,San Felipe International Airport,San Filipe,Mexico,30.930200576782,-114.80899810791
SLP,MMSP,Ponciano Arriaga International Airport,San Luis Potosi,Mexico,22.254299163800003,-100.930999756
TRC,MMTC,Francisco Sarabia International Airport,Torreon,Mexico,25.5683002472,-103.411003113
TGZ,MMTG,Angel Albino Corzo International Airport,Tuxtla Gutierrez,Mexico,16.5636005402,-93.0224990845
TIJ,MMTJ,General Abelardo L. Rodríguez International Airport,Tijuana,Mexico,32.541099548339844,-116.97000122070312
TAM,MMTM,General Francisco Javier Mina International Airport,Tampico,Mexico,22.2964000702,-97.8658981323
TSL,MMTN,Tamuin Airport,Tamuin,Mexico,22.0383,-98.806502
TLC,MMTO,Licenciado Adolfo Lopez Mateos International Airport,Toluca,Mexico,19.3370990753,-99.56600189210002
TAP,MMTP,Tapachula International Airport,Tapachula,Mexico,14.7943000793,-92.3700027466
CUN,MMUN,Cancún International Airport,Cancun,Mexico,21.036500930800003,-86.8770980835
VSA,MMVA,Carlos Rovirosa Pérez International Airport,Villahermosa,Mexico,17.996999740600586,-92.81739807128906
VER,MMVR,General Heriberto Jara International Airport,Vera Cruz,Mexico,19.1459007263,-96.1873016357
ZCL,MMZC,General Leobardo C. Ruiz International Airport,Zacatecas,Mexico,22.8971004486,-102.68699646
ZIH,MMZH,Ixtapa Zihuatanejo International Airport,Zihuatanejo,Mexico,17.601600647,-101.460998535
ZMM,MMZM,Zamora Airport,Zamora,Mexico,20.045,-102.276001
ZLO,MMZO,Playa De Oro International Airport,Manzanillo,Mexico,19.1448001862,-104.558998108
BEF,MNBL,Bluefields Airport,Bluefields,Nicaragua,11.991000175476074,-83.77410125732422
MGA,MNMG,Augusto C. Sandino (Managua) International Airport,Managua,Nicaragua,12.14150047302246,-86.16819763183594
PUZ,MNPC,Puerto Cabezas Airport,Puerto Cabezas,Nicaragua,14.047200202941896,-83.38670349121094
BOC,MPBO,Bocas Del Toro International Airport,Bocas Del Toro,Panama,9.340849876403809,-82.25080108642578
CHX,MPCH,Cap Manuel Niño International Airport,Changuinola,Panama,9.458962,-82.515062
DAV,MPDA,Enrique Malek International Airport,David,Panama,8.390999794006348,-82.43499755859375
BLB,MPHO,Panama Pacific International Airport,Howard,Panama,8.91479,-79.599602
PAC,MPMG,Marcos A. Gelabert International Airport,Panama,Panama,8.973340034484863,-79.55560302734375
SYP,MPSA,Ruben Cantu Airport,Santiago,Panama,8.085599899291992,-80.94529724121094
PTY,MPTO,Tocumen International Airport,Panama City,Panama,9.0713596344,-79.3834991455
BAI,MRBA,Buenos Aires Airport,Buenos Aires,Costa Rica,9.163949,-83.330171
OTR,MRCC,Coto 47 Airport,Coto 47,Costa Rica,8.60155963897705,-82.96859741210938
JAP,MRCH,Chacarita Airport,Chacarita,Costa Rica,9.98141002655,-84.7726974487
GLF,MRGF,Golfito Airport,Golfito,Costa Rica,8.654009819030762,-83.18219757080078
GPL,MRGP,Guapiles Airport,Guapiles,Costa Rica,10.2172002792,-83.79699707030001
LIR,MRLB,Daniel Oduber Quiros International Airport,Liberia,Costa Rica,10.5933,-85.544403
LSL,MRLC,Los Chiles Airport,Los Chiles,Costa Rica,11.035300254821776,-84.70610046386719
LIO,MRLM,Limon International Airport,Limon,Costa Rica,9.95796012878418,-83.02200317382812
NOB,MRNS,Nosara Airport,Nosara Beach,Costa Rica,9.97649002075,-85.65299987790002
SJO,MROC,Juan Santamaria International Airport,San Jose,Costa Rica,9.993860244750977,-84.20880126953125
PMZ,MRPM,Palmar Sur Airport,Palmar Sur,Costa Rica,8.951029777526855,-83.46859741210938
XQP,MRQP,Quepos Managua Airport,Quepos,Costa Rica,9.443160057067873,-84.12979888916016
TOO,MRSV,San Vito De Java Airport,San Vito De Jaba,Costa Rica,8.826109886169434,-82.95890045166016
SAL,MSLP,Monseñor Óscar Arnulfo Romero International Airport,San Salvador,El Salvador,13.4409,-89.055702
CYA,MTCA,Les Cayes Airport,Cayes,Haiti,18.27109909057617,-73.78829956054688
CAP,MTCH,Cap Haitien International Airport,Cap Haitien,Haiti,19.733,-72.194702
JAK,MTJA,Jacmel Airport,Jacmel,Haiti,18.241100311279297,-72.51850128173828
PAP,MTPP,Toussaint Louverture International Airport,Port-au-prince,Haiti,18.57999992370605,-72.2925033569336
BCA,MUBA,Gustavo Rizo Airport,Baracoa Playa,Cuba,20.36529922485352,-74.5062026977539
BYM,MUBY,Carlos Manuel de Cespedes Airport,Bayamo,Cuba,20.39640045166016,-76.62139892578125
AVI,MUCA,Maximo Gomez Airport,Ciego De Avila,Cuba,22.027099609375,-78.78959655761719
CCC,MUCC,Jardines Del Rey Airport,Cunagua,Cuba,22.4610004425,-78.32839965820001
CFG,MUCF,Jaime Gonzalez Airport,Cienfuegos,Cuba,22.149999618530277,-80.41419982910156
CYO,MUCL,Vilo Acuña International Airport,Cayo Largo del Sur,Cuba,21.6165008545,-81.5459976196
CMW,MUCM,Ignacio Agramonte International Airport,Camaguey,Cuba,21.420299530029297,-77.84750366210938
SCU,MUCU,Antonio Maceo International Airport,Santiago De Cuba,Cuba,19.96980094909668,-75.83540344238281
NBW,MUGM,Leeward Point Field,Guantanamo,Cuba,19.906499862671,-75.207099914551
GAO,MUGT,Mariana Grajales Airport,Guantanamo,Cuba,20.08530044555664,-75.1583023071289
HAV,MUHA,José Martí International Airport,Havana,Cuba,22.989200592041016,-82.40910339355469
HOG,MUHG,Frank Pais International Airport,Holguin,Cuba,20.785600662231445,-76.31510162353516
LCL,MULM,La Coloma Airport,La Coloma,Cuba,22.33609962463379,-83.64189910888672
MOA,MUMO,Orestes Acosta Airport,Moa,Cuba,20.65390014648437,-74.92220306396484
MZO,MUMZ,Sierra Maestra Airport,Manzanillo,Cuba,20.28809928894043,-77.08920288085938
GER,MUNG,Rafael Cabrera Airport,Nueva Gerona,Cuba,21.834699630737305,-82.78379821777344
UPB,MUPB,Playa Baracoa Airport,Baracoa Playa,Cuba,23.0328006744,-82.5793991089
QPD,MUPR,Pinar Del Rio Airport,Pinar Del Rio Norte,Cuba,22.42140007019043,-83.67839813232422
SNU,MUSC,Abel Santamaria Airport,Santa Clara,Cuba,22.49220085144043,-79.943603515625
SZJ,MUSN,Siguanea Airport,Siguanea,Cuba,21.64249992370605,-82.9551010131836
USS,MUSS,Sancti Spiritus Airport,Sancti Spiritus,Cuba,21.9704,-79.442703
VRA,MUVR,Juan Gualberto Gomez International Airport,Varadero,Cuba,23.034400939941406,-81.435302734375
VTU,MUVT,Hermanos Ameijeiras Airport,Las Tunas,Cuba,20.98760032653809,-76.93579864501953
CYB,MWCB,Gerrard Smith International Airport,Cayman Brac,Cayman Islands,19.687000274658203,-79.88279724121094
GCM,MWCR,Owen Roberts International Airport,Georgetown,Cayman Islands,19.2928009033,-81.3576965332
MAY,MYAB,Clarence A. Bain Airport,Clarence Bain,Bahamas,24.28770065307617,-77.68460083007812
ASD,MYAF,Andros Town Airport,Andros Town,Bahamas,24.697900772094727,-77.79560089111328
MHH,MYAM,Leonard M Thompson International Airport,Marsh Harbor,Bahamas,26.5114,-77.083503
SAQ,MYAN,San Andros Airport,San Andros,Bahamas,25.053800582885746,-78.04900360107422
AXP,MYAP,Spring Point Airport,Spring Point,Bahamas,22.441799163800003,-73.97090148930002
TCB,MYAT,Treasure Cay Airport,Treasure Cay,Bahamas,26.745300293,-77.3912963867
CCZ,MYBC,Chub Cay Airport,Chub Cay,Bahamas,25.41710090637207,-77.88089752197266
GHC,MYBG,Great Harbour Cay Airport,Bullocks Harbour,Bahamas,25.7383,-77.840103
BIM,MYBS,South Bimini Airport,Alice Town,Bahamas,25.6998996735,-79.2647018433
GGT,MYEF,Exuma International Airport,Great Exuma,Bahamas,23.5625991821,-75.8779983521
ELH,MYEH,North Eleuthera Airport,North Eleuthera,Bahamas,25.474899292,-76.6835021973
GHB,MYEM,Governor's Harbour Airport,Governor's Harbor,Bahamas,25.2847003937,-76.3310012817
NMC,MYEN,Normans Cay Airport,Norman's Cay,Bahamas,24.59429931640625,-76.82019805908203
RSD,MYER,Rock Sound Airport,Rock Sound,Bahamas,24.8950787333,-76.1768817902
TYM,MYES,Staniel Cay Airport,Staniel Cay,Bahamas,24.169099807739254,-76.43910217285156
FPO,MYGF,Grand Bahama International Airport,Freeport,Bahamas,26.5587005615,-78.695602417
IGA,MYIG,Inagua Airport,Matthew Town,Bahamas,20.975000381469727,-73.66690063476562
LGI,MYLD,Deadman's Cay Airport,Dead Man's Cay,Bahamas,23.1790008545,-75.09359741210001
SML,MYLS,Stella Maris Airport,Stella Maris,Bahamas,23.582317,-75.268621
MYG,MYMM,Mayaguana Airport,Mayaguana,Bahamas,22.379499,-73.013494
NAS,MYNN,Lynden Pindling International Airport,Nassau,Bahamas,25.0389995575,-77.46620178219999
DCT,MYRD,Duncan Town Airport,Duncan Town,Bahamas,22.18180084228516,-75.72949981689453
RCY,MYRP,Rum Cay Airport,Port Nelson,Bahamas,23.68440055847168,-74.83619689941406
ZSA,MYSM,San Salvador Airport,Cockburn Town,Bahamas,24.06329917907715,-74.52400207519531
BZE,MZBZ,Philip S. W. Goldson International Airport,Belize City,Belize,17.539100646972656,-88.30819702148438
AIT,NCAI,Aitutaki Airport,Aitutaki,Cook Islands,-18.830900192260746,-159.76400756835938
RAR,NCRG,Rarotonga International Airport,Avarua,Cook Islands,-21.2026996613,-159.805999756
NAN,NFFN,Nadi International Airport,Nandi,Fiji,-17.755399703979492,177.4429931640625
SUV,NFNA,Nausori International Airport,Nausori,Fiji,-18.04330062866211,178.5590057373047
TBU,NFTF,Fua'amotu International Airport,Tongatapu,Tonga,-21.241199493408203,-175.14999389648438
VAV,NFTV,Vava'u International Airport,Vava'u,Tonga,-18.58530044555664,-173.96200561523438
TRW,NGTA,Bonriki International Airport,Tarawa,Kiribati,1.3816399574279783,173.14700317382812
TBF,NGTE,Tabiteuea North Airport,Tabiteuea North,Kiribati,-1.2244700193405151,174.7760009765625
WLS,NLWW,Hihifo Airport,Wallis,Wallis and Futuna,-13.2383003235,-176.199005127
APW,NSFA,Faleolo International Airport,Faleolo,Samoa,-13.829999923706056,-172.00799560546875
PPG,NSTU,Pago Pago International Airport,Pago Pago,American Samoa,-14.3310003281,-170.710006714
RUR,NTAR,Rurutu Airport,Rurutu,French Polynesia,-22.43409919738769,-151.36099243164062
TUB,NTAT,Tubuai Airport,Tubuai,French Polynesia,-23.36540031433105,-149.5240020751953
AAA,NTGA,Anaa Airport,Anaa,French Polynesia,-17.35260009765625,-145.50999450683594
FGU,NTGB,Fangatau Airport,Fangatau,French Polynesia,-15.819899559020996,-140.88699340820312
TIH,NTGC,Tikehau Airport,Tikehau,French Polynesia,-15.119600296020508,-148.2310028076172
REA,NTGE,Reao Airport,Reao,French Polynesia,-18.465900421142575,-136.44000244140625
FAV,NTGF,Fakarava Airport,Fakarava,French Polynesia,-16.054100036621094,-145.65699768066406
XMH,NTGI,Manihi Airport,Manihi,French Polynesia,-14.436800003051758,-146.07000732421875
GMR,NTGJ,Totegegie Airport,Totegegie,French Polynesia,-23.07990074157715,-134.88999938964844
KKR,NTGK,Kaukura Airport,Kaukura Atoll,French Polynesia,-15.663299560546877,-146.88499450683594
MKP,NTGM,Makemo Airport,Makemo,French Polynesia,-16.583900451660156,-143.6580047607422
PKP,NTGP,Puka Puka Airport,Puka Puka,French Polynesia,-14.809499740600586,-138.81300354003906
TKP,NTGT,Takapoto Airport,Takapoto,French Polynesia,-14.709500312805176,-145.24600219726562
AXR,NTGU,Arutua Airport,Arutua,French Polynesia,-15.248299598693848,-146.61700439453125
MVT,NTGV,Mataiva Airport,Mataiva,French Polynesia,-14.8681001663208,-148.7169952392578
TKX,NTKR,Takaroa Airport,Takaroa,French Polynesia,-14.45580005645752,-145.02499389648438
NHV,NTMD,Nuku Hiva Airport,Nuku Hiva,French Polynesia,-8.795599937438965,-140.22900390625
BOB,NTTB,Bora Bora Airport,Bora Bora,French Polynesia,-16.444400787353516,-151.75100708007812
RGI,NTTG,Rangiroa Airport,Rangiroa,French Polynesia,-14.954299926757812,-147.66099548339844
HUH,NTTH,Huahine-Fare Airport,Huahine Island,French Polynesia,-16.68720054626465,-151.02200317382812
MOZ,NTTM,Moorea Airport,Moorea,French Polynesia,-17.49,-149.761993
HOI,NTTO,Hao Airport,Hao Island,French Polynesia,-18.074800491333008,-140.9459991455078
MAU,NTTP,Maupiti Airport,Maupiti,French Polynesia,-16.42650032043457,-152.24400329589844
RFP,NTTR,Raiatea Airport,Raiatea Island,French Polynesia,-16.7229,-151.466003
VLI,NVVV,Bauerfield International Airport,Port-vila,Vanuatu,-17.699300765991,168.32000732422
KNQ,NWWD,Koné Airport,Kone,New Caledonia,-21.05430030822754,164.83700561523438
KOC,NWWK,Koumac Airport,Koumac,New Caledonia,-20.546300888061523,164.25599670410156
LIF,NWWL,Lifou Airport,Lifou,New Caledonia,-20.774799346923828,167.24000549316406
GEA,NWWM,Nouméa Magenta Airport,Noumea,New Caledonia,-22.25830078125,166.47300720214844
MEE,NWWR,Maré Airport,Mare,New Caledonia,-21.4817008972168,168.03799438476562
TOU,NWWU,Touho Airport,Touho,New Caledonia,-20.790000915527344,165.25900268554688
UVE,NWWV,Ouvéa Airport,Ouvea,New Caledonia,-20.640600204467773,166.572998046875
NOU,NWWW,La Tontouta International Airport,Noumea,New Caledonia,-22.01460075378418,166.21299743652344
AKL,NZAA,Auckland International Airport,Auckland,New Zealand,-37.0080986023,174.792007446
TUO,NZAP,Taupo Airport,Taupo,New Zealand,-38.73970031738281,176.08399963378906
AMZ,NZAR,Ardmore Airport,Ardmore,New Zealand,-37.02970123291016,174.97300720214844
CHC,NZCH,Christchurch International Airport,Christchurch,New Zealand,-43.48939895629883,172.53199768066406
CHT,NZCI,Chatham Islands-Tuuta Airport,Chatham Island,New Zealand,-43.810001373291016,-176.45700073242188
DUD,NZDN,Dunedin Airport,Dunedin,New Zealand,-45.9281005859375,170.197998046875
GIS,NZGS,Gisborne Airport,Gisborne,New Zealand,-38.66329956054688,177.97799682617188
GTN,NZGT,Glentanner Airport,Glentanner,New Zealand,-43.906700134277344,170.1280059814453
HKK,NZHK,Hokitika Airfield,Hokitika,New Zealand,-42.713600158691406,170.98500061035156
HLZ,NZHN,Hamilton International Airport,Hamilton,New Zealand,-37.8666992188,175.332000732
KKE,NZKK,Kerikeri Airport,Kerikeri,New Zealand,-35.26279830932617,173.91200256347656
KAT,NZKT,Kaitaia Airport,Kaitaia,New Zealand,-35.06999969482422,173.28500366210938
ALR,NZLX,Alexandra Airport,Alexandra,New Zealand,-45.211700439453125,169.3730010986328
MON,NZMC,Mount Cook Airport,Mount Cook,New Zealand,-43.76499938964844,170.13299560546875
TEU,NZMO,Manapouri Airport,Manapouri,New Zealand,-45.53310012817383,167.64999389648438
MRO,NZMS,Hood Airport,Masterton,New Zealand,-40.97330093383789,175.63400268554688
NPL,NZNP,New Plymouth Airport,New Plymouth,New Zealand,-39.00859832763672,174.1790008544922
NSN,NZNS,Nelson Airport,Nelson,New Zealand,-41.298301696777344,173.2209930419922
IVC,NZNV,Invercargill Airport,Invercargill,New Zealand,-46.41239929199219,168.31300354003906
OHA,NZOH,RNZAF Base Ohakea,Ohakea,New Zealand,-40.20600128173828,175.38800048828125
OAM,NZOU,Oamaru Airport,Oamaru,New Zealand,-44.970001220703125,171.08200073242188
PMR,NZPM,Palmerston North Airport,Palmerston North,New Zealand,-40.32059860229492,175.61700439453125
PPQ,NZPP,Paraparaumu Airport,Paraparaumu,New Zealand,-40.90470123291016,174.98899841308594
ZQN,NZQN,Queenstown International Airport,Queenstown International,New Zealand,-45.0210990906,168.738998413
ROT,NZRO,Rotorua Regional Airport,Rotorua,New Zealand,-38.10919952392578,176.31700134277344
TRG,NZTG,Tauranga Airport,Tauranga,New Zealand,-37.67190170288086,176.1959991455078
TIU,NZTU,Timaru Airport,Timaru,New Zealand,-44.30279922485352,171.22500610351562
TWZ,NZUK,Pukaki Airport,Pukaki,New Zealand,-44.2350006104,170.117996216
BHE,NZWB,Woodbourne Airport,Woodbourne,New Zealand,-41.5182991027832,173.8699951171875
WKA,NZWF,Wanaka Airport,Wanaka,New Zealand,-44.722198486328,169.24600219727
WHK,NZWK,Whakatane Airport,Whakatane,New Zealand,-37.92060089111328,176.91400146484375
WLG,NZWN,Wellington International Airport,Wellington,New Zealand,-41.3272018433,174.804992676
WIR,NZWO,Wairoa Airport,Wairoa,New Zealand,-39.00690078735352,177.40699768066406
WRE,NZWR,Whangarei Airport,Whangarei,New Zealand,-35.7682991027832,174.36500549316406
WSZ,NZWS,Westport Airport,Westport,New Zealand,-41.73809814453125,171.58099365234375
WAG,NZWU,Wanganui Airport,Wanganui,New Zealand,-39.96220016479492,175.02499389648438
HEA,OAHR,Herat Airport,Herat,Afghanistan,34.209999084472656,62.22829818725586
JAA,OAJL,Jalalabad Airport,Jalalabad,Afghanistan,34.39979934692383,70.49859619140625
KBL,OAKB,Hamid Karzai International Airport,Kabul,Afghanistan,34.565899,69.212303
KDH,OAKN,Kandahar Airport,Kandahar,Afghanistan,31.505800247192383,65.8478012084961
MMZ,OAMN,Maimana Airport,Maimama,Afghanistan,35.93080139160156,64.76090240478516
MZR,OAMS,Mazar I Sharif Airport,Mazar-i-sharif,Afghanistan,36.70690155029297,67.20970153808594
OAH,OASD,Shindand Airport,Shindand,Afghanistan,33.3913002014,62.2610015869
UND,OAUZ,Konduz Airport,Kunduz,Afghanistan,36.66510009765625,68.91079711914062
BAH,OBBI,Bahrain International Airport,Bahrain,Bahrain,26.27079963684082,50.63359832763672
AHB,OEAB,Abha Regional Airport,Abha,Saudi Arabia,18.2404003143,42.65660095210001
HOF,OEAH,Al Ahsa Airport,Al-ahsa,Saudi Arabia,25.28529930114746,49.485198974609375
ABT,OEBA,Al Baha Airport,El-baha,Saudi Arabia,20.2961006165,41.6343002319
BHH,OEBH,Bisha Airport,Bisha,Saudi Arabia,19.984399795532227,42.62089920043945
DMM,OEDF,King Fahd International Airport,Dammam,Saudi Arabia,26.471200942993164,49.79790115356445
DHA,OEDR,King Abdulaziz Air Base,Dhahran,Saudi Arabia,26.265399932900003,50.1520004272
GIZ,OEGN,Jizan Regional Airport,Gizan,Saudi Arabia,16.901100158691406,42.58580017089844
ELQ,OEGS,Gassim Airport,Gassim,Saudi Arabia,26.30279922485352,43.77439880371094
URY,OEGT,Gurayat Domestic Airport,Guriat,Saudi Arabia,31.412413,37.278898
HAS,OEHL,Ha'il Airport,Hail,Saudi Arabia,27.437901,41.686298
QJB,OEJB,Jubail Airport,Jubail,Saudi Arabia,27.03899955749512,49.40510177612305
JED,OEJN,King Abdulaziz International Airport,Jeddah,Saudi Arabia,21.6796,39.156502
KMC,OEKK,King Khaled Military City Airport,King Khalid Mil.city,Saudi Arabia,27.9009,45.528198
MED,OEMA,Prince Mohammad Bin Abdulaziz Airport,Madinah,Saudi Arabia,24.5534,39.705101
EAM,OENG,Nejran Airport,Nejran,Saudi Arabia,17.611400604248047,44.4192008972168
AQI,OEPA,Al Qaisumah/Hafr Al Batin Airport,Hafr Al-batin,Saudi Arabia,28.335199,46.125099
RAH,OERF,Rafha Domestic Airport,Rafha,Saudi Arabia,29.626399993896484,43.4906005859375
RUH,OERK,King Khaled International Airport,Riyadh,Saudi Arabia,24.957599639892575,46.69879913330078
RAE,OERR,Arar Domestic Airport,Arar,Saudi Arabia,30.90660095214844,41.13819885253906
SHW,OESH,Sharurah Airport,Sharurah,Saudi Arabia,17.466899871826172,47.12139892578125
SLF,OESL,Sulayel Airport,Sulayel,Saudi Arabia,20.46470069885254,45.61959838867188
TUU,OETB,Tabuk Airport,Tabuk,Saudi Arabia,28.3654,36.6189
TIF,OETF,Ta’if Regional Airport,Taif,Saudi Arabia,21.483001,40.543442
TUI,OETR,Turaif Domestic Airport,Turaif,Saudi Arabia,31.692188,38.731544
EJH,OEWJ,Al Wajh Domestic Airport,Wejh,Saudi Arabia,26.19860076904297,36.47639846801758
YNB,OEYN,Prince Abdulmohsin Bin Abdulaziz Airport,Yenbo,Saudi Arabia,24.144199,38.0634
ABD,OIAA,Abadan Airport,Abadan,Iran,30.371099472,48.2282981873
DEF,OIAD,Dezful Airport,Dezful,Iran,32.434399,48.397598
AKW,OIAG,Aghajari Airport,Aghajari,Iran,30.7444,49.6772
GCH,OIAH,Gachsaran Airport,Gachsaran,Iran,30.337600708,50.827999115
OMI,OIAJ,Omidiyeh Airport,Omidyeh,Iran,30.8351993560791,49.5349006652832
MRX,OIAM,Mahshahr Airport,Bandar Mahshahr,Iran,30.55620002746582,49.15190124511719
AWZ,OIAW,Ahwaz Airport,Ahwaz,Iran,31.3374004364,48.7620010376
AEU,OIBA,Abu Musa Island Airport,Abumusa I.,Iran,25.8757,55.033001
BUZ,OIBB,Bushehr Airport,Bushehr,Iran,28.9447994232,50.8345985413
KIH,OIBK,Kish International Airport,Kish Island,Iran,26.5261993408,53.9802017212
BDH,OIBL,Bandar Lengeh Airport,Bandar Lengeh,Iran,26.531999588,54.824798584
KHK,OIBQ,Khark Island Airport,Khark Island,Iran,29.260299682617188,50.32389831542969
SXI,OIBS,Sirri Island Airport,Siri Island,Iran,25.908899307250977,54.539398193359375
LVP,OIBV,Lavan Island Airport,Lavan Island,Iran,26.810300827026367,53.35630035400391
KSH,OICC,Shahid Ashrafi Esfahani Airport,Bakhtaran,Iran,34.3459014893,47.1581001282
SDG,OICS,Sanandaj Airport,Sanandaj,Iran,35.24589920043945,47.00920104980469
IFH,OIFE,Hesa Airport,Daran,Iran,32.92890167236328,51.56110000610352
KKS,OIFK,Kashan Airport,Kashan,Iran,33.895302,51.577
IFN,OIFM,Esfahan Shahid Beheshti International Airport,Esfahan,Iran,32.75080108642578,51.86130142211914
RAS,OIGG,Sardar-e-Jangal Airport,Rasht,Iran,37.323333,49.617778
AJK,OIHR,Arak Airport,Arak,Iran,34.13809967041016,49.8473014831543
THR,OIII,Mehrabad International Airport,Teheran,Iran,35.68920135498047,51.31340026855469
GZW,OIIK,Qazvin Airport,Ghazvin,Iran,36.240101,50.0471
BND,OIKB,Bandar Abbas International Airport,Bandar Abbas,Iran,27.218299865722656,56.37779998779297
JYR,OIKJ,Jiroft Airport,Jiroft,Iran,28.7269001007,57.67029953
KER,OIKK,Kerman Airport,Kerman,Iran,30.2744007111,56.9510993958
HDR,OIKP,Havadarya Airport,Bandar Abbas,Iran,27.158300399780277,56.17250061035156
SYJ,OIKY,Sirjan Airport,Sirjan,Iran,29.550899505615234,55.672698974609375
XBJ,OIMB,Birjand Airport,Birjand,Iran,32.898101806640625,59.2661018371582
CKT,OIMC,Sarakhs Airport,Sarakhs,Iran,36.50120162963867,61.06489944458008
RUD,OIMJ,Shahroud Airport,Emam Shahr,Iran,36.4253005981,55.1041984558
TCX,OIMT,Tabas Airport,Tabas,Iran,33.6678009033,56.8927001953
KLM,OINE,Kalaleh Airport,Kalaleh,Iran,37.3833007812,55.4519996643
RZR,OINR,Ramsar Airport,Ramsar,Iran,36.9099006652832,50.67959976196289
FAZ,OISF,Fasa Airport,Fasa,Iran,28.89179992675781,53.72330093383789
JAR,OISJ,Jahrom Airport,Jahrom,Iran,28.5867004395,53.5791015625
LFM,OISR,Lamerd Airport,Lamerd,Iran,27.3726997375,53.18880081179999
SYZ,OISS,Shiraz Shahid Dastghaib International Airport,Shiraz,Iran,29.53919982910156,52.58980178833008
KHY,OITK,Khoy Airport,Khoy,Iran,38.4275016784668,44.97359848022461
TBZ,OITT,Tabriz International Airport,Tabriz,Iran,38.1338996887207,46.23500061035156
JWN,OITZ,Zanjan Airport,Zanjan,Iran,36.7737007141,48.3594017029
AZD,OIYY,Shahid Sadooghi Airport,Yazd,Iran,31.9048995972,54.2765007019
ACZ,OIZB,Zabol Airport,Zabol,Iran,31.09830093383789,61.54389953613281
ZBR,OIZC,Konarak Airport,Chah Bahar,Iran,25.4433002472,60.3820991516
ZAH,OIZH,Zahedan International Airport,Zahedan,Iran,29.47570037841797,60.90620040893555
IHR,OIZI,Iran Shahr Airport,Iran Shahr,Iran,27.2360992432,60.7200012207
AMM,OJAI,Queen Alia International Airport,Amman,Jordan,31.7226009369,35.9931983948
ADJ,OJAM,Amman-Marka International Airport,Amman,Jordan,31.972700119018555,35.991600036621094
AQJ,OJAQ,Aqaba King Hussein International Airport,Aqaba,Jordan,29.61160087585449,35.01810073852539
OMF,OJMF,King Hussein Air College,Mafraq,Jordan,32.3564,36.259201
KWI,OKBK,Kuwait International Airport,Kuwait,Kuwait,29.226600646972656,47.96889877319336
BEY,OLBA,Beirut Rafic Hariri International Airport,Beirut,Lebanon,33.820899963378906,35.488399505615234
KYE,OLKA,Rene Mouawad Air Base,Kleiat,Lebanon,34.589298248291016,36.01129913330078
AUH,OMAA,Abu Dhabi International Airport,Abu Dhabi,United Arab Emirates,24.433000564575195,54.651100158691406
AZI,OMAD,Bateen Airport,Abu Dhabi,United Arab Emirates,24.428300857543945,54.458099365234375
DHF,OMAM,Al Dhafra Air Base,Abu Dhabi,United Arab Emirates,24.248199462900004,54.5476989746
DXB,OMDB,Dubai International Airport,Dubai,United Arab Emirates,25.2527999878,55.3643989563
FJR,OMFJ,Fujairah International Airport,Fujeirah,United Arab Emirates,25.112199783325195,56.32400131225586
RKT,OMRK,Ras Al Khaimah International Airport,Ras Al Khaimah,United Arab Emirates,25.613500595092773,55.93880081176758
SHJ,OMSJ,Sharjah International Airport,Sharjah,United Arab Emirates,25.32859992980957,55.5172004699707
KHS,OOKB,Khasab Air Base,Khasab,Oman,26.17099952697754,56.2406005859375
MSH,OOMA,Masirah Air Base,Masirah,Oman,20.67539978027344,58.89049911499024
MCT,OOMS,Muscat International Airport,Muscat,Oman,23.593299865722656,58.284400939941406
SLL,OOSA,Salalah Airport,Salalah,Oman,17.038700103759766,54.09130096435547
TTH,OOTH,Thumrait Air Base,Thumrait,Oman,17.666000366210938,54.024600982666016
BHW,OPBG,Bhagatanwala Airport,Bhagtanwala,Pakistan,32.056098938,72.94840240479999
LYP,OPFA,Faisalabad International Airport,Faisalabad,Pakistan,31.364999771118164,72.99479675292969
GWD,OPGD,Gwadar International Airport,Gwadar,Pakistan,25.233299255371094,62.329498291015625
GIL,OPGT,Gilgit Airport,Gilgit,Pakistan,35.918800354003906,74.33360290527344
JAG,OPJA,Shahbaz Air Base,Jacobsbad,Pakistan,28.28420066833496,68.44969940185547
KHI,OPKC,Jinnah International Airport,Karachi,Pakistan,24.9065,67.160797
LHE,OPLA,Alama Iqbal International Airport,Lahore,Pakistan,31.5216007232666,74.40360260009766
XJM,OPMA,Mangla Airport,Mangla,Pakistan,33.05009841918945,73.63839721679688
MFG,OPMF,Muzaffarabad Airport,Muzaffarabad,Pakistan,34.3390007019043,73.50859832763672
MWD,OPMI,Mianwali Air Base,Mianwali,Pakistan,32.5630989074707,71.5707015991211
MJD,OPMJ,Moenjodaro Airport,Moenjodaro,Pakistan,27.3351993560791,68.14309692382812
MUX,OPMT,Multan International Airport,Multan,Pakistan,30.20319938659668,71.41909790039062
WNS,OPNH,Shaheed Benazirabad Airport,Nawabshah,Pakistan,26.2194,68.390099
PJG,OPPG,Panjgur Airport,Panjgur,Pakistan,26.954500198364254,64.13249969482422
PSI,OPPI,Pasni Airport,Pasni,Pakistan,25.29050064086914,63.34510040283203
PEW,OPPS,Peshawar International Airport,Peshawar,Pakistan,33.993900299072266,71.51460266113281
UET,OPQT,Quetta International Airport,Quetta,Pakistan,30.251399993896484,66.93779754638672
RYK,OPRK,Shaikh Zaid Airport,Rahim Yar Khan,Pakistan,28.383899688720703,70.27960205078125
RAZ,OPRT,Rawalakot Airport,Rawala Kot,Pakistan,33.849700927734375,73.79810333251953
SKZ,OPSK,Sukkur Airport,Sukkur,Pakistan,27.722000122070312,68.79170227050781
SDT,OPSS,Saidu Sharif Airport,Saidu Sharif,Pakistan,34.8135986328125,72.35279846191406
SUL,OPSU,Sui Airport,Sui,Pakistan,28.645099639892575,69.1769027709961
BDN,OPTH,Talhar Airport,Talhar,Pakistan,24.84149932861328,68.8384017944336
WAF,OPWN,Wana Airport,Wana,Pakistan,32.3046989440918,69.57039642333984
PZH,OPZB,Zhob Airport,Zhob,Pakistan,31.358400344848636,69.4636001586914
BSR,ORMM,Basrah International Airport,Basrah,Iraq,30.54910087585449,47.66210174560547
ALP,OSAP,Aleppo International Airport,Aleppo,Syria,36.18069839477539,37.22439956665039
DAM,OSDI,Damascus International Airport,Damascus,Syria,33.4114990234375,36.51559829711914
DEZ,OSDZ,Deir ez-Zor Air Base,Deire Zor,Syria,35.2854,40.175999
LTK,OSLK,Bassel Al-Assad International Airport,Latakia,Syria,35.401100158691406,35.948699951171875
PMS,OSPR,Palmyra Airport,Palmyra,Syria,34.5574,38.316898
DIA,OTBD,Doha International Airport,Doha,Qatar,25.261101,51.565102
CIS,PCIS,Canton Island Airport,Canton Island,Kiribati,-2.7681200504300003,-171.710006714
ROP,PGRO,Rota International Airport,Rota,Northern Mariana Islands,14.17430019378662,145.2429962158203
SPN,PGSN,Saipan International Airport,Saipan,Northern Mariana Islands,15.119,145.729004
UAM,PGUA,Andersen Air Force Base,Andersen,Guam,13.584,144.929998
GUM,PGUM,Antonio B. Won Pat International Airport,Agana,Guam,13.4834003448,144.796005249
TIQ,PGWT,Tinian International Airport,West Tinian,Northern Mariana Islands,14.999199867248535,145.61900329589844
MAJ,PKMJ,Marshall Islands International Airport,Majuro,Marshall Islands,7.064760208129883,171.27200317382812
KWA,PKWA,Bucholz Army Air Field,Kwajalein,Marshall Islands,8.720120429992676,167.73199462890625
CXI,PLCH,Cassidy International Airport,Kiritimati,Kiribati,1.9861600399017332,-157.35000610351562
MDY,PMDY,Henderson Field,Midway,Midway Islands,28.20170021057129,-177.38099670410156
TKK,PTKK,Chuuk International Airport,Chuuk,Micronesia,7.461870193481445,151.84300231933594
PNI,PTPN,Pohnpei International Airport,Pohnpei,Micronesia,6.985099792480469,158.20899963378906
ROR,PTRO,Babelthuap Airport,Babelthuap,Palau,7.36731,134.544236
KSA,PTSA,Kosrae International Airport,Kosrae,Micronesia,5.35698,162.957993
YAP,PTYA,Yap International Airport,Yap,Micronesia,9.49891,138.082993
KNH,RCBS,Kinmen Airport,Kinmen,Taiwan,24.4279,118.359001
TTT,RCFN,Taitung Airport,Fengnin,Taiwan,22.7549991607666,121.10199737548828
GNI,RCGI,Lyudao Airport,Green Island,Taiwan,22.673900604248047,121.46600341796876
KHH,RCKH,Kaohsiung International Airport,Kaohsiung,Taiwan,22.57710075378418,120.3499984741211
CYI,RCKU,Chiayi Airport,Chiayi,Taiwan,23.46179962158203,120.39299774169922
KYD,RCLY,Lanyu Airport,Lanyu,Taiwan,22.027000427246094,121.53500366210938
RMQ,RCMQ,Taichung Ching Chuang Kang Airport,Taichung,Taiwan,24.26469993591309,120.62100219726562
TNN,RCNN,Tainan Airport,Tainan,Taiwan,22.95039939880371,120.20600128173828
HSZ,RCPO,Hsinchu Air Base,Hsinchu,Taiwan,24.8180007935,120.939002991
MZG,RCQC,Makung Airport,Makung,Taiwan,23.568700790405277,119.62799835205078
PIF,RCSQ,Pingtung North Airport,Pingtung,Taiwan,22.700199127197266,120.48200225830078
TSA,RCSS,Taipei Songshan Airport,Taipei,Taiwan,25.06940078735352,121.552001953125
TPE,RCTP,Taiwan Taoyuan International Airport,Taipei,Taiwan,25.0777,121.233002
WOT,RCWA,Wang-an Airport,Wang An,Taiwan,23.367372512817383,119.50277709960938
HUN,RCYU,Hualien Airport,Hualien,Taiwan,24.023099899291992,121.61799621582033
NRT,RJAA,Narita International Airport,Tokyo,Japan,35.7647018433,140.386001587
MMJ,RJAF,Matsumoto Airport,Matsumoto,Japan,36.16680145263672,137.92300415039062
IBR,RJAH,Hyakuri Airport,Ibaraki,Japan,36.181098938,140.414993286
MUS,RJAM,Minami Torishima Airport,Minami Tori Shima,Japan,24.2896995544,153.979003906
IWO,RJAW,Iwo Jima Airport,Iwojima,Japan,24.78400039672852,141.322998046875
SHM,RJBD,Nanki Shirahama Airport,Nanki-shirahama,Japan,33.6622009277,135.363998413
OBO,RJCB,Tokachi-Obihiro Airport,Obihiro,Japan,42.7332992554,143.216995239
CTS,RJCC,New Chitose Airport,Sapporo,Japan,42.77519989013672,141.69200134277344
HKD,RJCH,Hakodate Airport,Hakodate,Japan,41.7700004578,140.822006226
MMB,RJCM,Memanbetsu Airport,Memanbetsu,Japan,43.8805999756,144.164001465
SHB,RJCN,Nakashibetsu Airport,Nakashibetsu,Japan,43.5774993896,144.960006714
WKJ,RJCW,Wakkanai Airport,Wakkanai,Japan,45.4042015076,141.800994873
IKI,RJDB,Iki Airport,Iki,Japan,33.7490005493,129.785003662
UBJ,RJDC,Yamaguchi Ube Airport,Yamaguchi,Japan,33.930000305200004,131.279006958
TSJ,RJDT,Tsushima Airport,Tsushima,Japan,34.2849006653,129.330993652
MBE,RJEB,Monbetsu Airport,Monbetsu,Japan,44.3039016724,143.404006958
AKJ,RJEC,Asahikawa Airport,Asahikawa,Japan,43.67079925537109,142.44700622558594
OIR,RJEO,Okushiri Airport,Okushiri,Japan,42.0717010498,139.432998657
RIS,RJER,Rishiri Airport,Rishiri Island,Japan,45.2420005798,141.186004639
KUM,RJFC,Yakushima Airport,Yakushima,Japan,30.3855991364,130.658996582
FUJ,RJFE,Fukue Airport,Fukue,Japan,32.66630172729492,128.83299255371094
FUK,RJFF,Fukuoka Airport,Fukuoka,Japan,33.585899353027344,130.4510040283203
TNE,RJFG,New Tanegashima Airport,Tanegashima,Japan,30.6051006317,130.990997314
KOJ,RJFK,Kagoshima Airport,Kagoshima,Japan,31.80340003967285,130.718994140625
KMI,RJFM,Miyazaki Airport,Miyazaki,Japan,31.877199173,131.449005127
OIT,RJFO,Oita Airport,Oita,Japan,33.479400634799994,131.736999512
KKJ,RJFR,Kitakyūshū Airport,Kitakyushu,Japan,33.8459014893,131.035003662
KMJ,RJFT,Kumamoto Airport,Kumamoto,Japan,32.83729934692383,130.85499572753906
NGS,RJFU,Nagasaki Airport,Nagasaki,Japan,32.916900634799994,129.914001465
ASJ,RJKA,Amami Airport,Amami,Japan,28.430599212646484,129.71299743652344
OKE,RJKB,Okierabu Airport,Okierabu,Japan,27.4255008698,128.701004028
TKN,RJKN,Tokunoshima Airport,Tokunoshima,Japan,27.83639907836914,128.88099670410156
FKJ,RJNF,Fukui Airport,Fukui,Japan,36.1427993774,136.223999023
QGU,RJNG,Gifu Airport,Gifu,Japan,35.394100189208984,136.8699951171875
KMQ,RJNK,Komatsu Airport,Kanazawa,Japan,36.39459991455078,136.40699768066406
OKI,RJNO,Oki Airport,Oki Island,Japan,36.18109893798828,133.3249969482422
TOY,RJNT,Toyama Airport,Toyama,Japan,36.64830017089844,137.18800354003906
HIJ,RJOA,Hiroshima Airport,Hiroshima,Japan,34.4361000061,132.919006348
OKJ,RJOB,Okayama Airport,Okayama,Japan,34.7569007874,133.854995728
IZO,RJOC,Izumo Airport,Izumo,Japan,35.4136009216,132.88999939
YGJ,RJOH,Miho Yonago Airport,Miho,Japan,35.4921989440918,133.23599243164062
KCZ,RJOK,Kōchi Ryōma Airport,Kochi,Japan,33.546101,133.669006
MYJ,RJOM,Matsuyama Airport,Matsuyama,Japan,33.82720184326172,132.6999969482422
ITM,RJOO,Osaka International Airport,Osaka,Japan,34.785499572753906,135.43800354003906
TTJ,RJOR,Tottori Airport,Tottori,Japan,35.5301017761,134.167007446
TKS,RJOS,Tokushima Airport/JMSDF Air Base,Tokushima,Japan,34.132801,134.606995
TAK,RJOT,Takamatsu Airport,Takamatsu,Japan,34.2141990662,134.01600647
AOJ,RJSA,Aomori Airport,Aomori,Japan,40.73469924926758,140.6909942626953
GAJ,RJSC,Yamagata Airport,Yamagata,Japan,38.4118995667,140.371002197
SDS,RJSD,Sado Airport,Sado,Japan,38.0601997375,138.414001465
HHE,RJSH,Hachinohe Airport,Hachinoe,Japan,40.556400299072266,141.46600341796875
HNA,RJSI,Hanamaki Airport,Hanamaki,Japan,39.4286003112793,141.13499450683594
AXT,RJSK,Akita Airport,Akita,Japan,39.6156005859375,140.218994140625
MSJ,RJSM,Misawa Air Base,Misawa,Japan,40.7032012939,141.367996216
SDJ,RJSS,Sendai Airport,Sendai,Japan,38.1397018433,140.917007446
NJA,RJTA,Atsugi Naval Air Facility,Atsugi,Japan,35.4546012878418,139.4499969482422
HAC,RJTH,Hachijojima Airport,Hachijojima,Japan,33.1150016785,139.785995483
OIM,RJTO,Oshima Airport,Oshima,Japan,34.7820014954,139.36000061
HND,RJTT,Tokyo Haneda International Airport,Tokyo,Japan,35.552299,139.779999
OKO,RJTY,Yokota Air Base,Yokota,Japan,35.74850082397461,139.34800720214844
KWJ,RKJJ,Gwangju Airport,Kwangju,South Korea,35.123173,126.805444
CHN,RKJU,Jeon Ju Airport (G-703),Jhunju,South Korea,35.87808,127.119112
RSU,RKJY,Yeosu Airport,Yeosu,South Korea,34.84230041503906,127.61699676513672
KAG,RKNN,Gangneung Airport (K-18),Kangnung,South Korea,37.753601,128.943915
CJU,RKPC,Jeju International Airport,Cheju,South Korea,33.51129913330078,126.49299621582033
CHF,RKPE,Jinhae Airbase/Airport (G-813/K-10),Chinhae,South Korea,35.140248,128.696229
PUS,RKPK,Gimhae International Airport,Busan,South Korea,35.1795005798,128.93800354
USN,RKPU,Ulsan Airport,Ulsan,South Korea,35.59349823,129.352005005
SSN,RKSM,Seoul Air Base (K-16),Seoul East,South Korea,37.444744,127.112718
OSN,RKSO,Osan Air Base,Osan,South Korea,37.090599,127.029999
GMP,RKSS,Gimpo International Airport,Seoul,South Korea,37.5583,126.791
SWU,RKSW,Suwon Airport,Suwon,South Korea,37.23939895629883,127.00700378417967
KPO,RKTH,Pohang Airport (G-815/K-3),Pohang,South Korea,35.987955,129.420383
TAE,RKTN,Daegu Airport,Taegu,South Korea,35.896872,128.65531
YEC,RKTY,Yecheon Airbase,Yechon,South Korea,36.630373,128.34971
OKA,ROAH,Naha Airport,Okinawa,Japan,26.1958007812,127.646003723
DNA,RODN,Kadena Air Base,Kadena,Japan,26.3556,127.767998
ISG,ROIG,New Ishigaki Airport,Ishigaki,Japan,24.396389,124.245
UEO,ROKJ,Kumejima Airport,Kumejima,Japan,26.363500595092773,126.71399688720705
MMD,ROMD,Minami-Daito Airport,Minami Daito,Japan,25.8465003967,131.263000488
MMY,ROMY,Miyako Airport,Miyako,Japan,24.7828006744,125.294998169
KTD,RORK,Kitadaito Airport,Kitadaito,Japan,25.9447002411,131.32699585
SHI,RORS,Shimojishima Airport,Shimojishima,Japan,24.8267002106,125.144996643
TRA,RORT,Tarama Airport,Tarama,Japan,24.6539001465,124.675003052
RNJ,RORY,Yoron Airport,Yoron,Japan,27.0440006256,128.401992798
OGN,ROYN,Yonaguni Airport,Yonaguni Jima,Japan,24.46689987182617,122.97799682617188
MNL,RPLL,Ninoy Aquino International Airport,Manila,Philippines,14.5086,121.019997
CBO,RPMC,Awang Airport,Cotabato,Philippines,7.165239810943604,124.20999908447266
PAG,RPMP,Pagadian Airport,Pagadian,Philippines,7.83073144787,123.461179733
GES,RPMR,General Santos International Airport,Romblon,Philippines,6.05800008774,125.096000671
ZAM,RPMZ,Zamboanga International Airport,Zamboanga,Philippines,6.922420024871826,122.05999755859376
BAG,RPUB,Loakan Airport,Baguio,Philippines,16.375099182128906,120.62000274658205
DTE,RPUD,Daet Airport,Daet,Philippines,14.129199981689451,122.9800033569336
SJI,RPUH,San Jose Airport,San Jose,Philippines,12.361499786399998,121.04699707
MBO,RPUM,Mamburao Airport,Mamburao,Philippines,13.208100318908691,120.6050033569336
BQA,RPUR,Dr.Juan C. Angara Airport,Baler,Philippines,15.729309,121.500034
TAC,RPVA,Daniel Z. Romualdez Airport,Tacloban,Philippines,11.228035,125.027761
BCD,RPVB,Bacolod-Silay Airport,Bacolod,Philippines,10.7764,123.014999
DGT,RPVD,Sibulan Airport,Dumaguete,Philippines,9.3337097168,123.300003052
MPH,RPVE,Godofredo P. Ramos Airport,Caticlan,Philippines,11.9245,121.954002
ILO,RPVI,Iloilo International Airport,Iloilo,Philippines,10.833017,122.493358
KLO,RPVK,Kalibo International Airport,Kalibo,Philippines,11.679400444,122.375999451
PPS,RPVP,Puerto Princesa Airport,Puerto Princesa,Philippines,9.742119789123535,118.75900268554688
EUQ,RPVS,Evelio Javier Airport,San Jose,Philippines,10.765999794,121.932998657
COC,SAAC,Comodoro Pierrestegui Airport,Concordia,Argentina,-31.2969,-57.9966
GHU,SAAG,Gualeguaychu Airport,Gualeguaychu,Argentina,-33.0103,-58.6131
JNI,SAAJ,Junin Airport,Junin,Argentina,-34.5459,-60.9306
PRA,SAAP,General Urquiza Airport,Parana,Argentina,-31.7948,-60.4804
ROS,SAAR,Islas Malvinas Airport,Rosario,Argentina,-32.9036,-60.785
SFN,SAAV,Sauce Viejo Airport,Santa Fe,Argentina,-31.7117,-60.8117
AEP,SABE,Jorge Newbery Airpark,Buenos Aires,Argentina,-34.5592,-58.4156
COR,SACO,Ingeniero Ambrosio Taravella Airport,Cordoba,Argentina,-31.323601,-64.208
FDO,SADF,San Fernando Airport,San Fernando,Argentina,-34.4532,-58.5896
LPG,SADL,La Plata Airport,La Plata,Argentina,-34.9722,-57.8947
EPA,SADP,El Palomar Airport,El Palomar,Argentina,-34.6099,-58.6126
HOS,SAHC,Chos Malal Airport,Chosmadal,Argentina,-37.4446983337,-70.2225036621
GNR,SAHR,Dr. Arturo H. Illia Airport,Fuerte Gral Roca,Argentina,-39.0007019043,-67.6204986572
MDZ,SAME,El Plumerillo Airport,Mendoza,Argentina,-32.8316993713,-68.7929000854
LGS,SAMM,Comodoro D.R. Salomón Airport,Malargue,Argentina,-35.493598938,-69.5743026733
AFA,SAMR,Suboficial Ay Santiago Germano Airport,San Rafael,Argentina,-34.588299,-68.4039
CTC,SANC,Catamarca Airport,Catamarca,Argentina,-28.5956001282,-65.751701355
SDE,SANE,Vicecomodoro Angel D. La Paz Aragonés Airport,Santiago Del Estero,Argentina,-27.7655563354,-64.3099975586
IRJ,SANL,Capitan V A Almonacid Airport,La Rioja,Argentina,-29.3815994263,-66.7957992554
TUC,SANT,Teniente Benjamin Matienzo Airport,Tucuman,Argentina,-26.8409,-65.104897
UAQ,SANU,Domingo Faustino Sarmiento Airport,San Juan,Argentina,-31.571501,-68.418198
RCU,SAOC,Area De Material Airport,Rio Cuarto,Argentina,-33.0850982666,-64.2612991333
VDR,SAOD,Villa Dolores Airport,Villa Dolores,Argentina,-31.9451999664,-65.1463012695
VME,SAOR,Villa Reynolds Airport,Villa Reynolds,Argentina,-33.7299003601,-65.3873977661
LUQ,SAOU,Brigadier Mayor D Cesar Raul Ojeda Airport,San Luis,Argentina,-33.2732009888,-66.3563995361
CNQ,SARC,Corrientes Airport,Corrientes,Argentina,-27.4455,-58.7619
RES,SARE,Resistencia International Airport,Resistencia,Argentina,-27.45,-59.0561
FMA,SARF,Formosa Airport,Formosa,Argentina,-26.2127,-58.2281
IGR,SARI,Cataratas Del Iguazú International Airport,Iguazu Falls,Argentina,-25.737301,-54.4734
AOL,SARL,Paso De Los Libres Airport,Paso De Los Libres,Argentina,-29.6894,-57.1521
MCS,SARM,Monte Caseros Airport,Monte Caseros,Argentina,-30.2719,-57.6402
PSS,SARP,Libertador Gral D Jose De San Martin Airport,Posadas,Argentina,-27.3858,-55.9707
PRQ,SARS,Termal Airport,Presidencia R.s.pena,Argentina,-26.753611,-60.492222
SLA,SASA,Martin Miguel De Guemes International Airport,Salta,Argentina,-24.8560009003,-65.4861984253
JUJ,SASJ,Gobernador Horacio Guzman International Airport,Jujuy,Argentina,-24.392799,-65.097801
ORA,SASO,Orán Airport,Oran,Argentina,-23.1527996063,-64.3292007446
ELO,SATD,El Dorado Airport,El Dorado,Argentina,-26.3974990845,-54.5746994019
OYA,SATG,Goya Airport,Goya,Argentina,-29.1058,-59.2189
RCQ,SATR,Reconquista Airport,Reconquista,Argentina,-29.2103,-59.68
UZU,SATU,Curuzu Cuatia Airport,Curuzu Cuatia,Argentina,-29.7706,-57.9789
EHL,SAVB,El Bolson Airport,El Bolson,Argentina,-41.9431991577,-71.5323028564
CRD,SAVC,General E. Mosconi Airport,Comodoro Rivadavia,Argentina,-45.7853,-67.4655
EQS,SAVE,Brigadier Antonio Parodi Airport,Esquel,Argentina,-42.908000946,-71.139503479
REL,SAVT,Almirante Marco Andres Zar Airport,Trelew,Argentina,-43.2105,-65.2703
VDM,SAVV,Gobernador Castello Airport,Viedma,Argentina,-40.8692,-63.0004
PMY,SAVY,El Tehuelche Airport,Puerto Madryn,Argentina,-42.7592,-65.1027
PUD,SAWD,Puerto Deseado Airport,Puerto Deseado,Argentina,-47.7353,-65.9041
RGA,SAWE,Hermes Quijada International Airport,Rio Grande,Argentina,-53.7777,-67.7494
RGL,SAWG,Piloto Civil N. Fernández Airport,Rio Gallegos,Argentina,-51.6089,-69.3126
USH,SAWH,Malvinas Argentinas Airport,Ushuaia,Argentina,-54.8433,-68.2958
ULA,SAWJ,Capitan D Daniel Vazquez Airport,San Julian,Argentina,-49.3068,-67.8026
PMQ,SAWP,Perito Moreno Airport,Perito Moreno,Argentina,-46.537899,-70.978699
RZA,SAWU,Santa Cruz Airport,Santa Cruz,Argentina,-50.0165,-68.5792
BHI,SAZB,Comandante Espora Airport,Bahia Blanca,Argentina,-38.725,-62.1693
CSZ,SAZC,Brigadier D.H.E. Ruiz Airport,Colonel Suarez,Argentina,-37.446098,-61.889301
OVR,SAZF,Olavarria Airport,Olavarria,Argentina,-36.8899993896,-60.2165985107
GPO,SAZG,General Pico Airport,General Pico,Argentina,-35.6962013245,-63.7583007812
OYO,SAZH,Tres Arroyos Airport,Tres Arroyos,Argentina,-38.3869,-60.3297
MDQ,SAZM,Ástor Piazzola International Airport,Mar Del Plata,Argentina,-37.9342,-57.5733
NQN,SAZN,Presidente Peron Airport,Neuquen,Argentina,-38.949001,-68.155701
PEH,SAZP,Comodoro Pedro Zanni Airport,Pehuajo,Argentina,-35.8446,-61.8576
RSA,SAZR,Santa Rosa Airport,Santa Rosa,Argentina,-36.588299,-64.275703
BRC,SAZS,San Carlos De Bariloche Airport,San Carlos De Bariloche,Argentina,-41.151199,-71.157501
TDL,SAZT,Héroes De Malvinas Airport,Tandil,Argentina,-37.2374000549,-59.2279014587
VLG,SAZV,Villa Gesell Airport,Villa Gesell,Argentina,-37.2354,-57.0292
CUT,SAZW,Cutral-Co Airport,Cutralco,Argentina,-38.9397010803,-69.2646026611
CPC,SAZY,Aviador C. Campos Airport,San Martin Des Andes,Argentina,-40.075401,-71.137299
CDJ,SBAA,Conceição do Araguaia Airport,Conceicao Do Araguaia,Brazil,-8.348349571228027,-49.30149841308594
AQA,SBAQ,Araraquara Airport,Araracuara,Brazil,-21.8120002747,-48.1329994202
AJU,SBAR,Santa Maria Airport,Aracaju,Brazil,-10.984000206,-37.0703010559
AFL,SBAT,Piloto Osvaldo Marques Dias Airport,Alta Floresta,Brazil,-9.8663892746,-56.1049995422
ARU,SBAU,Araçatuba Airport,Aracatuba,Brazil,-21.1413002014,-50.4247016907
BEL,SBBE,Val de Cans/Júlio Cezar Ribeiro International Airport,Belem,Brazil,-1.3792500495900002,-48.4762992859
BGX,SBBG,Comandante Gustavo Kraemer Airport,Bage,Brazil,-31.39049911499,-54.112201690674
PLU,SBBH,Pampulha - Carlos Drummond de Andrade Airport,Belo Horizonte,Brazil,-19.85120010375977,-43.95059967041016
BFH,SBBI,Bacacheri Airport,Curitiba,Brazil,-25.4050998688,-49.23199844359999
BSB,SBBR,Presidente Juscelino Kubistschek International Airport,Brasilia,Brazil,-15.86916732788086,-47.92083358764648
BAU,SBBU,Bauru Airport,Bauru,Brazil,-22.3449993134,-49.0537986755
BVB,SBBV,Atlas Brasil Cantanhede Airport,Boa Vista,Brazil,2.84138894081,-60.6922225952
BPG,SBBW,Barra do Garças Airport,Barra Do Garcas,Brazil,-15.8613004684,-52.3889007568
CAC,SBCA,Cascavel Airport,Cascavel,Brazil,-25.0002994537,-53.5008010864
CNF,SBCF,Tancredo Neves International Airport,Belo Horizonte,Brazil,-19.62444305419922,-43.97194290161133
CGR,SBCG,Campo Grande Airport,Campo Grande,Brazil,-20.4687004089,-54.6725006104
XAP,SBCH,Serafin Enoss Bertaso Airport,Chapeco,Brazil,-27.134199142456,-52.656600952148
CLN,SBCI,Brig. Lysias Augusto Rodrigues Airport,Carolina,Brazil,-7.32043981552124,-47.45869827270508
CCM,SBCM,Diomício Freitas Airport,Criciuma,Brazil,-28.7244434357,-49.4213905334
CAW,SBCP,Bartolomeu Lisandro Airport,Campos,Brazil,-21.698299408,-41.301700592
CMG,SBCR,Corumbá International Airport,Corumba,Brazil,-19.0119438171,-57.6713905334
CWB,SBCT,Afonso Pena Airport,Curitiba,Brazil,-25.5284996033,-49.1758003235
CRQ,SBCV,Caravelas Airport,Caravelas,Brazil,-17.652299880981,-39.253101348877
CXJ,SBCX,Hugo Cantergiani Regional Airport,Caxias Do Sul,Brazil,-29.1970996857,-51.1875
CGB,SBCY,Marechal Rondon Airport,Cuiaba,Brazil,-15.6528997421,-56.1166992188
CZS,SBCZ,Cruzeiro do Sul Airport,Cruzeiro do Sul,Brazil,-7.59990978241,-72.7695007324
PPB,SBDN,Presidente Prudente Airport,President Prudente,Brazil,-22.1751003265,-51.4245986938
MAO,SBEG,Eduardo Gomes International Airport,Manaus,Brazil,-3.038609981536865,-60.04970169067383
JCR,SBEK,Jacareacanga Airport,Jacare-acanga,Brazil,-6.233160018920898,-57.77690124511719
IGU,SBFI,Cataratas International Airport,Foz Do Iguacu,Brazil,-25.60027885437012,-54.48500061035156
FLN,SBFL,Hercílio Luz International Airport,Florianopolis,Brazil,-27.670278549194336,-48.5525016784668
FEN,SBFN,Fernando de Noronha Airport,Fernando Do Noronha,Brazil,-3.85493,-32.423302
FOR,SBFZ,Pinto Martins International Airport,Fortaleza,Brazil,-3.776279926300049,-38.53260040283203
GIG,SBGL,Rio Galeão – Tom Jobim International Airport,Rio De Janeiro,Brazil,-22.8099994659,-43.2505569458
GJM,SBGM,Guajará-Mirim Airport,Guajara-mirim,Brazil,-10.786399841308594,-65.28479766845703
GYN,SBGO,Santa Genoveva Airport,Goiania,Brazil,-16.631999969482422,-49.220699310302734
GRU,SBGR,Guarulhos - Governador André Franco Montoro International Airport,Sao Paulo,Brazil,-23.435556411743164,-46.47305679321289
GUJ,SBGW,Guaratinguetá Airport,Guaratingueta,Brazil,-22.79159927368164,-45.20479965209961
ATM,SBHT,Altamira Airport,Altamira,Brazil,-3.2539100646973,-52.254001617432
ITA,SBIC,Itacoatiara Airport,Itaituba,Brazil,-3.127259969711304,-58.481201171875
ITB,SBIH,Itaituba Airport,Itaituba,Brazil,-4.2423400878906,-56.000701904297
IOS,SBIL,Bahia - Jorge Amado Airport,Ilheus,Brazil,-14.815999984741,-39.033199310303
IPN,SBIP,Usiminas Airport,Ipatinga,Brazil,-19.470699310303,-42.487598419189
ITR,SBIT,Francisco Vilela do Amaral Airport,Itumbiara,Brazil,-18.4447002411,-49.2134017944
IMP,SBIZ,Prefeito Renato Moreira Airport,Imperatriz,Brazil,-5.53129,-47.459999
JDF,SBJF,Francisco de Assis Airport,Juiz De Fora,Brazil,-21.79150009155273,-43.38679885864258
JPA,SBJP,Presidente Castro Pinto International Airport,Joao Pessoa,Brazil,-7.145833015440001,-34.9486122131
JOI,SBJV,Lauro Carneiro de Loyola Airport,Joinville,Brazil,-26.22450065612793,-48.797401428222656
CPV,SBKG,Presidente João Suassuna Airport,Campina Grande,Brazil,-7.26992,-35.8964
VCP,SBKP,Viracopos International Airport,Campinas,Brazil,-23.0074005127,-47.1344985962
LAJ,SBLJ,Lages Airport,Lajes,Brazil,-27.7821006775,-50.28150177
LIP,SBLN,Lins Airport,Lins,Brazil,-21.663999557495,-49.730499267578
LDB,SBLO,Governador José Richa Airport,Londrina,Brazil,-23.3335990906,-51.1301002502
LAZ,SBLP,Bom Jesus da Lapa Airport,Bom Jesus Da Lapa,Brazil,-13.2621002197,-43.4081001282
MAB,SBMA,João Correa da Rocha Airport,Maraba,Brazil,-5.36858987808,-49.1380004883
MEU,SBMD,Monte Dourado Airport,Almeirim,Brazil,-0.889839,-52.6022
MGF,SBMG,Regional de Maringá - Sílvio Nane Junior Airport,Maringa,Brazil,-23.4794445038,-52.01222229
MOC,SBMK,Mário Ribeiro Airport,Montes Claros,Brazil,-16.706899642899998,-43.818901062
PLL,SBMN,Ponta Pelada Airport,Manaus,Brazil,-3.1460399627685547,-59.98630142211914
MCZ,SBMO,Zumbi dos Palmares Airport,Maceio,Brazil,-9.510809898376465,-35.79169845581055
MCP,SBMQ,Alberto Alcolumbre Airport,Macapa,Brazil,0.0506640002131,-51.0722007751
MVF,SBMS,Dix-Sept Rosado Airport,Mocord,Brazil,-5.2019200325,-37.3642997742
MNX,SBMY,Manicoré Airport,Manicore,Brazil,-5.8113799095154,-61.278301239014
NVT,SBNF,Ministro Victor Konder International Airport,Navegantes,Brazil,-26.879999,-48.651402
GEL,SBNM,Santo Ângelo Airport,Santo Angelo,Brazil,-28.2817,-54.169102
NAT,SBSG,Governador Aluízio Alves International Airport,Natal,Brazil,-5.768056,-35.376111
OYK,SBOI,Oiapoque Airport,Oioiapoque,Brazil,3.85548996925354,-51.79690170288086
POA,SBPA,Salgado Filho Airport,Porto Alegre,Brazil,-29.994400024414062,-51.1713981628418
PHB,SBPB,Prefeito Doutor João Silva Filho Airport,Parnaiba,Brazil,-2.89374995232,-41.73199844359999
POO,SBPC,Poços de Caldas - Embaixador Walther Moreira Salles Airport,Pocos De Caldas,Brazil,-21.843000411987,-46.567901611328
PFB,SBPF,Lauro Kurtz Airport,Passo Fundo,Brazil,-28.243999,-52.326599
PET,SBPK,João Simões Lopes Neto International Airport,Pelotas,Brazil,-31.718399,-52.327702
PNZ,SBPL,Senador Nilo Coelho Airport,Petrolina,Brazil,-9.362409591674805,-40.56909942626953
PNB,SBPN,Porto Nacional Airport,Porto Nacional,Brazil,-10.719400405883787,-48.39970016479492
PMG,SBPP,Ponta Porã Airport,Ponta Pora,Brazil,-22.54960060119629,-55.702598571777344
PVH,SBPV,Governador Jorge Teixeira de Oliveira Airport,Porto Velho,Brazil,-8.70928955078125,-63.90230178833008
RBR,SBRB,Plácido de Castro Airport,Rio Branco,Brazil,-9.868888854980469,-67.89805603027344
REC,SBRF,Guararapes - Gilberto Freyre International Airport,Recife,Brazil,-8.126489639282227,-34.92359924316406
SDU,SBRJ,Santos Dumont Airport,Rio De Janeiro,Brazil,-22.9104995728,-43.1631011963
RAO,SBRP,Leite Lopes Airport,Ribeirao Preto,Brazil,-21.136388778686523,-47.776668548583984
SNZ,SBSC,Santa Cruz Air Force Base,Rio De Janeiro,Brazil,-22.9324,-43.719101
SJK,SBSJ,Professor Urbano Ernesto Stumpf Airport,Sao Jose Dos Campos,Brazil,-23.22920036315918,-45.86149978637695
SLZ,SBSL,Marechal Cunha Machado International Airport,Sao Luis,Brazil,-2.585360050201416,-44.23410034179688
CGH,SBSP,Congonhas Airport,Sao Paulo,Brazil,-23.626110076904297,-46.65638732910156
SJP,SBSR,Prof. Eribelto Manoel Reino State Airport,Sao Jose Do Rio Preto,Brazil,-20.8166007996,-49.40650177
SSZ,SBST,Base Aérea de Santos Airport,Santos,Brazil,-23.928056716918945,-46.29972076416016
SSA,SBSV,Deputado Luiz Eduardo Magalhães International Airport,Salvador,Brazil,-12.9086112976,-38.3224983215
TMT,SBTB,Trombetas Airport,Oriximina,Brazil,-1.489599943161,-56.396800994873
THE,SBTE,Senador Petrônio Portela Airport,Teresina,Brazil,-5.0599398613,-42.8235015869
TFF,SBTF,Tefé Airport,Tefe,Brazil,-3.38294005394,-64.7240982056
TRQ,SBTK,Tarauacá Airport,Tarauaca,Brazil,-8.1552600860596,-70.783302307129
TEC,SBTL,Telêmaco Borba Airport,Telemaco Borba,Brazil,-24.317800521850582,-50.6515998840332
TBT,SBTT,Tabatinga Airport,Tabatinga,Brazil,-4.2556700706482,-69.93579864502
TUR,SBTU,Tucuruí Airport,Tucurui,Brazil,-3.7860100269318,-49.72029876709
SJL,SBUA,São Gabriel da Cachoeira Airport,Sao Gabriel,Brazil,-0.14835,-66.9855
PAV,SBUF,Paulo Afonso Airport,Paulo Alfonso,Brazil,-9.4008798599243,-38.250598907471
URG,SBUG,Rubem Berta Airport,Uruguaiana,Brazil,-29.7821998596,-57.0382003784
UDI,SBUL,Ten. Cel. Aviador César Bombonato Airport,Uberlandia,Brazil,-18.883612,-48.225277
UBA,SBUR,Mário de Almeida Franco Airport,Uberaba,Brazil,-19.764722824097,-47.966110229492
VAG,SBVG,Major Brigadeiro Trompowsky Airport,Varginha,Brazil,-21.5900993347,-45.4733009338
BVH,SBVH,Brigadeiro Camarão Airport,Vilhena,Brazil,-12.694399833679,-60.098300933838
VIX,SBVT,Eurico de Aguiar Salles Airport,Vitoria,Brazil,-20.258057,-40.286388
QPS,SBYS,Campo Fontenelle Airport,Piracununga,Brazil,-21.984600067138672,-47.33480072021485
ARI,SCAR,Chacalluta Airport,Arica,Chile,-18.348499,-70.338699
BBA,SCBA,Balmaceda Airport,Balmaceda,Chile,-45.91609954833984,-71.68949890136719
CCH,SCCC,Chile Chico Airport,Chile Chico,Chile,-46.58330154418945,-71.6874008178711
CJC,SCCF,El Loa Airport,Calama,Chile,-22.498199462890625,-68.90360260009766
YAI,SCCH,Gral. Bernardo O´Higgins Airport,Chillan,Chile,-36.58250045776367,-72.03140258789062
PUQ,SCCI,Pdte. Carlos Ibañez del Campo Airport,Punta Arenas,Chile,-53.002602,-70.854599
GXQ,SCCY,Teniente Vidal Airport,Coyhaique,Chile,-45.594200134277344,-72.1061019897461
IQQ,SCDA,Diego Aracena Airport,Iquique,Chile,-20.535200119018555,-70.1812973022461
SCL,SCEL,Comodoro Arturo Merino Benítez International Airport,Santiago,Chile,-33.393001556396484,-70.78579711914062
ANF,SCFA,Andrés Sabella Gálvez International Airport,Antofagasta,Chile,-23.444501,-70.445099
WPR,SCFM,Capitan Fuentes Martinez Airport Airport,Porvenir,Chile,-53.253700256347656,-70.31919860839844
FFU,SCFT,Futaleufú Airport,Futaleufu,Chile,-43.18920135498047,-71.8510971069336
LSQ,SCGE,María Dolores Airport,Los Angeles,Chile,-37.40169906616211,-72.42539978027344
WPU,SCGZ,Guardiamarina Zañartu Airport,Puerto Williams,Chile,-54.93109893798828,-67.62629699707031
CCP,SCIE,Carriel Sur Airport,Concepcion,Chile,-36.772701,-73.063103
IPC,SCIP,Mataveri Airport,Easter Island,Chile,-27.1648006439,-109.42199707
ZOS,SCJO,Cañal Bajo Carlos - Hott Siebert Airport,Osorno,Chile,-40.61119842529297,-73.06099700927734
VLR,SCLL,Vallenar Airport,Vallenar,Chile,-28.596399307250977,-70.75599670410156
QRC,SCRG,De La Independencia Airport,Rancagua,Chile,-34.17369842529297,-70.77570343017578
TNM,SCRM,Teniente Rodolfo Marsh Martin Base,Isla Rey Jorge,Antarctica,-62.1907997131,-58.9866981506
LSC,SCSE,La Florida Airport,La Serena,Chile,-29.916201,-71.199501
PZS,SCTC,Maquehue Airport,Temuco,Chile,-38.766799926758,-72.637100219727
PMC,SCTE,El Tepual Airport,Puerto Montt,Chile,-41.43889999389648,-73.09400177001953
WCH,SCTN,Chaitén Airport,Chaiten,Chile,-42.93280029296875,-72.6990966796875
ZAL,SCVD,Pichoy Airport,Valdivia,Chile,-39.6500015259,-73.0860977173
ATF,SEAM,Chachoán Airport,Ambato,Ecuador,-1.2120699882507324,-78.57460021972656
OCC,SECO,Francisco De Orellana Airport,Coca,Ecuador,-0.4628860056400299,-76.98680114746094
CUE,SECU,Mariscal Lamar Airport,Cuenca,Ecuador,-2.88947,-78.984398
GPS,SEGS,Seymour Airport,Galapagos,Ecuador,-0.4537580013275146,-90.26589965820312
GYE,SEGU,José Joaquín de Olmedo International Airport,Guayaquil,Ecuador,-2.15741991997,-79.88359832760001
LTX,SELT,Cotopaxi International Airport,Latacunga,Ecuador,-0.906833,-78.615799
MRR,SEMA,Jose Maria Velasco Ibarra Airport,Macara,Ecuador,-4.37823009491,-79.94100189210002
XMS,SEMC,Coronel E Carvajal Airport,Macas,Ecuador,-2.299170017242432,-78.12079620361328
MCH,SEMH,General Manuel Serrano Airport,Machala,Ecuador,-3.2689,-79.961601
MEC,SEMT,Eloy Alfaro International Airport,Manta,Ecuador,-0.9460780024528505,-80.67880249023438
PVO,SEPV,Reales Tamarindos Airport,Portoviejo,Ecuador,-1.0416500568389893,-80.47219848632812
UIO,SEQM,Mariscal Sucre International Airport,Quito,Ecuador,-0.129166666667,-78.3575
ETR,SERO,Santa Rosa International Airport,Santa Rosa,Ecuador,-3.441986,-79.996957
SNC,SESA,General Ulpiano Paez Airport,Salinas,Ecuador,-2.20499,-80.988899
TPC,SETR,Tarapoa Airport,Tarapoa,Ecuador,-0.1229560002684593,-76.33779907226562
TUA,SETU,Teniente Coronel Luis a Mantilla Airport,Tulcan,Ecuador,0.8095059990882874,-77.70809936523438
ASU,SGAS,Silvio Pettirossi International Airport,Asuncion,Paraguay,-25.239999771118164,-57.52000045776367
AYO,SGAY,Juan De Ayolas Airport,Ayolas,Paraguay,-27.370554,-56.854064
CIO,SGCO,Teniente Col Carmelo Peralta Airport,Conception,Paraguay,-23.442363,-57.427253
ESG,SGME,Dr. Luis Maria Argaña International Airport,Mariscal Estigarribia,Paraguay,-22.049999237060547,-60.619998931884766
PIL,SGPI,Carlos Miguel Gimenez Airport,Pilar,Paraguay,-26.881224,-58.318026
AXM,SKAR,El Eden Airport,Armenia,Colombia,4.45278,-75.7664
PUU,SKAS,Tres De Mayo Airport,Puerto Asis,Colombia,0.505228,-76.5008
ELB,SKBC,Las Flores Airport,El Banco,Colombia,9.04554,-73.9749
BGA,SKBG,Palonegro Airport,Bucaramanga,Colombia,7.1265,-73.1848
BOG,SKBO,El Dorado International Airport,Bogota,Colombia,4.70159,-74.1469
BAQ,SKBQ,Ernesto Cortissoz International Airport,Barranquilla,Colombia,10.8896,-74.7808
BSC,SKBS,José Celestino Mutis Airport,Bahia Solano,Colombia,6.20292,-77.3947
BUN,SKBU,Gerardo Tobar López Airport,Buenaventura,Colombia,3.81963,-76.9898
CUC,SKCC,Camilo Daza International Airport,Cucuta,Colombia,7.92757,-72.5115
CTG,SKCG,Rafael Nuñez International Airport,Cartagena,Colombia,10.4424,-75.513
CLO,SKCL,Alfonso Bonilla Aragon International Airport,Cali,Colombia,3.54322,-76.3816
TCO,SKCO,La Florida Airport,Tumaco,Colombia,1.81442,-78.7492
CZU,SKCZ,Las Brujas Airport,Corozal,Colombia,9.33274,-75.2856
EJA,SKEJ,Yariguíes Airport,Barrancabermeja,Colombia,7.02433,-73.8068
FLA,SKFL,Gustavo Artunduaga Paredes Airport,Florencia,Colombia,1.58919,-75.5644
GIR,SKGI,Santiago Vila Airport,Girardot,Colombia,4.27624,-74.7967
GPI,SKGP,Juan Casiano Airport,Guapi,Colombia,2.57013,-77.8986
IBE,SKIB,Perales Airport,Ibague,Colombia,4.42161,-75.1333
IPI,SKIP,San Luis Airport,Ipiales,Colombia,0.861925,-77.6718
APO,SKLC,Antonio Roldan Betancourt Airport,Carepa,Colombia,7.81196,-76.7164
MCJ,SKLM,Jorge Isaac Airport,La Mina,Colombia,11.2325,-72.4901
LET,SKLT,Alfredo Vásquez Cobo International Airport,Leticia,Colombia,-4.19355,-69.9432
EOH,SKMD,Enrique Olaya Herrera Airport,Medellin,Colombia,6.220549,-75.590582
MGN,SKMG,Baracoa Airport,Magangue,Colombia,9.28474,-74.8461
MTR,SKMR,Los Garzones Airport,Monteria,Colombia,8.82374,-75.8258
MVP,SKMU,Fabio Alberto Leon Bentley Airport,Mitu,Colombia,1.25366,-70.2339
MZL,SKMZ,La Nubia Airport,Manizales,Colombia,5.0296,-75.4647
NVA,SKNV,Benito Salas Airport,Neiva,Colombia,2.95015,-75.294
OCV,SKOC,Aguas Claras Airport,Ocana,Colombia,8.31506,-73.3583
OTU,SKOT,Otu Airport,Otu,Colombia,7.01037,-74.7155
PCR,SKPC,German Olano Airport,Puerto Carreno,Colombia,6.18472,-67.4932
PEI,SKPE,Matecaña International Airport,Pereira,Colombia,4.81267,-75.7395
PTX,SKPI,Pitalito Airport,Pitalito,Colombia,1.85777,-76.0857
PPN,SKPP,Guillermo León Valencia Airport,Popayan,Colombia,2.4544,-76.6093
PSO,SKPS,Antonio Narino Airport,Pasto,Colombia,1.39625,-77.2915
PVA,SKPV,El Embrujo Airport,Providencia,Colombia,13.3569,-81.3583
MQU,SKQU,Mariquita Airport,Mariquita,Colombia,5.21256,-74.8836
MDE,SKRG,Jose Maria Córdova International Airport,Rio Negro,Colombia,6.16454,-75.4231
RCH,SKRH,Almirante Padilla Airport,Rio Hacha,Colombia,11.5262,-72.926
SJE,SKSJ,Jorge E. Gonzalez Torres Airport,San Jose Del Guaviare,Colombia,2.57969,-72.6394
SMR,SKSM,Simón Bolívar International Airport,Santa Marta,Colombia,11.1196,-74.2306
ADZ,SKSP,Gustavo Rojas Pinilla International Airport,San Andres Island,Colombia,12.5836,-81.7112
SVI,SKSV,Eduardo Falla Solano Airport,San Vincente De Caguan,Colombia,2.15217,-74.7663
TME,SKTM,Gustavo Vargas Airport,Tame,Colombia,6.45108,-71.7603
AUC,SKUC,Santiago Perez Airport,Arauca,Colombia,7.06888,-70.7369
UIB,SKUI,El Caraño Airport,Quibdo,Colombia,5.69076,-76.6412
ULQ,SKUL,Heriberto Gíl Martínez Airport,Tulua,Colombia,4.08836,-76.2351
VUP,SKVP,Alfonso López Pumarejo Airport,Valledupar,Colombia,10.435,-73.2495
VVC,SKVV,Vanguardia Airport,Villavicencio,Colombia,4.16787,-73.6138
BJO,SLBJ,Bermejo Airport,Bermejo,Bolivia,-22.7733001709,-64.31289672850001
CBB,SLCB,Jorge Wilsterman International Airport,Cochabamba,Bolivia,-17.421100616455078,-66.1771011352539
CCA,SLCH,Chimore Airport,Chapacura,Bolivia,-16.976834,-65.145568
CIJ,SLCO,Capitán Aníbal Arab Airport,Cobija,Bolivia,-11.040399551400002,-68.7829971313
LPB,SLLP,El Alto International Airport,La Paz,Bolivia,-16.5132999420166,-68.19229888916016
ORU,SLOR,Juan Mendoza Airport,Oruro,Bolivia,-17.962600708,-67.0762023926
POI,SLPO,Capitan Nicolas Rojas Airport,Potosi,Bolivia,-19.5431003571,-65.72370147710001
PSZ,SLPS,Capitán Av. Salvador Ogaya G. airport,Puerto Suarez,Bolivia,-18.975301,-57.820599
SBL,SLSA,Santa Ana Del Yacuma Airport,Santa Ana,Bolivia,-13.7622003555,-65.4352035522
SRE,SLSU,Juana Azurduy De Padilla Airport,Sucre,Bolivia,-19.007099151611328,-65.2886962890625
TJA,SLTJ,Capitan Oriel Lea Plaza Airport,Tarija,Bolivia,-21.5557003021,-64.7013015747
TDD,SLTR,Teniente Av. Jorge Henrich Arauz Airport,Trinidad,Bolivia,-14.8186998367,-64.9179992676
VLM,SLVM,Teniente Coronel Rafael Pabón Airport,Villa Montes,Bolivia,-21.2551994324,-63.4056015015
VVI,SLVR,Viru Viru International Airport,Santa Cruz,Bolivia,-17.6448,-63.135399
BYC,SLYA,Yacuiba Airport,Yacuiba,Bolivia,-21.960899353027344,-63.65169906616211
PBM,SMJP,Johan Adolf Pengel International Airport,Zandery,Suriname,5.4528298378,-55.1878013611
CAY,SOCA,Cayenne-Rochambeau Airport,Cayenne,French Guiana,4.819809913639999,-52.3604011536
OYP,SOOG,Saint-Georges-de-l'Oyapock Airport,St.-georges Oyapock,French Guiana,3.89759993553,-51.8041000366
AOP,SPAS,Alferez FAP Alfredo Vladimir Sara Bauer Airport,Andoas,Peru,-2.79612994194,-76.46659851070001
IBP,SPBR,Iberia Airport,Iberia,Peru,-11.41160011291504,-69.48870086669922
PCL,SPCL,Cap FAP David Abenzur Rengifo International Airport,Pucallpa,Peru,-8.37794017791748,-74.57430267333984
CHM,SPEO,Teniente FAP Jaime A De Montreuil Morales Airport,Chimbote,Peru,-9.149609565734863,-78.5238037109375
CIX,SPHI,Capitan FAP Jose A Quinones Gonzales International Airport,Chiclayo,Peru,-6.787479877471924,-79.8281021118164
AYP,SPHO,Coronel FAP Alfredo Mendivil Duarte Airport,Ayacucho,Peru,-13.154800415039062,-74.20439910888672
ANS,SPHY,Andahuaylas Airport,Andahuaylas,Peru,-13.70639991760254,-73.35040283203125
ATA,SPHZ,Comandante FAP German Arias Graziani Airport,Anta,Peru,-9.347439765930176,-77.59839630126953
LIM,SPIM,Jorge Chávez International Airport,Lima,Peru,-12.0219,-77.114305
JJI,SPJI,Juanjui Airport,Juanjui,Peru,-7.169099807739258,-76.72859954833984
JAU,SPJJ,Francisco Carle Airport,Jauja,Peru,-11.7831001282,-75.47339630130001
JUL,SPJL,Inca Manco Capac International Airport,Juliaca,Peru,-15.467100143432615,-70.158203125
ILQ,SPLO,Ilo Airport,Ilo,Peru,-17.69499969482422,-71.34400177001953
TBP,SPME,Capitan FAP Pedro Canga Rodriguez Airport,Tumbes,Peru,-3.55253005027771,-80.38140106201172
YMS,SPMS,Moises Benzaquen Rengifo Airport,Yurimaguas,Peru,-5.893770217895508,-76.11820220947266
CHH,SPPY,Chachapoyas Airport,Chachapoyas,Peru,-6.201809883117676,-77.8561019897461
IQT,SPQT,Coronel FAP Francisco Secada Vignetta International Airport,Iquitos,Peru,-3.7847399711608887,-73.30879974365234
AQP,SPQU,Rodríguez Ballón International Airport,Arequipa,Peru,-16.3411006927,-71.5830993652
TRU,SPRU,Capitan FAP Carlos Martinez De Pinillos International Airport,Trujillo,Peru,-8.08141040802002,-79.10880279541016
PIO,SPSO,Capitán FAP Renán Elías Olivera International Airport,Pisco,Peru,-13.74489974975586,-76.22029876708984
TPP,SPST,Cadete FAP Guillermo Del Castillo Paredes Airport,Tarapoto,Peru,-6.508739948272705,-76.37319946289062
TCQ,SPTN,Coronel FAP Carlos Ciriani Santa Rosa International Airport,Tacna,Peru,-18.0533008575,-70.2758026123
PEM,SPTU,Padre Aldamiz International Airport,Puerto Maldonado,Peru,-12.6135997772,-69.2285995483
PIU,SPUR,Capitán FAP Guillermo Concha Iberico International Airport,Piura,Peru,-5.20574998856,-80.61640167239999
TYL,SPYL,Capitan Montes Airport,Talara,Peru,-4.5766401290894,-81.254096984863
CUZ,SPZO,Alejandro Velasco Astete International Airport,Cuzco,Peru,-13.535699844400002,-71.9387969971
DZO,SUDU,Santa Bernardina International Airport,Durazno,Uruguay,-33.3588981628418,-56.49919891357422
MVD,SUMU,Carrasco International /General C L Berisso Airport,Montevideo,Uruguay,-34.838402,-56.0308
STY,SUSO,Nueva Hesperides International Airport,Salto,Uruguay,-31.438499450683597,-57.98529815673828
AGV,SVAC,Oswaldo Guevara Mujica Airport,Acarigua,Venezuela,9.553375244140623,-69.23786926269531
AAO,SVAN,Anaco Airport,Anaco,Venezuela,9.430225372314451,-64.4707260131836
BLA,SVBC,General José Antonio Anzoategui International Airport,Barcelona,Venezuela,10.111111,-64.692222
BNS,SVBI,Barinas Airport,Barinas,Venezuela,8.615,-70.21416667
BRM,SVBM,Barquisimeto International Airport,Barquisimeto,Venezuela,10.042746543884276,-69.3586196899414
CBL,SVCB,"Aeropuerto ""General Tomas de Heres"". Ciudad Bolivar",Ciudad Bolivar,Venezuela,8.12216091156,-63.5369567871
CXA,SVCD,Caicara del Orinoco Airport,Caicara De Orinoco,Venezuela,7.625510215759277,-66.16280364990234
CLZ,SVCL,Calabozo Airport,Calabozo,Venezuela,8.92465591430664,-67.4170913696289
CAJ,SVCN,Canaima Airport,Canaima,Venezuela,6.231988906860352,-62.85443115234375
VCR,SVCO,Carora Airport,Carora,Venezuela,10.175602912902832,-70.06521606445312
CUP,SVCP,General Francisco Bermúdez Airport,Carupano,Venezuela,10.660014152526855,-63.261680603027344
CZE,SVCR,José Leonardo Chirinos Airport,Coro,Venezuela,11.41494369506836,-69.68090057373047
CUM,SVCU,Cumaná (Antonio José de Sucre) Airport,Cumana,Venezuela,10.450332641601562,-64.1304702758789
EOR,SVED,El Dorado Airport,El Dorado,Venezuela,6.733333110809326,-61.58333206176758
EOZ,SVEZ,Elorza Airport,Elorza,Venezuela,7.083333015441895,-69.53333282470703
GDO,SVGD,Guasdalito Airport,Guasdualito,Venezuela,7.233333110809326,-70.80000305175781
GUI,SVGI,Guiria Airport,Guiria,Venezuela,10.5740776062,-62.3126678467
GUQ,SVGU,Guanare Airport,Guanare,Venezuela,9.026944160461426,-69.7551498413086
HGE,SVHG,Higuerote Airport,Higuerote,Venezuela,10.462474,-66.092779
ICC,SVIE,Andrés Miguel Salazar Marcano Airport,Isla De Coche,Venezuela,10.794432,-63.98159
LSP,SVJC,Josefa Camejo International Airport,Paraguana,Venezuela,11.78077507019043,-70.15149688720703
LFR,SVLF,La Fria Airport,La Fria,Venezuela,8.239167213439941,-72.27102661132812
MAR,SVMC,La Chinita International Airport,Maracaibo,Venezuela,10.5582084656,-71.7278594971
MRD,SVMD,Alberto Carnevalli Airport,Merida,Venezuela,8.582078,-71.161041
PMV,SVMG,Del Caribe Santiago Mariño International Airport,Porlamar,Venezuela,10.912603378295898,-63.96659851074219
CCS,SVMI,Simón Bolívar International Airport,Caracas,Venezuela,10.601194,-66.991222
MUN,SVMT,Maturín Airport,Maturin,Venezuela,9.75452995300293,-63.14739990234375
PYH,SVPA,Cacique Aramare Airport,Puerto Ayacucho,Venezuela,5.6199898719788,-67.606101989746
PBL,SVPC,General Bartolome Salom International Airport,Puerto Cabello,Venezuela,10.48050022125244,-68.072998046875
SCI,SVPM,Paramillo Airport,San Cristobal,Venezuela,7.8013200759887695,-72.2029037475586
PZO,SVPR,General Manuel Carlos Piar International Airport,Guayana,Venezuela,8.288530349731445,-62.760398864746094
PTM,SVPT,Palmarito Airport,Palmarito,Venezuela,7.566669940948486,-70.18329620361328
SVZ,SVSA,San Antonio Del Tachira Airport,San Antonio,Venezuela,7.840829849243164,-72.439697265625
SBB,SVSB,Santa Bárbara de Barinas Airport,Santa Barbara,Venezuela,7.803514003753662,-71.16571807861328
SNV,SVSE,Santa Elena de Uairen Airport,Santa Ana De Uairen,Venezuela,4.554999828338623,-61.150001525878906
STD,SVSO,Mayor Buenaventura Vivas International Airport,Santo Domingo,Venezuela,7.56538,-72.035103
SNF,SVSP,Sub Teniente Nestor Arias Airport,San Felipe,Venezuela,10.2787,-68.755203
SFD,SVSR,San Fernando De Apure Airport,San Fernando De Apure,Venezuela,7.883319854736328,-67.44400024414062
SOM,SVST,San Tomé Airport,San Tome,Venezuela,8.9451465606689,-64.151084899902
STB,SVSZ,Santa Bárbara del Zulia Airport,Santa Barbara,Venezuela,8.974550247192383,-71.94325256347656
TUV,SVTC,Tucupita Airport,Tucupita,Venezuela,9.088994026184082,-62.09417343139648
TMO,SVTM,Tumeremo Airport,Tumeremo,Venezuela,7.24938,-61.52893
VLN,SVVA,Arturo Michelena International Airport,Valencia,Venezuela,10.14973258972168,-67.92839813232422
VLV,SVVL,Dr. Antonio Nicolás Briceño Airport,Valera,Venezuela,9.34047794342041,-70.58406066894531
VDP,SVVP,Valle de La Pascua Airport,Valle De La Pascua,Venezuela,9.22202777863,-65.9935836792
LTM,SYLT,Lethem Airport,Lethem,Guyana,3.37276,-59.789398
ANU,TAPA,V.C. Bird International Airport,Antigua,Antigua and Barbuda,17.1367,-61.792702
BGI,TBPB,Sir Grantley Adams International Airport,Bridgetown,Barbados,13.0746002197,-59.4925003052
DCF,TDCF,Canefield Airport,Canefield,Dominica,15.336700439453123,-61.3922004699707
DOM,TDPD,Douglas-Charles Airport,Dominica,Dominica,15.547,-61.299999
FDF,TFFF,Martinique Aimé Césaire International Airport,Fort-de-france,Martinique,14.590999603271484,-61.00320053100586
SFG,TFFG,L'Espérance Airport,St. Martin,Guadeloupe,18.099899291992,-63.047199249268
PTP,TFFR,Pointe-à-Pitre Le Raizet,Pointe-a-pitre,Guadeloupe,16.265301,-61.531799
GND,TGPY,Point Salines International Airport,Point Salines,Grenada,12.004199981689451,-61.78620147705078
STT,TIST,Cyril E. King Airport,St. Thomas,Virgin Islands,18.337299346923828,-64.97339630126953
STX,TISX,Henry E Rohlsen Airport,St. Croix Island,Virgin Islands,17.701900482177734,-64.79859924316406
BQN,TJBQ,Rafael Hernandez Airport,Aguadilla,Puerto Rico,18.49489974975586,-67.12940216064453
FAJ,TJFA,Diego Jimenez Torres Airport,Fajardo,Puerto Rico,18.308900833129883,-65.66190338134766
SIG,TJIG,Fernando Luis Ribas Dominicci Airport,San Juan,Puerto Rico,18.45680046081543,-66.09809875488281
MAZ,TJMZ,Eugenio Maria De Hostos Airport,Mayaguez,Puerto Rico,18.255699157714844,-67.14849853515625
PSE,TJPS,Mercedita Airport,Ponce,Puerto Rico,18.00830078125,-66.56300354003906
SJU,TJSJ,Luis Munoz Marin International Airport,San Juan,Puerto Rico,18.4393997192,-66.0018005371
SKB,TKPK,Robert L. Bradshaw International Airport,Basse Terre,Saint Kitts and Nevis,17.311199188232422,-62.71870040893555
SLU,TLPC,George F. L. Charles Airport,Castries,Saint Lucia,14.0202,-60.992901
UVF,TLPL,Hewanorra International Airport,Hewandorra,Saint Lucia,13.7332,-60.952599
AUA,TNCA,Queen Beatrix International Airport,Oranjestad,Aruba,12.5014,-70.015198
BON,TNCB,Flamingo International Airport,Kralendijk,Netherlands Antilles,12.130999565124512,-68.26850128173828
CUR,TNCC,Hato International Airport,Willemstad,Netherlands Antilles,12.1889,-68.959801
EUX,TNCE,F. D. Roosevelt Airport,Oranjestad,Netherlands Antilles,17.49650001525879,-62.979400634765625
SXM,TNCM,Princess Juliana International Airport,Philipsburg,Netherlands Antilles,18.0410003662,-63.1088981628
AXA,TQPF,Clayton J Lloyd International Airport,The Valley,Anguilla,18.2048,-63.055099
TAB,TTCP,Tobago-Crown Point Airport,Scarborough,Trinidad and Tobago,11.149700164794922,-60.83219909667969
POS,TTPP,Piarco International Airport,Port-of-spain,Trinidad and Tobago,10.595399856567385,-61.33720016479492
EIS,TUPJ,Terrance B. Lettsome International Airport,Tortola,British Virgin Islands,18.444799423217773,-64.54299926757812
CIW,TVSC,Canouan Airport,Canouan Island,Saint Vincent and the Grenadines,12.699,-61.3424
MQS,TVSM,Mustique Airport,Mustique,Saint Vincent and the Grenadines,12.887900352478027,-61.1801986694336
SVD,TVSA,Argyle International Airport,Kingstown,Saint Vincent and the Grenadines,13.156695,-61.149945
ALA,UAAA,Almaty Airport,Alma-ata,Kazakhstan,43.35210037231445,77.04049682617188
BXH,UAAH,Balkhash Airport,Balkhash,Kazakhstan,46.8932991027832,75.00499725341797
TSE,UACC,Astana International Airport,Tselinograd,Kazakhstan,51.02220153808594,71.46690368652344
DMB,UADD,Taraz Airport,Dzhambul,Kazakhstan,42.85359954833984,71.30359649658203
FRU,UAFM,Manas International Airport,Bishkek,Kyrgyzstan,43.0612983704,74.4776000977
OSS,UAFO,Osh Airport,Osh,Kyrgyzstan,40.6090011597,72.793296814
CIT,UAII,Shymkent Airport,Chimkent,Kazakhstan,42.364200592041016,69.47889709472656
URA,UARR,Uralsk Airport,Uralsk,Kazakhstan,51.15079879760742,51.54309844970703
PWQ,UASP,Pavlodar Airport,Pavlodar,Kazakhstan,52.19499969482422,77.07389831542969
PLX,UASS,Semipalatinsk Airport,Semiplatinsk,Kazakhstan,50.351295,80.234398
AKX,UATT,Aktobe Airport,Aktyubinsk,Kazakhstan,50.2458,57.206699
GYD,UBBB,Heydar Aliyev International Airport,Baku,Azerbaijan,40.46749877929688,50.04669952392578
YKS,UEEE,Yakutsk Airport,Yakutsk,Russia,62.093299865722656,129.77099609375
MJZ,UERR,Mirny Airport,Mirnyj,Russia,62.534698486328125,114.03900146484376
BQS,UHBB,Ignatyevo Airport,Blagoveschensk,Russia,50.42539978027344,127.41200256347656
KHV,UHHH,Khabarovsk-Novy Airport,Khabarovsk,Russia,48.52799987793,135.18800354004
PVS,UHMD,Provideniya Bay Airport,Provideniya Bay,Russia,64.37809753417969,-173.2429962158203
GDX,UHMM,Sokol Airport,Magadan,Russia,59.9109992980957,150.72000122070312
PWE,UHMP,Pevek Airport,Pevek,Russia,69.783302307129,170.59700012207
PKC,UHPP,Yelizovo Airport,Petropavlovsk,Russia,53.16790008544922,158.45399475097656
UUS,UHSS,Yuzhno-Sakhalinsk Airport,Yuzhno-sakhalinsk,Russia,46.88869857788086,142.71800231933594
VVO,UHWW,Vladivostok International Airport,Vladivostok,Russia,43.39899826049805,132.1479949951172
HTA,UIAA,Chita-Kadala Airport,Chita,Russia,52.026299,113.306
BTK,UIBB,Bratsk Airport,Bratsk,Russia,56.370601654052734,101.697998046875
IKT,UIII,Irkutsk Airport,Irkutsk,Russia,52.268001556396,104.38899993896
UUD,UIUU,Ulan-Ude Airport (Mukhino),Ulan-ude,Russia,51.80780029296875,107.43800354003906
KBP,UKBB,Boryspil International Airport,Kiev,Ukraine,50.345001220703125,30.894699096679688
DOK,UKCC,Donetsk International Airport,Donetsk,Ukraine,48.07360076904297,37.73970031738281
DNK,UKDD,Dnipropetrovsk International Airport,Dnepropetrovsk,Ukraine,48.357200622558594,35.10060119628906
SIP,UKFF,Simferopol International Airport,Simferopol,Ukraine,45.05220031738281,33.975101470947266
IEV,UKKK,Kiev Zhuliany International Airport,Kiev,Ukraine,50.40194,30.45194
LWO,UKLL,Lviv International Airport,Lvov,Ukraine,49.8125,23.956100463867188
ODS,UKOO,Odessa International Airport,Odessa,Ukraine,46.42679977416992,30.67650032043457
LED,ULLI,Pulkovo Airport,St. Petersburg,Russia,59.80030059814453,30.262500762939453
MMK,ULMM,Murmansk Airport,Murmansk,Russia,68.78170013427734,32.75080108642578
GME,UMGG,Gomel Airport,Gomel,Belarus,52.527000427246094,31.016700744628903
VTB,UMII,Vitebsk Vostochny Airport,Vitebsk,Belarus,55.126499176025,30.349599838257
KGD,UMKK,Khrabrovo Airport,Kaliningrad,Russia,54.88999938964844,20.59259986877441
MHP,UMMM,Minsk 1 Airport,Minsk,Belarus,53.86449813842773,27.53969955444336
MSQ,UMMS,Minsk National Airport,Minsk 2,Belarus,53.882499694824,28.030700683594
ABA,UNAA,Abakan Airport,Abakan,Russia,53.7400016784668,91.38500213623048
BAX,UNBB,Barnaul Airport,Barnaul,Russia,53.363800048828125,83.53849792480469
KEJ,UNEE,Kemerovo Airport,Kemorovo,Russia,55.27009963989258,86.1072006225586
OMS,UNOO,Omsk Central Airport,Omsk,Russia,54.96699905395508,73.31050109863281
KRR,URKK,Krasnodar Pashkovsky International Airport,Krasnodar,Russia,45.034698486328,39.170501708984
MCX,URML,Uytash Airport,Makhachkala,Russia,42.81679916381836,47.65230178833008
MRV,URMM,Mineralnyye Vody Airport,Mineralnye Vody,Russia,44.22510147094727,43.08190155029297
STW,URMT,Stavropol Shpakovskoye Airport,Stavropol,Russia,45.10919952392578,42.11280059814453
ROV,URRP,Platov International Airport,Rostov,Russia,47.493888,39.924722
AER,URSS,Sochi International Airport,Sochi,Russia,43.449902,39.9566
ASF,URWA,Astrakhan Airport,Astrakhan,Russia,46.2832984924,48.0063018799
VOG,URWW,Volgograd International Airport,Volgograd,Russia,48.782501220703125,44.34550094604492
CEK,USCC,Chelyabinsk Balandino Airport,Chelyabinsk,Russia,55.305801,61.5033
MQF,USCM,Magnitogorsk International Airport,Magnetiogorsk,Russia,53.39310073852539,58.75569915771485
NJC,USNN,Nizhnevartovsk Airport,Nizhnevartovsk,Russia,60.94929885864258,76.48359680175781
PEE,USPP,Bolshoye Savino Airport,Perm,Russia,57.914501190186,56.021198272705
SGC,USRR,Surgut Airport,Surgut,Russia,61.34370040893555,73.40180206298828
SVX,USSS,Koltsovo Airport,Yekaterinburg,Russia,56.743099212646,60.802700042725
ASB,UTAA,Ashgabat International Airport,Ashkhabad,Turkmenistan,37.986801,58.361
KRW,UTAK,Turkmenbashi Airport,Krasnovodsk,Turkmenistan,40.063301,53.007198
CRZ,UTAV,Turkmenabat Airport,Chardzhou,Turkmenistan,39.08330154418945,63.61330032348633
DYU,UTDD,Dushanbe Airport,Dushanbe,Tajikistan,38.5433006287,68.8249969482
BHK,UTSB,Bukhara Airport,Bukhara,Uzbekistan,39.775001525878906,64.4832992553711
SKD,UTSS,Samarkand Airport,Samarkand,Uzbekistan,39.70050048828125,66.98380279541016
TAS,UTTT,Tashkent International Airport,Tashkent,Uzbekistan,41.257900238,69.2811965942
BZK,UUBP,Bryansk Airport,Bryansk,Russia,53.214199,34.176399
SVO,UUEE,Sheremetyevo International Airport,Moscow,Russia,55.972599,37.4146
KLD,UUEM,Migalovo Air Base,Tver,Russia,56.82469940185547,35.7577018737793
VOZ,UUOO,Voronezh International Airport,Voronezh,Russia,51.81420135498047,39.22959899902344
VKO,UUWW,Vnukovo International Airport,Moscow,Russia,55.5914993286,37.2615013123
SCW,UUYY,Syktyvkar Airport,Syktyvkar,Russia,61.64699935913086,50.84510040283203
KZN,UWKD,Kazan International Airport,Kazan,Russia,55.606201171875,49.278701782227
REN,UWOO,Orenburg Central Airport,Orenburg,Russia,51.79579925537109,55.45669937133789
UFA,UWUU,Ufa International Airport,Ufa,Russia,54.557498931885,55.874401092529
KUF,UWWW,Kurumoch International Airport,Samara,Russia,53.504901885986,50.16429901123
AMD,VAAH,Sardar Vallabhbhai Patel International Airport,Ahmedabad,India,23.0771999359,72.63469696039999
AKD,VAAK,Akola Airport,Akola,India,20.698999,77.058601
IXU,VAAU,Aurangabad Airport,Aurangabad,India,19.862699508666992,75.39810180664062
BOM,VABB,Chhatrapati Shivaji International Airport,Mumbai,India,19.0886993408,72.8678970337
PAB,VABI,Bilaspur Airport,Bilaspur,India,21.9884,82.111
BHJ,VABJ,Bhuj Airport,Bhuj,India,23.2877998352,69.6701965332
IXG,VABM,Belgaum Airport,Belgaum,India,15.8592996597,74.6183013916
BDQ,VABO,Vadodara Airport,Baroda,India,22.336201,73.226303
BHO,VABP,Raja Bhoj International Airport,Bhopal,India,23.2875003815,77.3374023438
BHU,VABV,Bhavnagar Airport,Bhaunagar,India,21.752199173,72.1852035522
NMB,VADN,Daman Airport,Daman,India,20.43440055847168,72.84320068359375
GUX,VAGN,Guna Airport,Guna,India,24.654699,77.347298
GOI,VAGO,Dabolim Airport,Goa,India,15.3808002472,73.8313980103
IDR,VAID,Devi Ahilyabai Holkar Airport,Indore,India,22.7217998505,75.8011016846
JLR,VAJB,Jabalpur Airport,Jabalpur,India,23.17779922485352,80.052001953125
JGA,VAJM,Jamnagar Airport,Jamnagar,India,22.465499877929688,70.01260375976562
IXY,VAKE,Kandla Airport,Kandla,India,23.1127,70.100304
HJR,VAKJ,Khajuraho Airport,Khajuraho,India,24.817199707,79.91860198970001
KLH,VAKP,Kolhapur Airport,Kolhapur,India,16.6646995544,74.2893981934
IXK,VAKS,Keshod Airport,Keshod,India,21.317100524902344,70.27040100097656
NAG,VANP,Dr. Babasaheb Ambedkar International Airport,Nagpur,India,21.092199325561523,79.04720306396484
ISK,VAOZ,Nashik Airport,Nasik Road,India,20.119101,73.912903
PNQ,VAPO,Pune Airport,Pune,India,18.58209991455078,73.9197006225586
PBD,VAPR,Porbandar Airport,Porbandar,India,21.6487007141,69.65720367429999
RAJ,VARK,Rajkot Airport,Rajkot,India,22.3092002869,70.77950286869999
RPR,VARP,Raipur Airport,Raipur,India,21.180401,81.7388
SSE,VASL,Solapur Airport,Sholapur,India,17.6280002594,75.93479919430001
STV,VASU,Surat Airport,Surat,India,21.1140995026,72.7417984009
UDR,VAUD,Maharana Pratap Airport,Udaipur,India,24.6177005768,73.89610290530001
CMB,VCBI,Bandaranaike International Colombo Airport,Colombo,Sri Lanka,7.180759906768799,79.88410186767578
ACJ,VCCA,Anuradhapura Air Force Base,Anuradhapura,Sri Lanka,8.30148983002,80.42790222170001
BTC,VCCB,Batticaloa Airport,Batticaloa,Sri Lanka,7.70576,81.678802
RML,VCCC,Colombo Ratmalana Airport,Colombo,Sri Lanka,6.821990013122559,79.88619995117188
ADP,VCCG,Ampara Airport,Galoya,Sri Lanka,7.33776,81.62594
JAF,VCCJ,Kankesanturai Airport,Jaffna,Sri Lanka,9.792329788208008,80.07009887695312
TRR,VCCT,China Bay Airport,Trinciomalee,Sri Lanka,8.5385103225708,81.18190002441406
KZC,VDKH,Kampong Chhnang Airport,Kompong Chnang,Cambodia,12.255200386,104.564002991
PNH,VDPP,Phnom Penh International Airport,Phnom-penh,Cambodia,11.546600341796877,104.84400177001952
REP,VDSR,Siem Reap International Airport,Siem-reap,Cambodia,13.410699844400002,103.81300354
TNX,VDST,Stung Treng Airport,Stung Treng,Cambodia,13.531900405883787,106.01499938964844
IXV,VEAN,Along Airport,Along,India,28.17530059814453,94.802001953125
IXA,VEAT,Agartala Airport,Agartala,India,23.8869991302,91.2404022217
AJL,VELP,Lengpui Airport,Aizwal,India,23.8405990601,92.6196975708
IXB,VEBD,Bagdogra Airport,Baghdogra,India,26.68120002746582,88.32859802246094
BBI,VEBS,Biju Patnaik Airport,Bhubaneswar,India,20.2444000244,85.8178024292
CCU,VECC,Netaji Subhash Chandra Bose International Airport,Kolkata,India,22.654699325561523,88.44670104980469
COH,VECO,Cooch Behar Airport,Cooch-behar,India,26.330499649,89.4672012329
DBD,VEDB,Dhanbad Airport,Dhanbad,India,23.833999633789062,86.42530059814453
GAY,VEGY,Gaya Airport,Gaya,India,24.74430084228516,84.95120239257812
IMF,VEIM,Imphal Airport,Imphal,India,24.7600002289,93.896697998
IXW,VEJS,Sonari Airport,Jamshedpur,India,22.8132,86.1688
JRH,VEJT,Jorhat Airport,Jorhat,India,26.7315006256,94.1754989624
IXH,VEKR,Kailashahar Airport,Kailashahar,India,24.30820083618164,92.0072021484375
IXS,VEKU,Silchar Airport,Silchar,India,24.9129009247,92.9786987305
IXI,VELR,North Lakhimpur Airport,Lilabari,India,27.295499801635746,94.09760284423828
DIB,VEMN,Dibrugarh Airport,Mohanbari,India,27.4839000702,95.0168991089
MZU,VEMZ,Muzaffarpur Airport,Mazuffarpur,India,26.11910057067871,85.3136978149414
PAT,VEPT,Lok Nayak Jayaprakash Airport,Patina,India,25.591299057,85.0879974365
IXR,VERC,Birsa Munda Airport,Ranchi,India,23.314300537100003,85.3217010498
RRK,VERK,Rourkela Airport,Rourkela,India,22.256701,84.814598
VTZ,VEVZ,Vishakhapatnam Airport,Vishakhapatnam,India,17.721200943,83.2245025635
ZER,VEZO,Ziro Airport,Zero,India,27.588301,93.828102
CXB,VGCB,Cox's Bazar Airport,Cox's Bazar,Bangladesh,21.45219993591309,91.96389770507812
CGP,VGEG,Shah Amanat International Airport,Chittagong,Bangladesh,22.24959945678711,91.81330108642578
IRD,VGIS,Ishurdi Airport,Ishurdi,Bangladesh,24.15250015258789,89.04940032958984
JSR,VGJR,Jessore Airport,Jessore,Bangladesh,23.183799743652344,89.16079711914062
RJH,VGRJ,Shah Mokhdum Airport,Rajshahi,Bangladesh,24.43720054626465,88.61650085449219
SPD,VGSD,Saidpur Airport,Saidpur,Bangladesh,25.75919914245605,88.90889739990234
ZYL,VGSY,Osmany International Airport,Sylhet Osmani,Bangladesh,24.96319961547852,91.8667984008789
DAC,VGZR,Hazrat Shahjalal International Airport,Dhaka,Bangladesh,23.843347,90.397783
HKG,VHHH,Hong Kong International Airport,Hong Kong,Hong Kong,22.308901,113.915001
AGR,VIAG,Agra Airport,Agra,India,27.155799865722656,77.96089935302734
IXD,VIAL,Allahabad Airport,Allahabad,India,25.440099716186523,81.73390197753906
ATQ,VIAR,Sri Guru Ram Dass Jee International Airport,Amritsar,India,31.7096004486,74.7973022461
BKB,VIBK,Nal Airport,Bikaner,India,28.070600509643555,73.20719909667969
VNS,VIBN,Lal Bahadur Shastri Airport,Varanasi,India,25.4524002075,82.8592987061
KUU,VIBR,Kullu Manali Airport,Kulu,India,31.87669944763184,77.15440368652344
BUP,VIBT,Bhatinda Air Force Station,Bhatinda,India,30.270099639892575,74.75579833984375
BEK,VIBY,Bareilly Air Force Station,Bareilly,India,28.4221000671,79.45079803470001
IXC,VICG,Chandigarh Airport,Chandigarh,India,30.67350006103516,76.78849792480469
KNU,VICX,Kanpur Airport,Kanpur,India,26.404301,80.410103
DED,VIDN,Dehradun Airport,Dehra Dun,India,30.189699,78.180298
DEL,VIDP,Indira Gandhi International Airport,Delhi,India,28.5665,77.103104
GWL,VIGR,Gwalior Airport,Gwalior,India,26.29330062866211,78.22779846191406
HSS,VIHR,Hissar Airport,Hissar,India,29.179399490356445,75.75530242919922
JDH,VIJO,Jodhpur Airport,Jodhpur,India,26.251100540161133,73.04889678955078
JAI,VIJP,Jaipur International Airport,Jaipur,India,26.8242,75.812202
JSA,VIJR,Jaisalmer Airport,Jaisalmer,India,26.88870048522949,70.86499786376953
IXJ,VIJU,Jammu Airport,Jammu,India,32.6890983582,74.8374023438
KTU,VIKO,Kota Airport,Kota,India,25.160200119,75.84559631350001
LUH,VILD,Ludhiana Airport,Ludhiaha,India,30.854700088500977,75.95259857177734
IXL,VILH,Leh Kushok Bakula Rimpochee Airport,Leh,India,34.1358985901,77.5465011597
LKO,VILK,Chaudhary Charan Singh International Airport,Lucknow,India,26.7605991364,80.8892974854
IXP,VIPK,Pathankot Airport,Pathankot,India,32.233611,75.634444
PGH,VIPT,Pantnagar Airport,Nainital,India,29.03339958190918,79.47370147705078
SXR,VISR,Sheikh ul Alam Airport,Srinagar,India,33.987098693847656,74.77420043945312
TNI,VIST,Satna Airport,Satna,India,24.5623,80.854897
LPQ,VLLB,Luang Phabang International Airport,Luang Prabang,Laos,19.897300720214844,102.16100311279295
PKZ,VLPS,Pakse International Airport,Pakse,Laos,15.132100105285645,105.78099822998048
ZVK,VLSK,Savannakhet Airport,Savannakhet,Laos,16.55660057067871,104.76000213623048
NEU,VLSN,Sam Neua Airport,Sam Neua,Laos,20.418399810791016,104.06700134277344
VTE,VLVT,Wattay International Airport,Vientiane,Laos,17.988300323500003,102.56300354
MFM,VMMC,Macau International Airport,Macau,Macau,22.149599,113.592003
BWA,VNBW,Gautam Buddha Airport,Bhairawa,Nepal,27.505685,83.416293
JKR,VNJP,Janakpur Airport,Janakpur,Nepal,26.7087993622,85.9224014282
KTM,VNKT,Tribhuvan International Airport,Kathmandu,Nepal,27.6966,85.3591
PKR,VNPK,Pokhara Airport,Pokhara,Nepal,28.200899124145508,83.98210144042969
SIF,VNSI,Simara Airport,Simara,Nepal,27.159500122070312,84.9801025390625
BIR,VNVT,Biratnagar Airport,Biratnagar,Nepal,26.48150062561035,87.26399993896484
AGX,VOAT,Agatti Airport,Agatti Island,India,10.823699951171877,72.1760025024414
BLR,VOBL,Kempegowda International Airport,Bangalore,India,13.1979,77.706299
BEP,VOBI,Bellary Airport,Bellary,India,15.162799835205078,76.88279724121094
VGA,VOBZ,Vijayawada Airport,Vijayawada,India,16.530399322509766,80.79679870605469
CJB,VOCB,Coimbatore International Airport,Coimbatore,India,11.029999733,77.0434036255
COK,VOCI,Cochin International Airport,Kochi,India,10.152,76.401901
CCJ,VOCL,Calicut International Airport,Calicut,India,11.1367998123,75.95529937740001
CDP,VOCP,Kadapa Airport,Cuddapah,India,14.51,78.772778
CBD,VOCX,Car Nicobar Air Force Station,Carnicobar,India,9.152509689331056,92.8196029663086
BPM,VOHY,Begumpet Airport,Hyderabad,India,17.4531002045,78.4675979614
IXM,VOMD,Madurai Airport,Madurai,India,9.83450984955,78.09339904790001
IXE,VOML,Mangalore International Airport,Mangalore,India,12.9612998962,74.8900985718
MAA,VOMM,Chennai International Airport,Madras,India,12.990005493164062,80.16929626464844
IXZ,VOPB,Vir Savarkar International Airport,Port Blair,India,11.641200065612791,92.72969818115234
PNY,VOPC,Pondicherry Airport,Pendicherry,India,11.968,79.812
RJA,VORY,Rajahmundry Airport,Rajahmundry,India,17.1103992462,81.81819915770001
SXV,VOSM,Salem Airport,Salem,India,11.78330039978,78.06559753418
TJV,VOTJ,Tanjore Air Force Base,Tanjore,India,10.722399711608888,79.10160064697266
TIR,VOTP,Tirupati Airport,Tirupeti,India,13.632499694800002,79.543296814
TRZ,VOTR,Tiruchirapally Civil Airport Airport,Tiruchirappalli,India,10.765399932861328,78.70970153808594
TRV,VOTV,Trivandrum International Airport,Trivandrum,India,8.48211956024,76.9200973511
PBH,VQPR,Paro Airport,Thimphu,Bhutan,27.4032001495,89.42459869380001
MLE,VRMM,Malé International Airport,Male,Maldives,4.191830158233643,73.52909851074219
DMK,VTBD,Don Mueang International Airport,Bangkok,Thailand,13.9125995636,100.607002258
KDT,VTBK,Kamphaeng Saen Airport,Nakhon Pathom,Thailand,14.1020002365,99.9171981812
UTP,VTBU,U-Tapao International Airport,Pattaya,Thailand,12.67990016937256,101.00499725341795
LPT,VTCL,Lampang Airport,Lampang,Thailand,18.27090072631836,99.50420379638672
PRH,VTCP,Phrae Airport,Phrae,Thailand,18.132200241088867,100.16500091552734
HHQ,VTPH,Hua Hin Airport,Prachuap Khiri Khan,Thailand,12.6361999512,99.951499939
TKH,VTPI,Takhli Airport,Nakhon Sawan,Thailand,15.277299881,100.29599762
PHS,VTPP,Phitsanulok Airport,Phitsanulok,Thailand,16.782899856567383,100.27899932861328
NAW,VTSC,Narathiwat Airport,Narathiwat,Thailand,6.519919872283936,101.74299621582033
KBV,VTSG,Krabi Airport,Krabi,Thailand,8.09912014008,98.9861984253
SGZ,VTSH,Songkhla Airport,Songkhla,Thailand,7.186560153961182,100.60800170898438
PAN,VTSK,Pattani Airport,Pattani,Thailand,6.785459995269775,101.15399932861328
USM,VTSM,Samui Airport,Ko Samui,Thailand,9.547789573669998,100.06199646
HKT,VTSP,Phuket International Airport,Phuket,Thailand,8.1132,98.316902
UNN,VTSR,Ranong Airport,Ranong,Thailand,9.777620315551758,98.58550262451172
HDY,VTSS,Hat Yai International Airport,Hat Yai,Thailand,6.93320989609,100.392997742
TST,VTST,Trang Airport,Trang,Thailand,7.508739948272705,99.6166000366211
UTH,VTUD,Udon Thani Airport,Udon Thani,Thailand,17.386400222800003,102.788002014
SNO,VTUI,Sakon Nakhon Airport,Sakon Nakhon,Thailand,17.195100784301758,104.11900329589844
PXR,VTUJ,Surin Airport,Surin,Thailand,14.868300437927,103.49800109863
LOE,VTUL,Loei Airport,Loei,Thailand,17.43910026550293,101.72200012207033
DAD,VVDN,Da Nang International Airport,Danang,Vietnam,16.043899536132812,108.1989974975586
HAN,VVNB,Noi Bai International Airport,Hanoi,Vietnam,21.221200942993164,105.80699920654295
NHA,VVNT,Nha Trang Air Base,Nhatrang,Vietnam,12.2275,109.192001
HUI,VVPB,Phu Bai Airport,Hue,Vietnam,16.401500701899998,107.70300293
PQC,VVPQ,Phu Quoc International Airport,Phuquoc,Vietnam,10.1698,103.9931
SGN,VVTS,Tan Son Nhat International Airport,Ho Chi Minh City,Vietnam,10.8187999725,106.652000427
VBA,VYAN,Ann Airport,Ann,Burma,19.769199,94.0261
NYU,VYBG,Bagan Airport,Bagan,Burma,21.178800582885746,94.9301986694336
HEH,VYHH,Heho Airport,Heho,Burma,20.746999740600582,96.79199981689452
HOX,VYHL,Hommalinn Airport,Hommalin,Burma,24.899599075317383,94.91400146484376
KET,VYKG,Kengtung Airport,Kengtung,Burma,21.30159950256348,99.63600158691406
KYP,VYKP,Kyaukpyu Airport,Kyaukpyu,Burma,19.42639923095703,93.53479766845705
LSH,VYLS,Lashio Airport,Lashio,Burma,22.9778995513916,97.752197265625
MDL,VYMD,Mandalay International Airport,Mandalay,Burma,21.70219993591309,95.97789764404295
MGZ,VYME,Myeik Airport,Myeik,Burma,12.439800262451172,98.62149810791016
MYT,VYMK,Myitkyina Airport,Myitkyina,Burma,25.38360023498535,97.35189819335938
MOE,VYMO,Momeik Airport,Momeik,Burma,23.092500686645508,96.64530181884766
MOG,VYMS,Mong Hsat Airport,Mong Hsat,Burma,20.51679992675781,99.25679779052734
NMS,VYNS,Namsang Airport,Namsang,Burma,20.890499114990234,97.73590087890624
PAA,VYPA,Hpa-N Airport,Hpa-an,Burma,16.893699645996094,97.67459869384766
PBU,VYPT,Putao Airport,Putao,Burma,27.32990074157715,97.42630004882812
PRU,VYPY,Pyay Airport,Pyay,Burma,18.824499130249023,95.26599884033205
AKY,VYSW,Sittwe Airport,Sittwe,Burma,20.132699966430664,92.87259674072266
SNW,VYTD,Thandwe Airport,Thandwe,Burma,18.4606990814209,94.30010223388672
THL,VYTL,Tachileik Airport,Tachilek,Burma,20.483800888061523,99.9354019165039
RGN,VYYY,Yangon International Airport,Yangon,Burma,16.907300949099998,96.1332015991
UPG,WAAA,Hasanuddin International Airport,Ujung Pandang,Indonesia,-5.061629772186279,119.5540008544922
BIK,WABB,Frans Kaisiepo Airport,Biak,Indonesia,-1.190019965171814,136.10800170898438
NBX,WABI,Nabire Airport,Nabire,Indonesia,-3.36818,135.496002
TIM,WABP,Moses Kilangin Airport,Timika,Indonesia,-4.528279781341553,136.88699340820312
DJJ,WAJJ,Sentani International Airport,Jayapura,Indonesia,-2.5769500733,140.5160064698
WMX,WAJW,Wamena Airport,Wamena,Indonesia,-4.10251,138.957001
MKQ,WAKK,Mopah Airport,Merauke,Indonesia,-8.52029037475586,140.41799926757812
GTO,WAMG,Jalaluddin Airport,Gorontalo,Indonesia,0.63711899519,122.849998474
PLW,WAML,Mutiara Airport,Palu,Indonesia,-0.9185420274734496,119.91000366210938
MDC,WAMM,Sam Ratulangi Airport,Manado,Indonesia,1.5492600202560425,124.9260025024414
PSJ,WAMP,Kasiguncu Airport,Poso,Indonesia,-1.41674995422,120.657997131
OTI,WAMR,Pitu Airport,Morotai Island,Indonesia,2.0459899902300003,128.324996948
TTE,WAMT,Sultan Khairun Babullah Airport,Ternate,Indonesia,0.831413984298706,127.38099670410156
LUW,WAMW,Syukuran Aminuddin Amir Airport,Luwuk,Indonesia,-1.03892,122.772003
AMQ,WAPP,"Pattimura Airport, Ambon",Ambon,Indonesia,-3.7102599144,128.089004517
FKQ,WASF,Fakfak Airport,Fak Fak,Indonesia,-2.9201900959014893,132.26699829101562
KNG,WASK,Kaimana Airport,Kaimana,Indonesia,-3.6445200443267822,133.6959991455078
BXB,WASO,Babo Airport,Babo,Indonesia,-2.5322399139404297,133.43899536132812
MKW,WASR,Rendani Airport,Manokwari,Indonesia,-0.8918330073356628,134.0489959716797
SOQ,WAXX,Dominique Edward Osok Airport,Sorong,Indonesia,-0.894,131.287
BTU,WBGB,Bintulu Airport,Bintulu,Malaysia,3.12385010719,113.019996643
KCH,WBGG,Kuching International Airport,Kuching,Malaysia,1.4846999645233154,110.34700012207033
LMN,WBGJ,Limbang Airport,Limbang,Malaysia,4.808300018310547,115.01000213623048
MUR,WBGM,Marudi Airport,Marudi,Malaysia,4.178979873657227,114.3290023803711
MYY,WBGR,Miri Airport,Miri,Malaysia,4.322010040283203,113.98699951171876
SBW,WBGS,Sibu Airport,Sibu,Malaysia,2.2616000175476074,111.98500061035156
LDU,WBKD,Lahad Datu Airport,Lahad Datu,Malaysia,5.032249927520752,118.3239974975586
BKI,WBKK,Kota Kinabalu International Airport,Kota Kinabalu,Malaysia,5.9372100830078125,116.0510025024414
LBU,WBKL,Labuan Airport,Labuan,Malaysia,5.300680160522461,115.25
TWU,WBKW,Tawau Airport,Tawau,Malaysia,4.320159912109375,118.12799835205078
BWN,WBSB,Brunei International Airport,Bandar Seri Begawan,Brunei,4.944200038909912,114.9280014038086
PKU,WIBB,Sultan Syarif Kasim Ii (Simpang Tiga) Airport,Pekanbaru,Indonesia,0.4607860147953033,101.44499969482422
DUM,WIBD,Pinang Kampai Airport,Dumai,Indonesia,1.60919,101.433998
CGK,WIII,Soekarno-Hatta International Airport,Jakarta,Indonesia,-6.1255698204,106.65599823
GNS,WIMB,Binaka Airport,Gunung Sitoli,Indonesia,1.16638,97.704697
AEG,WIME,Aek Godang Airport,Padang Sidempuan,Indonesia,1.4001,99.430496
PDG,WIPT,Minangkabau International Airport,Padang,Indonesia,-0.786917,100.280998
MES,WIMK,Soewondo Air Force Base,Medan,Indonesia,3.559167,98.671111
FLZ,WIMS,Dr Ferdinand Lumban Tobing Airport,Sibolga,Indonesia,1.55594,98.888901
NPO,WIOG,Nanga Pinoh Airport,Nangapinoh,Indonesia,-0.34886899590492,111.74800109863
KTG,WIOK,Ketapang(Rahadi Usman) Airport,Ketapang,Indonesia,-1.816640019416809,109.96299743652344
PNK,WIOO,Supadio Airport,Pontianak,Indonesia,-0.1507109999656677,109.40399932861328
DJB,WIPA,Sultan Thaha Airport,Jambi,Indonesia,-1.6380200386047363,103.6439971923828
BKS,WIPL,Fatmawati Soekarno Airport,Bengkulu,Indonesia,-3.8637,102.338997
PLM,WIPP,Sultan Mahmud Badaruddin II Airport,Palembang,Indonesia,-2.8982501029968,104.69999694824
RGT,WIPR,Japura Airport,Rengat,Indonesia,-0.3528079986572265,102.33499908447266
LSX,WITL,Lhok Sukon Airport,Lhok Sukon,Indonesia,5.069509983062744,97.25920104980467
BTJ,WITT,Sultan Iskandar Muda International Airport,Banda Aceh,Indonesia,5.522872024010001,95.42063713070002
AOR,WMKA,Sultan Abdul Halim Airport,Alor Setar,Malaysia,6.189670085906982,100.39800262451172
BWH,WMKB,Butterworth Airport,Butterworth,Malaysia,5.4659199714660645,100.39099884033205
KBR,WMKC,Sultan Ismail Petra Airport,Kota Bahru,Malaysia,6.166850090026856,102.29299926757812
KUA,WMKD,Kuantan Airport,Kuantan,Malaysia,3.775389909744263,103.20899963378906
KTE,WMKE,Kerteh Airport,Kerteh,Malaysia,4.537220001220703,103.427001953125
IPH,WMKI,Sultan Azlan Shah Airport,Ipoh,Malaysia,4.567969799041748,101.09200286865234
JHB,WMKJ,Senai International Airport,Johor Bahru,Malaysia,1.64131,103.669998
KUL,WMKK,Kuala Lumpur International Airport,Kuala Lumpur,Malaysia,2.745579957962,101.70999908447
LGK,WMKL,Langkawi International Airport,Langkawi,Malaysia,6.329730033874512,99.72869873046876
MKZ,WMKM,Malacca Airport,Malacca,Malaysia,2.2633600235,102.251998901
TGG,WMKN,Sultan Mahmud Airport,Kuala Terengganu,Malaysia,5.3826398849487305,103.10299682617188
PEN,WMKP,Penang International Airport,Penang,Malaysia,5.297140121459961,100.2770004272461
UAI,WPDB,Suai Airport,Suai,East Timor,-9.30331039428711,125.28700256347656
DIL,WPDL,Presidente Nicolau Lobato International Airport,Dili,East Timor,-8.54640007019,125.526000977
BCH,WPEC,Cakung Airport,Baucau,East Timor,-8.489029884339999,126.401000977
QPG,WSAP,Paya Lebar Air Base,Paya Lebar,Singapore,1.360419988632202,103.91000366210938
TGA,WSAT,Tengah Air Base,Tengah,Singapore,1.38725996017,103.708999634
XSP,WSSL,Seletar Airport,Singapore,Singapore,1.416949987411499,103.86799621582033
SIN,WSSS,Singapore Changi Airport,Singapore,Singapore,1.35019,103.994003
ACF,YBAF,Brisbane Archerfield Airport,Brisbane,Australia,-27.5702991486,153.007995605
ABM,YBAM,Northern Peninsula Airport,Amberley,Australia,-10.9508,142.459
ASP,YBAS,Alice Springs Airport,Alice Springs,Australia,-23.806699752807617,133.90199279785156
BNE,YBBN,Brisbane International Airport,Brisbane,Australia,-27.38419914245605,153.11700439453125
OOL,YBCG,Gold Coast Airport,Coolangatta,Australia,-28.1644001007,153.505004883
CNS,YBCS,Cairns International Airport,Cairns,Australia,-16.885799408,145.755004883
CTL,YBCV,Charleville Airport,Charlieville,Australia,-26.4132995605,146.261993408
ISA,YBMA,Mount Isa Airport,Mount Isa,Australia,-20.6639003754,139.488998413
MCY,YBMC,Sunshine Coast Airport,Maroochydore,Australia,-26.6033,153.091003
MKY,YBMK,Mackay Airport,Mackay,Australia,-21.171699523900003,149.179992676
PPP,YBPN,Proserpine Whitsunday Coast Airport,Prosserpine,Australia,-20.4950008392,148.552001953
ROK,YBRK,Rockhampton Airport,Rockhampton,Australia,-23.3819007874,150.475006104
TSV,YBTL,Townsville Airport,Townsville,Australia,-19.252500534057617,146.76499938964844
WEI,YBWP,Weipa Airport,Weipa,Australia,-12.6786003113,141.925003052
AVV,YMAV,Avalon Airport,Avalon,Australia,-38.039398,144.468994
ABX,YMAY,Albury Airport,Albury,Australia,-36.06779861450195,146.95799255371094
MEB,YMEN,Melbourne Essendon Airport,Melbourne,Australia,-37.7281,144.901993
HBA,YMHB,Hobart International Airport,Hobart,Australia,-42.836101532,147.509994507
LST,YMLT,Launceston Airport,Launceston,Australia,-41.54529953,147.214004517
MBW,YMMB,Melbourne Moorabbin Airport,Melbourne,Australia,-37.97579956054688,145.1020050048828
MEL,YMML,Melbourne International Airport,Melbourne,Australia,-37.673302,144.843002
ADL,YPAD,Adelaide International Airport,Adelaide,Australia,-34.945,138.531006
JAD,YPJT,Perth Jandakot Airport,Perth,Australia,-32.09749984741211,115.88099670410156
KTA,YPKA,Karratha Airport,Karratha,Australia,-20.712200164799995,116.773002625
KGI,YPKG,Kalgoorlie Boulder Airport,Kalgoorlie,Australia,-30.7894001007,121.461997986
KNX,YPKU,Kununurra Airport,Kununurra,Australia,-15.7781000137,128.707992554
LEA,YPLM,Learmonth Airport,Learmonth,Australia,-22.2355995178,114.088996887
PHE,YPPD,Port Hedland International Airport,Port Hedland,Australia,-20.3777999878,118.625999451
PER,YPPH,Perth International Airport,Perth,Australia,-31.94029998779297,115.96700286865234
UMR,YPWR,Woomera Airfield,Woomera,Australia,-31.14419937133789,136.81700134277344
XCH,YPXM,Christmas Island Airport,Christmas Island,Christmas Island,-10.450599670410156,105.69000244140624
BWU,YSBK,Sydney Bankstown Airport,Sydney,Australia,-33.924400329589844,150.98800659179688
CBR,YSCB,Canberra International Airport,Canberra,Australia,-35.30690002441406,149.19500732421875
CFS,YSCH,Coffs Harbour Airport,Coff's Harbour,Australia,-30.3206005096,153.115997314
CDU,YSCN,Camden Airport,Camden,Australia,-34.04029846191406,150.68699645996094
DBO,YSDU,Dubbo City Regional Airport,Dubbo,Australia,-32.2167015076,148.574996948
NLK,YSNF,Norfolk Island International Airport,Norfolk Island,Norfolk Island,-29.04159927368164,167.93899536132812
XRH,YSRI,RAAF Base Richmond,Richmond,Australia,-33.600601,150.781006
SYD,YSSY,Sydney Kingsford Smith International Airport,Sydney,Australia,-33.94609832763672,151.177001953125
TMW,YSTW,Tamworth Airport,Tamworth,Australia,-31.0839004517,150.847000122
WGA,YSWG,Wagga Wagga City Airport,Wagga Wagga,Australia,-35.1652984619,147.466003418
PEK,ZBAA,Beijing Capital International Airport,Beijing,China,40.0801010131836,116.58499908447266
HLD,ZBLA,Dongshan Airport,Hailar,China,49.2050018311,119.824996948
TSN,ZBTJ,Tianjin Binhai International Airport,Tianjin,China,39.1244010925,117.346000671
TYN,ZBYN,Taiyuan Wusu Airport,Taiyuan,China,37.74689865112305,112.62799835205078
CAN,ZGGG,Guangzhou Baiyun International Airport,Guangzhou,China,23.39240074157715,113.29900360107422
CSX,ZGHA,Changsha Huanghua International Airport,Changcha,China,28.1891994476,113.220001221
KWL,ZGKL,Guilin Liangjiang International Airport,Guilin,China,25.21809959411621,110.03900146484376
NNG,ZGNN,Nanning Wuxu Airport,Nanning,China,22.608299255371094,108.1719970703125
SZX,ZGSZ,Shenzhen Bao'an International Airport,Shenzhen,China,22.639299392700195,113.81099700927734
CGO,ZHCC,Zhengzhou Xinzheng International Airport,Zhengzhou,China,34.519699096699995,113.841003418
WUH,ZHHH,Wuhan Tianhe International Airport,Wuhan,China,30.7838,114.208
FNJ,ZKPY,Pyongyang Sunan International Airport,Pyongyang,North Korea,39.224098,125.669998
LHW,ZLLL,Lanzhou Zhongchuan Airport,Lanzhou,China,36.5152015686,103.620002747
XIY,ZLXY,Xi'an Xianyang International Airport,Xi'an,China,34.447102,108.751999
ULN,ZMUB,Chinggis Khaan International Airport,Ulan Bator,Mongolia,47.843102,106.766998
JHG,ZPJH,Xishuangbanna Gasa Airport,Jinghonggasa,China,21.973899841308597,100.76000213623048
KMG,ZPPP,Kunming Changshui International Airport,Kunming,China,25.1019444,102.9291667
XMN,ZSAM,Xiamen Gaoqi International Airport,Xiamen,China,24.54400062561035,118.12799835205078
KHN,ZSCN,Nanchang Changbei International Airport,Nanchang,China,28.864999771118164,115.9000015258789
FOC,ZSFZ,Fuzhou Changle International Airport,Fuzhou,China,25.93510055541992,119.66300201416016
HGH,ZSHC,Hangzhou Xiaoshan International Airport,Hangzhou,China,30.22949981689453,120.43399810791016
NGB,ZSNB,Ningbo Lishe International Airport,Ninbo,China,29.82670021057129,121.46199798583984
NKG,ZSNJ,Nanjing Lukou Airport,Nanjing,China,31.742000579833984,118.86199951171876
HFE,ZSOF,Hefei Luogang International Airport,Hefei,China,31.780000686645508,117.2979965209961
TAO,ZSQD,Liuting Airport,Qingdao,China,36.2661018372,120.374000549
SHA,ZSSS,Shanghai Hongqiao International Airport,Shanghai,China,31.197900772094727,121.33599853515624
YNT,ZSYT,Yantai Laishan Airport,Yantai,China,37.40169906616211,121.37200164794922
CKG,ZUCK,Chongqing Jiangbei International Airport,Chongqing,China,29.719200134277344,106.64199829101562
KWE,ZUGY,Longdongbao Airport,Guiyang,China,26.53849983215332,106.8010025024414
CTU,ZUUU,Chengdu Shuangliu International Airport,Chengdu,China,30.578500747680664,103.9469985961914
XIC,ZUXC,Xichang Qingshan Airport,Xichang,China,27.98909950256348,102.18399810791016
KHG,ZWSH,Kashgar Airport,Kashi,China,39.5429000854,76.0199966431
HTN,ZWTN,Hotan Airport,Hotan,China,37.03850173950195,79.86489868164062
URC,ZWWW,Ürümqi Diwopu International Airport,Urumqi,China,43.90710067749024,87.47419738769531
HRB,ZYHB,Taiping Airport,Harbin,China,45.6234016418457,126.25
MDG,ZYMD,Mudanjiang Hailang International Airport,Mudanjiang,China,44.5241012573,129.569000244
DLC,ZYTL,Zhoushuizi Airport,Dalian,China,38.9656982421875,121.53900146484376
PVG,ZSPD,Shanghai Pudong International Airport,Shanghai,China,31.143400192260746,121.80500030517578
TOD,WMBT,Pulau Tioman Airport,Tioman,Malaysia,2.818180084228516,104.16000366210938
SZB,WMSA,Sultan Abdul Aziz Shah International Airport,Kuala Lumpur,Malaysia,3.130579948425293,101.54900360107422
NTQ,RJNW,Noto Airport,Wajima,Japan,37.2930984497,136.962005615
HBE,HEBA,Borg El Arab International Airport,Alexandria,Egypt,30.917699813842773,29.696399688720703
BTI,PABA,Barter Island LRRS Airport,Barter Island,United States,70.1340026855,-143.582000732
LUR,PALU,Cape Lisburne LRRS Airport,Cape Lisburne,United States,68.87509918,-166.1100006
PIZ,PPIZ,Point Lay LRRS Airport,Point Lay,United States,69.73290253,-163.0050049
ITO,PHTO,Hilo International Airport,Hilo,United States,19.721399307250977,-155.04800415039062
ORL,KORL,Orlando Executive Airport,Orlando,United States,28.5455,-81.332901
BTT,PABT,Bettles Airport,Bettles,United States,66.91390228,-151.529007
UTO,PAIM,Indian Mountain LRRS Airport,Indian Mountains,United States,65.99279785,-153.7039948
FYU,PFYU,Fort Yukon Airport,Fort Yukon,United States,66.57150268554688,-145.25
SVW,PASV,Sparrevohn LRRS Airport,Sparrevohn,United States,61.09740067,-155.5740051
FRN,PAFR,Bryant Army Heliport,Fort Richardson,United States,61.26639938,-149.6529999
TLJ,PATL,Tatalina LRRS Airport,Tatalina,United States,62.8944015503,-155.977005005
CZF,PACZ,Cape Romanzof LRRS Airport,Cape Romanzof,United States,61.78030014,-166.0390015
BED,KBED,Laurence G Hanscom Field,Bedford,United States,42.47000122,-71.28900146
SNP,PASN,St Paul Island Airport,St. Paul Island,United States,57.16730117797852,-170.22000122070312
EHM,PAEH,Cape Newenham LRRS Airport,Cape Newenham,United States,58.6464004517,-162.06300354
STG,PAPB,St George Airport,Point Barrow,United States,56.5783004761,-169.662002563
ILI,PAIL,Iliamna Airport,Iliamna,United States,59.75439835,-154.9109955
PTU,PAPM,Platinum Airport,Port Moller,United States,59.01139831542969,-161.82000732421875
BMX,PABM,Big Mountain Airport,Big Mountain,United States,59.3611984253,-155.259002686
OSC,KOSC,Oscoda Wurtsmith Airport,Oscoda,United States,44.451599,-83.394096
OAR,KOAR,Marina Municipal Airport,Fort Ord,United States,36.68190002,-121.762001
MHR,KMHR,Sacramento Mather Airport,Sacramento,United States,38.55390167,-121.2979965
BYS,KBYS,Bicycle Lake Army Air Field,Fort Irwin,United States,35.2804985046,-116.629997253
FSM,KFSM,Fort Smith Regional Airport,Fort Smith,United States,35.33660125732422,-94.36740112304688
MRI,PAMR,Merrill Field,Anchorage,United States,61.2135009765625,-149.843994140625
GNT,KGNT,Grants-Milan Municipal Airport,Grants,United States,35.167301178,-107.902000427
PNC,KPNC,Ponca City Regional Airport,Ponca City,United States,36.73199844,-97.09980011
SVN,KSVN,Hunter Army Air Field,Hunter Aaf,United States,32.00999832,-81.14569855
GFK,KGFK,Grand Forks International Airport,Grand Forks,United States,47.949299,-97.176102
PBF,KPBF,"Pine Bluff Regional Airport, Grider Field",Pine Bluff,United States,34.1731,-91.9356
NSE,KNSE,Whiting Field Naval Air Station - North,Milton,United States,30.7241993,-87.02189636
HNM,PHHN,Hana Airport,Hana,United States,20.79560089111328,-156.01400756835938
PRC,KPRC,Ernest A. Love Field,Prescott,United States,34.65449905,-112.4199982
TTN,KTTN,Trenton Mercer Airport,Trenton,United States,40.27669906616211,-74.8134994506836
BOS,KBOS,General Edward Lawrence Logan International Airport,Boston,United States,42.36429977,-71.00520325
SUU,KSUU,Travis Air Force Base,Fairfield,United States,38.262699127197,-121.92700195312
RME,KRME,Griffiss International Airport,Rome,United States,43.23379898,-75.40699768
ENV,KENV,Wendover Airport,Wendover,United States,40.7187004089,-114.03099823
BFM,KBFM,Mobile Downtown Airport,Mobile,United States,30.626800537100003,-88.06809997559999
OAK,KOAK,Metropolitan Oakland International Airport,Oakland,United States,37.721298,-122.221001
OMA,KOMA,Eppley Airfield,Omaha,United States,41.3032,-95.894096
OGG,PHOG,Kahului Airport,Kahului,United States,20.8986,-156.429993
ICT,KICT,Wichita Eisenhower National Airport,Wichita,United States,37.649899,-97.433098
MCI,KMCI,Kansas City International Airport,Kansas City,United States,39.2976,-94.713898
MSN,KMSN,Dane County Regional Truax Field,Madison,United States,43.13990020751953,-89.3375015258789
DLG,PADL,Dillingham Airport,Dillingham,United States,59.04470062,-158.5050049
HRO,KHRO,Boone County Airport,Harrison,United States,36.26150131225586,-93.15470123291016
PHX,KPHX,Phoenix Sky Harbor International Airport,Phoenix,United States,33.43429946899414,-112.01200103759766
BGR,KBGR,Bangor International Airport,Bangor,United States,44.80739974975586,-68.8281021118164
FXE,KFXE,Fort Lauderdale Executive Airport,Fort Lauderdale,United States,26.1972999573,-80.1707000732
GGG,KGGG,East Texas Regional Airport,Longview,United States,32.38399887084961,-94.71150207519533
AND,KAND,Anderson Regional Airport,Andersen,United States,34.4945983887,-82.70939636230001
GEG,KGEG,Spokane International Airport,Spokane,United States,47.61989974975586,-117.53399658203124
HWO,KHWO,North Perry Airport,Hollywood,United States,26.0012,-80.2407
SFO,KSFO,San Francisco International Airport,San Francisco,United States,37.61899948120117,-122.375
CTB,KCTB,Cut Bank International Airport,Cutbank,United States,48.6083984375,-112.375999451
ARA,KARA,Acadiana Regional Airport,Louisiana,United States,30.0378,-91.883904
GNV,KGNV,Gainesville Regional Airport,Gainesville,United States,29.6900997162,-82.2717971802
MEM,KMEM,Memphis International Airport,Memphis,United States,35.04240036010742,-89.97669982910156
DUG,KDUG,Bisbee Douglas International Airport,Douglas,United States,31.4689998627,-109.603996277
BIG,PABI,Allen Army Airfield,Delta Junction,United States,63.9944992065,-145.722000122
CNW,KCNW,TSTC Waco Airport,Waco,United States,31.6378002167,-97.0740966797
ANN,PANT,Annette Island Airport,Annette Island,United States,55.04240036010742,-131.57200622558594
CAR,KCAR,Caribou Municipal Airport,Caribou,United States,46.8714981079,-68.0178985596
LRF,KLRF,Little Rock Air Force Base,Jacksonville,United States,34.916900634799994,-92.14969635010002
HUA,KHUA,Redstone Army Air Field,Redstone,United States,34.67869949,-86.68479919
POB,KPOB,Pope Field,Fort Bragg,United States,35.1708984375,-79.014503479004
DHT,KDHT,Dalhart Municipal Airport,Dalhart,United States,36.0225982666,-102.54699707
DLF,KDLF,DLF Airport,Del Rio,United States,29.359501,-100.778002
LAX,KLAX,Los Angeles International Airport,Los Angeles,United States,33.94250107,-118.4079971
ANB,KANB,Anniston Regional Airport,Anniston,United States,33.5882,-85.8581
CLE,KCLE,Cleveland Hopkins International Airport,Cleveland,United States,41.4117012024,-81.8498001099
DOV,KDOV,Dover Air Force Base,Dover,United States,39.12950134,-75.46600342
CVG,KCVG,Cincinnati Northern Kentucky International Airport,Cincinnati,United States,39.0488014221,-84.6678009033
FME,KFME,Tipton Airport,Fort Meade,United States,39.08539962769999,-76.7593994141
HON,KHON,Huron Regional Airport,Huron,United States,44.38520050048828,-98.22850036621094
JNU,PAJN,Juneau International Airport,Juneau,United States,58.35499954223633,-134.5760040283203
LFT,KLFT,Lafayette Regional Airport,Lafayette,United States,30.20529938,-91.98760223
EWR,KEWR,Newark Liberty International Airport,Newark,United States,40.692501068115234,-74.168701171875
BOI,KBOI,Boise Air Terminal/Gowen Field,Boise,United States,43.5644,-116.223
INS,KINS,Creech Air Force Base,Indian Springs,United States,36.5872001648,-115.672996521
GCK,KGCK,Garden City Regional Airport,Garden City,United States,37.9275016785,-100.723999023
MOT,KMOT,Minot International Airport,Minot,United States,48.2593994140625,-101.27999877929688
HHI,PHHI,Wheeler Army Airfield,Wahiawa,United States,21.48349953,-158.0399933
MXF,KMXF,Maxwell Air Force Base,Montgomery,United States,32.3829,-86.365799
DAL,KDAL,Dallas Love Field,Dallas,United States,32.847099,-96.851799
FCS,KFCS,Butts AAF (Fort Carson) Air Field,Fort Carson,United States,38.67839813,-104.7570038
HLN,KHLN,Helena Regional Airport,Helena,United States,46.6068000793457,-111.98300170898438
NKX,KNKX,Miramar Marine Corps Air Station - Mitscher Field,Miramar,United States,32.86840057,-117.1429977
LUF,KLUF,Luke Air Force Base,Phoenix,United States,33.534999847399995,-112.383003235
HHR,KHHR,Jack Northrop Field Hawthorne Municipal Airport,Hawthorne,United States,33.922798,-118.334999
HUL,KHUL,Houlton International Airport,Houlton,United States,46.1231002808,-67.792098999
END,KEND,Vance Air Force Base,Enid,United States,36.3391990662,-97.9164962769
NTD,KNTD,Point Mugu Naval Air Station (Naval Base Ventura Co),Point Mugu,United States,34.120300293,-119.121002197
EDW,KEDW,Edwards Air Force Base,Edwards Afb,United States,34.905399,-117.884003
LCH,KLCH,Lake Charles Regional Airport,Lake Charles,United States,30.126100540161133,-93.22329711914062
KOA,PHKO,Ellison Onizuka Kona International At Keahole Airport,Kona,United States,19.738783,-156.045603
MYR,KMYR,Myrtle Beach International Airport,Myrtle Beach,United States,33.6796989441,-78.9282989502
NLC,KNLC,Lemoore Naval Air Station (Reeves Field) Airport,Lemoore,United States,36.33300018,-119.9520035
ACK,KACK,Nantucket Memorial Airport,Nantucket,United States,41.25310135,-70.06020355
FAF,KFAF,Felker Army Air Field,Fort Eustis,United States,37.1324996948,-76.60880279540001
HOP,KHOP,Campbell AAF (Fort Campbell) Air Field,Hopkinsville,United States,36.668598175,-87.49620056150002
DCA,KDCA,Ronald Reagan Washington National Airport,Washington,United States,38.8521,-77.037697
NHK,KNHK,Patuxent River Naval Air Station (Trapnell Field),Patuxent River,United States,38.285999,-76.411797
PSX,KPSX,Palacios Municipal Airport,Palacios,United States,28.727500915527,-96.250999450684
BYH,KBYH,Arkansas International Airport,Blytheville,United States,35.9642982483,-89.94400024410001
ACY,KACY,Atlantic City International Airport,Atlantic City,United States,39.45759963989258,-74.57720184326172
TIK,KTIK,Tinker Air Force Base,Oklahoma City,United States,35.414699554443,-97.386596679688
ECG,KECG,Elizabeth City Regional Airport & Coast Guard Air Station,Elizabeth City,United States,36.26060104,-76.17459869
PUB,KPUB,Pueblo Memorial Airport,Pueblo,United States,38.289100646972656,-104.49700164794922
PQI,KPQI,Northern Maine Regional Airport at Presque Isle,Presque Isle,United States,46.68899918,-68.0447998
GRF,KGRF,Gray Army Air Field,Fort Lewis,United States,47.07920074,-122.5810013
ADQ,PADQ,Kodiak Airport,Kodiak,United States,57.75,-152.4940033
UPP,PHUP,Upolu Airport,Opolu,United States,20.265300750732425,-155.86000061035156
FLL,KFLL,Fort Lauderdale Hollywood International Airport,Fort Lauderdale,United States,26.072599,-80.152702
INL,KINL,Falls International Airport,International Falls,United States,48.566200256347656,-93.4030990600586
SLC,KSLC,Salt Lake City International Airport,Salt Lake City,United States,40.78839874267578,-111.97799682617188
CDS,KCDS,Childress Municipal Airport,Childress,United States,34.4337997437,-100.288002014
BIX,KBIX,Keesler Air Force Base,Biloxi,United States,30.4104003906,-88.92440032959999
LSF,KLSF,Lawson Army Air Field (Fort Benning),Fort Benning,United States,32.337299346900004,-84.9913024902
NQI,KNQI,Kingsville Naval Air Station,Kingsville,United States,27.5072002411,-97.8097000122
FRI,KFRI,Marshall Army Air Field,Fort Riley,United States,39.05530167,-96.76450348
MDT,KMDT,Harrisburg International Airport,Harrisburg,United States,40.1935005188,-76.7633972168
LNK,KLNK,Lincoln Airport,Lincoln,United States,40.85100173950195,-96.75920104980467
LAN,KLAN,Capital City Airport,Lansing,United States,42.77870178222656,-84.58740234375
MUE,PHMU,Waimea Kohala Airport,Kamuela,United States,20.001300811767575,-155.66799926757812
MSS,KMSS,Massena International Richards Field,Massena,United States,44.93579864501953,-74.84559631347656
HKY,KHKY,Hickory Regional Airport,Hickory,United States,35.74110031,-81.38950348
SPG,KSPG,Albert Whitted Airport,St. Petersburg,United States,27.7651,-82.626999
FMY,KFMY,Page Field,Fort Myers,United States,26.58659935,-81.86329650879999
IAH,KIAH,George Bush Intercontinental Houston Airport,Houston,United States,29.984399795532227,-95.34140014648438
ADW,KADW,Joint Base Andrews,Camp Springs,United States,38.810799,-76.866997
INT,KINT,Smith Reynolds Airport,Winston-salem,United States,36.13370132446289,-80.22200012207031
VCV,KVCV,Southern California Logistics Airport,Victorville,United States,34.597499847399995,-117.383003235
CEW,KCEW,Bob Sikes Airport,Crestview,United States,30.778799057,-86.522102356
PHN,KPHN,St Clair County International Airport,Port Huron,United States,42.9109993,-82.52890015
BFL,KBFL,Meadows Field,Bakersfield,United States,35.43360138,-119.0569992
ELP,KELP,El Paso International Airport,El Paso,United States,31.80719948,-106.3779984
HRL,KHRL,Valley International Airport,Harlingen,United States,26.228500366210938,-97.65440368652344
CAE,KCAE,Columbia Metropolitan Airport,Columbia,United States,33.93880081176758,-81.11949920654297
DMA,KDMA,Davis Monthan Air Force Base,Tucson,United States,32.1665000916,-110.883003235
NPA,KNPA,Pensacola Naval Air Station/Forrest Sherman Field,Pensacola,United States,30.35269928,-87.31860352
PNS,KPNS,Pensacola Regional Airport,Pensacola,United States,30.473400115967,-87.186599731445
RDR,KRDR,Grand Forks Air Force Base,Red River,United States,47.961101532,-97.4011993408
HOU,KHOU,William P Hobby Airport,Houston,United States,29.64539909,-95.27890015
BFK,KBKF,Buckley Air Force Base,Buckley,United States,39.7016983032,-104.751998901
ORT,PAOR,Northway Airport,Northway,United States,62.9612999,-141.9290009
PAQ,PAAQ,"Warren ""Bud"" Woods Palmer Municipal Airport",Palmer,United States,61.594898,-149.08901
PIT,KPIT,Pittsburgh International Airport,Pittsburgh,United States,40.49150085,-80.23290253
BRW,PABR,Wiley Post Will Rogers Memorial Airport,Barrow,United States,71.285402,-156.766008
EFD,KEFD,Ellington Airport,Houston,United States,29.6072998047,-95.1587982178
NUW,KNUW,Whidbey Island Naval Air Station (Ault Field),Whidbey Island,United States,48.351799,-122.655998
ALI,KALI,Alice International Airport,Alice,United States,27.7409000397,-98.02690124510002
VAD,KVAD,Moody Air Force Base,Valdosta,United States,30.9678001404,-83.1930007935
MIA,KMIA,Miami International Airport,Miami,United States,25.79319953918457,-80.29060363769531
SEA,KSEA,Seattle Tacoma International Airport,Seattle,United States,47.449001,-122.308998
CHA,KCHA,Lovell Field,Chattanooga,United States,35.035301208496094,-85.20379638671875
BDR,KBDR,Igor I Sikorsky Memorial Airport,Stratford,United States,41.16350173950195,-73.1261978149414
JAN,KJAN,Jackson-Medgar Wiley Evers International Airport,Jackson,United States,32.3111991882,-90.0758972168
GLS,KGLS,Scholes International At Galveston Airport,Galveston,United States,29.265300750732425,-94.8603973388672
LGB,KLGB,Long Beach /Daugherty Field/ Airport,Long Beach,United States,33.81769943,-118.1520004
HDH,PHDH,Dillingham Airfield,Dillingham,United States,21.5795001984,-158.197006226
IPT,KIPT,Williamsport Regional Airport,Williamsport,United States,41.241798400878906,-76.92109680175781
IND,KIND,Indianapolis International Airport,Indianapolis,United States,39.7173,-86.294403
SZL,KSZL,Whiteman Air Force Base,Knobnoster,United States,38.73030090332,-93.547897338867
AKC,KAKR,Akron Fulton International Airport,Akron,United States,41.0374984741,-81.4669036865
GWO,KGWO,Greenwood–Leflore Airport,Greenwood,United States,33.4943008423,-90.0847015381
HPN,KHPN,Westchester County Airport,White Plains,United States,41.06700134277344,-73.70760345458984
FOK,KFOK,Francis S Gabreski Airport,West Hampton Beach,United States,40.8437004089,-72.6317977905
JBR,KJBR,Jonesboro Municipal Airport,Jonesboro,United States,35.83169937133789,-90.64640045166016
XSD,KTNX,Tonopah Test Range Airport,Tonopah,United States,37.7988014221,-116.78099823
LNA,KLNA,Palm Beach County Park Airport,West Palm Beach,United States,26.59300041,-80.08509827
NZY,KNZY,North Island Naval Air Station-Halsey Field,San Diego,United States,32.69919968,-117.2149963
BIF,KBIF,Biggs Army Air Field (Fort Bliss),El Paso,United States,31.84950066,-106.3799973
YUM,KNYL,Yuma MCAS/Yuma International Airport,Yuma,United States,32.65660095,-114.6060028
CNM,KCNM,Cavern City Air Terminal,Carlsbad,United States,32.337501525878906,-104.26300048828124
DLH,KDLH,Duluth International Airport,Duluth,United States,46.8420982361,-92.1936035156
BET,PABE,Bethel Airport,Bethel,United States,60.77980042,-161.8379974
LOU,KLOU,Bowman Field,Louisville,United States,38.2280006409,-85.6636962891
FHU,KFHU,Sierra Vista Municipal Libby Army Air Field,Fort Huachuca,United States,31.588499069213867,-110.34400177001952
LIH,PHLI,Lihue Airport,Lihue,United States,21.97599983215332,-159.33900451660156
HUF,KHUF,"Terre Haute Regional Airport, Hulman Field",Terre Haute,United States,39.4515,-87.307602
HVR,KHVR,Havre City County Airport,Havre,United States,48.54299927,-109.762001
MWH,KMWH,Grant County International Airport,Grant County Airport,United States,47.20769882,-119.3199997
MPV,KMPV,Edward F Knapp State Airport,Montpelier,United States,44.20349884,-72.56230164
RIC,KRIC,Richmond International Airport,Richmond,United States,37.50519943237305,-77.3197021484375
SHV,KSHV,Shreveport Regional Airport,Shreveport,United States,32.446602,-93.8256
CDV,PACV,Merle K (Mudhole) Smith Airport,Cordova,United States,60.4917984,-145.4779968
ORF,KORF,Norfolk International Airport,Norfolk,United States,36.89459991455078,-76.20120239257812
BPT,KBPT,Southeast Texas Regional Airport,Beaumont,United States,29.9507999420166,-94.02069854736328
SAV,KSAV,Savannah Hilton Head International Airport,Savannah,United States,32.12760162,-81.20210266
HIF,KHIF,Hill Air Force Base,Ogden,United States,41.12403,-111.973086
OME,PAOM,Nome Airport,Nome,United States,64.51219940185547,-165.44500732421875
PIE,KPIE,St Petersburg Clearwater International Airport,St. Petersburg,United States,27.91020012,-82.68740082
MNM,KMNM,Menominee Regional Airport,Macon,United States,45.126701,-87.638397
CXO,KCXO,Conroe-North Houston Regional Airport,Conroe,United States,30.351801,-95.414497
SCC,PASC,Deadhorse Airport,Deadhorse,United States,70.19470215,-148.4649963
SAT,KSAT,San Antonio International Airport,San Antonio,United States,29.533700942993164,-98.46980285644533
ROC,KROC,Greater Rochester International Airport,Rochester,United States,43.118900299072266,-77.67240142822266
COF,KCOF,Patrick Air Force Base,Coco Beach,United States,28.2348995209,-80.6100997925
TEB,KTEB,Teterboro Airport,Teterboro,United States,40.85010147089999,-74.060798645
RCA,KRCA,Ellsworth Air Force Base,Rapid City,United States,44.14500046,-103.1039963
RDU,KRDU,Raleigh Durham International Airport,Raleigh-durham,United States,35.87760162353516,-78.7874984741211
DAY,KDAY,James M Cox Dayton International Airport,Dayton,United States,39.90240097045898,-84.21939849853516
ENA,PAEN,Kenai Municipal Airport,Kenai,United States,60.57310104370117,-151.2449951171875
MLC,KMLC,Mc Alester Regional Airport,Mcalester,United States,34.882401,-95.783501
IAG,KIAG,Niagara Falls International Airport,Niagara Falls,United States,43.1072998046875,-78.94619750976562
CFD,KCFD,Coulter Field,Bryan,United States,30.7157001495,-96.3313980103
LIY,KLHW,Wright AAF (Fort Stewart)/Midcoast Regional Airport,Wright,United States,31.889099,-81.562303
PHF,KPHF,Newport News Williamsburg International Airport,Newport News,United States,37.13190079,-76.49299622
ESF,KESF,Esler Regional Airport,Alexandria,United States,31.3948993683,-92.2957992554
LTS,KLTS,Altus Air Force Base,Altus,United States,34.667098999,-99.2667007446
TUS,KTUS,Tucson International Airport,Tucson,United States,32.1161003112793,-110.94100189208984
MIB,KMIB,Minot Air Force Base,Minot,United States,48.4156,-101.358002
BAB,KBAB,Beale Air Force Base,Marysville,United States,39.136100769,-121.43699646
IKK,KIKK,Greater Kankakee Airport,Kankakee,United States,41.07139968869999,-87.8462982178
GSB,KGSB,Seymour Johnson Air Force Base,Goldsboro,United States,35.33940125,-77.96060181
PVD,KPVD,Theodore Francis Green State Airport,Providence,United States,41.732601,-71.420403
SBY,KSBY,Salisbury Ocean City Wicomico Regional Airport,Salisbury,United States,38.34049987792969,-75.51029968261719
BUR,KBUR,Bob Hope Airport,Burbank,United States,34.20069885253906,-118.35900115966795
DTW,KDTW,Detroit Metropolitan Wayne County Airport,Detroit,United States,42.212398529052734,-83.35340118408203
TPA,KTPA,Tampa International Airport,Tampa,United States,27.975500106811523,-82.533203125
PMB,KPMB,Pembina Municipal Airport,Pembina,United States,48.9425010681,-97.2407989502
POE,KPOE,Polk Army Air Field,Fort Polk,United States,31.0447998,-93.1917038
EIL,PAEI,Eielson Air Force Base,Fairbanks,United States,64.66570282,-147.102005
HIB,KHIB,Range Regional Airport,Hibbing,United States,47.38660049,-92.83899689
LFK,KLFK,Angelina County Airport,Lufkin,United States,31.2339992523,-94.75
MAF,KMAF,Midland International Airport,Midland,United States,31.9424991607666,-102.2020034790039
GRB,KGRB,Austin Straubel International Airport,Green Bay,United States,44.48509979248047,-88.12960052490234
ADM,KADM,Ardmore Municipal Airport,Ardmore,United States,34.30301,-97.0196342
WRI,KWRI,Mc Guire Air Force Base,Wrightstown,United States,40.0155983,-74.59169769
AGS,KAGS,Augusta Regional At Bush Field,Bush Field,United States,33.36989974975586,-81.9645004272461
ISN,KISN,Sloulin Field International Airport,Williston,United States,48.177898407,-103.641998291
LIT,KLIT,Bill & Hillary Clinton National Airport/Adams Field,Little Rock,United States,34.729400634799994,-92.2242965698
SWF,KSWF,Stewart International Airport,Newburgh,United States,41.50410079956055,-74.10479736328125
BDE,KBDE,Baudette International Airport,Baudette,United States,48.7284011841,-94.612197876
SAC,KSAC,Sacramento Executive Airport,Sacramento,United States,38.5125007629,-121.492996216
HOM,PAHO,Homer Airport,Homer,United States,59.645599365234375,-151.4770050048828
TBN,KTBN,Waynesville-St. Robert Regional Forney field,Fort Leonardwood,United States,37.74160004,-92.14070129
MGE,KMGE,Dobbins Air Reserve Base,Marietta,United States,33.91540146,-84.51629639
SKA,KSKA,Fairchild Air Force Base,Spokane,United States,47.6151008606,-117.65599823
HTL,KHTL,Roscommon County - Blodgett Memorial Airport,Houghton Lake,United States,44.359798,-84.671095
PAM,KPAM,Tyndall Air Force Base,Panama City,United States,30.0695991516,-85.57540130619999
DFW,KDFW,Dallas Fort Worth International Airport,Dallas-Fort Worth,United States,32.896801,-97.038002
MLB,KMLB,Melbourne International Airport,Melbourne,United States,28.10280036926269,-80.64530181884766
TCM,KTCM,McChord Air Force Base,Tacoma,United States,47.1376991272,-122.475997925
AUS,KAUS,Austin Bergstrom International Airport,Austin,United States,30.194499969482425,-97.6698989868164
LCK,KLCK,Rickenbacker International Airport,Columbus,United States,39.813801,-82.927803
MQT,KSAW,Sawyer International Airport,Gwinn,United States,46.3535995483,-87.395401001
TYS,KTYS,McGhee Tyson Airport,Knoxville,United States,35.81100082,-83.9940033
HLR,KHLR,Hood Army Air Field,Fort Hood,United States,31.1387004852,-97.7145004272
STL,KSTL,St Louis Lambert International Airport,St. Louis,United States,38.748697,-90.370003
MIV,KMIV,Millville Municipal Airport,Millville,United States,39.367802,-75.072197
SPS,KSPS,Sheppard Air Force Base-Wichita Falls Municipal Airport,Wichita Falls,United States,33.9888,-98.491898
LUK,KLUK,Cincinnati Municipal Airport Lunken Field,Cincinnati,United States,39.10329819,-84.41860199
ATL,KATL,Hartsfield Jackson Atlanta International Airport,Atlanta,United States,33.6367,-84.428101
MER,KMER,Castle Airport,Merced,United States,37.38050079,-120.5680008
MCC,KMCC,Mc Clellan Airfield,Sacramento,United States,38.66759872,-121.401001
GRR,KGRR,Gerald R. Ford International Airport,Grand Rapids,United States,42.88079834,-85.52279663
INK,KINK,Winkler County Airport,Wink,United States,31.7796001434,-103.200996399
FAT,KFAT,Fresno Yosemite International Airport,Fresno,United States,36.77619934082031,-119.71800231933594
VRB,KVRB,Vero Beach Regional Airport,Vero Beach,United States,27.6556,-80.417901
IPL,KIPL,Imperial County Airport,Imperial,United States,32.834201812699995,-115.57900238
BNA,KBNA,Nashville International Airport,Nashville,United States,36.1245002746582,-86.6781997680664
LRD,KLRD,Laredo International Airport,Laredo,United States,27.543800354003903,-99.46160125732422
EDF,PAED,Elmendorf Air Force Base,Anchorage,United States,61.2509994506836,-149.8070068359375
OTZ,PAOT,Ralph Wien Memorial Airport,Kotzebue,United States,66.88469696,-162.598999
AOO,KAOO,Altoona Blair County Airport,Altoona,United States,40.29639816,-78.31999969
DYS,KDYS,Dyess Air Force Base,Abilene,United States,32.4207992554,-99.854598999
ELD,KELD,South Arkansas Regional At Goodwin Field,El Dorado,United States,33.22100067138672,-92.81330108642578
LGA,KLGA,La Guardia Airport,New York,United States,40.77719879,-73.87259674
TLH,KTLH,Tallahassee Regional Airport,Tallahassee,United States,30.396499633789062,-84.35030364990234
DPA,KDPA,Dupage Airport,West Chicago,United States,41.90779877,-88.24859619
ACT,KACT,Waco Regional Airport,Waco,United States,31.611299514770508,-97.23049926757812
AUG,KAUG,Augusta State Airport,Augusta,United States,44.3205986023,-69.7973022461
NIP,KNIP,Jacksonville Naval Air Station (Towers Field),Jacksonville,United States,30.2358,-81.680603
MKL,KMKL,McKellar-Sipes Regional Airport,Jackson,United States,35.599899,-88.915604
MKK,PHMK,Molokai Airport,Molokai,United States,21.15290069580078,-157.0959930419922
FTK,KFTK,Godman Army Air Field,Fort Knox,United States,37.9071006775,-85.9720993042
SJT,KSJT,San Angelo Regional Mathis Field,San Angelo,United States,31.35770034790039,-100.49600219726562
CXL,KCXL,Calexico International Airport,Calexico,United States,32.6694984436,-115.513000488
CIC,KCIC,Chico Municipal Airport,Chico,United States,39.79539871,-121.8580017
BTV,KBTV,Burlington International Airport,Burlington,United States,44.4719009399,-73.15329742429999
JAX,KJAX,Jacksonville International Airport,Jacksonville,United States,30.49410057067871,-81.68789672851562
DRO,KDRO,Durango La Plata County Airport,Durango,United States,37.1515007019,-107.753997803
IAD,KIAD,Washington Dulles International Airport,Washington,United States,38.94449997,-77.45580292
CLL,KCLL,Easterwood Field,College Station,United States,30.58860016,-96.36380005
SFF,KSFF,Felts Field,Spokane,United States,47.682800292969,-117.32299804688
MKE,KMKE,General Mitchell International Airport,Milwaukee,United States,42.94720077514648,-87.89659881591797
ABI,KABI,Abilene Regional Airport,Abilene,United States,32.4113006592,-99.6819000244
COU,KCOU,Columbia Regional Airport,Columbia,United States,38.81809997558594,-92.21959686279295
PDX,KPDX,Portland International Airport,Portland,United States,45.58869934,-122.5979996
TNT,KTNT,Dade Collier Training and Transition Airport,Miami,United States,25.861799240112,-80.897003173828
PBI,KPBI,Palm Beach International Airport,West Palm Beach,United States,26.68320083618164,-80.09559631347656
FTW,KFTW,Fort Worth Meacham International Airport,Fort Worth,United States,32.819801,-97.362396
OGS,KOGS,Ogdensburg International Airport,Ogdensburg,United States,44.6819000244,-75.46549987790002
FMH,KFMH,Cape Cod Coast Guard Air Station,Falmouth,United States,41.6584014893,-70.5214004517
BFI,KBFI,Boeing Field King County International Airport,Seattle,United States,47.52999877929688,-122.302001953125
SKF,KSKF,Lackland Air Force Base,San Antonio,United States,29.38419914,-98.58110046
HNL,PHNL,Daniel K Inouye International Airport,Honolulu,United States,21.32062,-157.924228
DSM,KDSM,Des Moines International Airport,Des Moines,United States,41.53400039672852,-93.66310119628906
EWN,KEWN,Coastal Carolina Regional Airport,New Bern,United States,35.0730018616,-77.04290008539999
SAN,KSAN,San Diego International Airport,San Diego,United States,32.7336006165,-117.190002441
MLU,KMLU,Monroe Regional Airport,Monroe,United States,32.51089859008789,-92.0376968383789
SSC,KSSC,Shaw Air Force Base,Sumter,United States,33.97269821,-80.47059631
ONT,KONT,Ontario International Airport,Ontario,United States,34.055999755859375,-117.60099792480467
GVT,KGVT,Majors Airport,Greenvile,United States,33.0677986145,-96.0652999878
ROW,KROW,Roswell International Air Center Airport,Roswell,United States,33.30160140991211,-104.53099822998048
DET,KDET,Coleman A. Young Municipal Airport,Detroit,United States,42.40919876,-83.00990295
BRO,KBRO,Brownsville South Padre Island International Airport,Brownsville,United States,25.90679931640625,-97.4259033203125
DHN,KDHN,Dothan Regional Airport,Dothan,United States,31.3213005065918,-85.44960021972656
WWD,KWWD,Cape May County Airport,Wildwood,United States,39.0084991455,-74.9083023071
NFL,KNFL,Fallon Naval Air Station,Fallon,United States,39.41659927,-118.7009964
MTC,KMTC,Selfridge Air National Guard Base Airport,Mount Clemens,United States,42.613463,-82.836919
FMN,KFMN,Four Corners Regional Airport,Farmington,United States,36.7411994934,-108.230003357
CRP,KCRP,Corpus Christi International Airport,Corpus Christi,United States,27.77039909362793,-97.5011978149414
SYR,KSYR,Syracuse Hancock International Airport,Syracuse,United States,43.11119842529297,-76.1063003540039
NQX,KNQX,Naval Air Station Key West/Boca Chica Field,Key West,United States,24.57579994,-81.68890381
MDW,KMDW,Chicago Midway International Airport,Chicago,United States,41.785999,-87.752403
SJC,KSJC,Norman Y. Mineta San Jose International Airport,San Jose,United States,37.362598,-121.929001
HOB,KHOB,Lea County Regional Airport,Hobbs,United States,32.6875,-103.2170029
PNE,KPNE,Northeast Philadelphia Airport,Philadelphia,United States,40.081902,-75.010597
DEN,KDEN,Denver International Airport,Denver,United States,39.861698150635,-104.672996521
PHL,KPHL,Philadelphia International Airport,Philadelphia,United States,39.87189865112305,-75.24109649658203
SUX,KSUX,Sioux Gateway Col. Bud Day Field,Sioux City,United States,42.40259933,-96.38439941
MCN,KMCN,Middle Georgia Regional Airport,Macon,United States,32.69279861450195,-83.64920043945312
TCS,KTCS,Truth Or Consequences Municipal Airport,Truth Or Consequences,United States,33.2369003296,-107.272003174
PMD,KPMD,Palmdale Regional/USAF Plant 42 Airport,Palmdale,United States,34.62939835,-118.0849991
RND,KRND,Randolph Air Force Base,San Antonio,United States,29.52969933,-98.27890015
NJK,KNJK,El Centro NAF Airport (Vraciu Field),El Centro,United States,32.829201,-115.671996
CMH,KCMH,John Glenn Columbus International Airport,Columbus,United States,39.998001,-82.891899
FYV,KFYV,Drake Field,Fayetteville,United States,36.00510025024414,-94.17009735107422
FSI,KFSI,Henry Post Army Air Field (Fort Sill),Fort Sill,United States,34.64979935,-98.40219879
FFO,KFFO,Wright-Patterson Air Force Base,Dayton,United States,39.8260993958,-84.0483016968
GAL,PAGA,Edward G. Pitka Sr Airport,Galena,United States,64.73619843,-156.9369965
MWL,KMWL,Mineral Wells Airport,Mineral Wells,United States,32.7816009521,-98.0602035522
IAB,KIAB,Mc Connell Air Force Base,Wichita,United States,37.62189865,-97.26820374
NBG,KNBG,New Orleans NAS JRB/Alvin Callender Field,New Orleans,United States,29.82530022,-90.03500366
BFT,KARW,Beaufort County Airport,Beaufort,United States,32.4122009277,-80.6343994141
TXK,KTXK,Texarkana Regional Webb Field,Texarkana,United States,33.45370101928711,-93.99099731445312
PBG,KPBG,Plattsburgh International Airport,Plattsburgh,United States,44.6509017944336,-73.46810150146484
APG,KAPG,Phillips Army Air Field,Aberdeen,United States,39.466202,-76.1688
TCC,KTCC,Tucumcari Municipal Airport,Tucumcari,United States,35.182800293,-103.602996826
ANC,PANC,Ted Stevens Anchorage International Airport,Anchorage,United States,61.17440032958984,-149.99600219726562
GRK,KGRK,Robert Gray  Army Air Field Airport,Killeen,United States,31.067199707,-97.8289031982
BLI,KBLI,Bellingham International Airport,Bellingham,United States,48.79280090332031,-122.53800201416016
NQA,KNQA,Millington-Memphis Airport,Millington,United States,35.356701,-89.8703
EKN,KEKN,Elkins-Randolph Co-Jennings Randolph Field,Elkins,United States,38.88940048,-79.85710144
HFD,KHFD,Hartford Brainard Airport,Hartford,United States,41.736698150635,-72.649398803711
SFZ,KSFZ,North Central State Airport,Smithfield,United States,41.9207992554,-71.49140167239999
MOB,KMOB,Mobile Regional Airport,Mobile,United States,30.691200256348,-88.242797851562
NUQ,KNUQ,Moffett Federal Airfield,Mountain View,United States,37.4161,-122.049004
SAF,KSAF,Santa Fe Municipal Airport,Santa Fe,United States,35.617099762,-106.088996887
BKH,PHBK,Barking Sands Airport,Barking Sands,United States,22.0228004456,-159.785003662
DRI,KDRI,Beauregard Regional Airport,Deridder,United States,30.8316993713,-93.3398971558
BSF,PHSF,Bradshaw Army Airfield,Bradshaw Field,United States,19.760099411,-155.554000854
OLS,KOLS,Nogales International Airport,Nogales,United States,31.4177,-110.848
MCF,KMCF,Mac Dill Air Force Base,Tampa,United States,27.84930038,-82.52120209
BLV,KBLV,Scott AFB/Midamerica Airport,Belleville,United States,38.5452,-89.835197
OPF,KOPF,Opa-locka Executive Airport,Miami,United States,25.907,-80.278397
DRT,KDRT,Del Rio International Airport,Del Rio,United States,29.3742008209,-100.927001953
RSW,KRSW,Southwest Florida International Airport,Fort Myers,United States,26.53619956970215,-81.75520324707031
AKN,PAKN,King Salmon Airport,King Salmon,United States,58.67679977,-156.6490021
MUI,KMUI,Muir Army Air Field (Fort Indiantown Gap) Airport,Muir,United States,40.434799,-76.569397
JHM,PHJH,Kapalua Airport,Lahania-kapalua,United States,20.962900161743164,-156.67300415039062
JFK,KJFK,John F Kennedy International Airport,New York,United States,40.63980103,-73.77890015
HST,KHST,Homestead ARB Airport,Homestead,United States,25.48859978,-80.38359833
RAL,KRAL,Riverside Municipal Airport,Riverside,United States,33.95190048,-117.4449997
FLV,KFLV,Sherman Army Air Field,Fort Leavenworth,United States,39.3683013916,-94.9147033691
WAL,KWAL,Wallops Flight Facility Airport,Wallops Island,United States,37.9402008057,-75.4664001465
HMN,KHMN,Holloman Air Force Base,Alamogordo,United States,32.8525009155,-106.107002258
NXX,KNXX,Willow Grove Naval Air Station/Joint Reserve Base,Willow Grove,United States,40.19979858,-75.14820099
CYS,KCYS,Cheyenne Regional Jerry Olson Field,Cheyenne,United States,41.15570068,-104.8119965
SCK,KSCK,Stockton Metropolitan Airport,Stockton,United States,37.894199371338,-121.2379989624
CHS,KCHS,Charleston Air Force Base-International Airport,Charleston,United States,32.89860153,-80.04049683
RNO,KRNO,Reno Tahoe International Airport,Reno,United States,39.49909973144531,-119.76799774169922
KTN,PAKT,Ketchikan International Airport,Ketchikan,United States,55.35559845,-131.7140045
YIP,KYIP,Willow Run Airport,Detroit,United States,42.23789978,-83.53040314
VBG,KVBG,Vandenberg Air Force Base,Lompoc,United States,34.7373008728,-120.583999634
BHM,KBHM,Birmingham-Shuttlesworth International Airport,Birmingham,United States,33.56290054,-86.75350189
NEL,KNEL,Lakehurst Maxfield Field Airport,Lakehurst,United States,40.03329849,-74.353302
SYA,PASY,Eareckson Air Station,Shemya,United States,52.71229935,174.1139984
LSV,KLSV,Nellis Air Force Base,Las Vegas,United States,36.2361984253,-115.033996582
RIV,KRIV,March ARB Airport,Riverside,United States,33.880699,-117.259003
MOD,KMOD,Modesto City Co-Harry Sham Field,Modesto,United States,37.62580109,-120.9540024
SMF,KSMF,Sacramento International Airport,Sacramento,United States,38.69540023803711,-121.59100341796876
UGN,KUGN,Waukegan National Airport,Chicago,United States,42.422199249268,-87.867897033691
COS,KCOS,City of Colorado Springs Municipal Airport,Colorado Springs,United States,38.805801,-104.700996
BUF,KBUF,Buffalo Niagara International Airport,Buffalo,United States,42.94049835,-78.73220062
SKY,KSKY,Griffing Sandusky Airport,Sandusky,United States,41.4333992004,-82.6522979736
PAE,KPAE,Snohomish County (Paine Field) Airport,Everett,United States,47.90629959,-122.2819977
MUO,KMUO,Mountain Home Air Force Base,Mountain Home,United States,43.043598,-115.872002
CDC,KCDC,Cedar City Regional Airport,Cedar City,United States,37.70100021362305,-113.0989990234375
BDL,KBDL,Bradley International Airport,Windsor Locks,United States,41.9388999939,-72.68319702149999
MFE,KMFE,Mc Allen Miller International Airport,Mcallen,United States,26.17580032,-98.23860168
NGU,KNGU,Norfolk Naval Station (Chambers Field),Norfolk,United States,36.937599,-76.289299
CEF,KCEF,Westover ARB/Metropolitan Airport,Chicopee Falls,United States,42.19400024,-72.53479767
LBB,KLBB,Lubbock Preston Smith International Airport,Lubbock,United States,33.663601,-101.822998
ORD,KORD,Chicago O'Hare International Airport,Chicago,United States,41.9786,-87.9048
BCT,KBCT,Boca Raton Airport,Boca Raton,United States,26.3784999847,-80.1076965332
FAI,PAFA,Fairbanks International Airport,Fairbanks,United States,64.81510162,-147.8560028
CVS,KCVS,Cannon Air Force Base,Clovis,United States,34.3828010559,-103.321998596
NGF,PHNG,Kaneohe Bay MCAS (Marion E. Carl Field) Airport,Kaneohe Bay,United States,21.4505004883,-157.768005371
OFF,KOFF,Offutt Air Force Base,Omaha,United States,41.118301391602,-95.912498474121
GKN,PAGK,Gulkana Airport,Gulkana,United States,62.1548996,-145.4570007
ART,KART,Watertown International Airport,Watertown,United States,43.99190139770508,-76.02169799804688
PSP,KPSP,Palm Springs International Airport,Palm Springs,United States,33.8297004699707,-116.50700378417967
AMA,KAMA,Rick Husband Amarillo International Airport,Amarillo,United States,35.219398,-101.706001
FOD,KFOD,Fort Dodge Regional Airport,Fort Dodge,United States,42.55149841,-94.19259644
BAD,KBAD,Barksdale Air Force Base,Shreveport,United States,32.5018005371,-93.6626968384
FOE,KFOE,Topeka Regional Airport - Forbes Field,Topeka,United States,38.9509010315,-95.6635971069
COT,KCOT,Cotulla-La Salle County Airport,Cotulla,United States,28.45669937,-99.22029877
ILM,KILM,Wilmington International Airport,Wilmington,United States,34.270599365234375,-77.90260314941406
BTR,KBTR,Baton Rouge Metropolitan Airport,Baton Rouge,United States,30.533199,-91.149597
TYR,KTYR,Tyler Pounds Regional Airport,Tyler,United States,32.35409927368164,-95.40239715576172
BWI,KBWI,Baltimore/Washington International Thurgood Marshall Airport,Baltimore,United States,39.1754,-76.668297
HBR,KHBR,Hobart Regional Airport,Hobart,United States,34.991317,-99.051313
LNY,PHNY,Lanai Airport,Lanai,United States,20.785600662231445,-156.9510040283203
AEX,KAEX,Alexandria International Airport,Alexandria,United States,31.32740020751953,-92.54979705810548
WSD,KWSD,Condron Army Air Field,White Sands,United States,32.34149933,-106.4029999
CDB,PACD,Cold Bay Airport,Cold Bay,United States,55.20610046386719,-162.72500610351562
TUL,KTUL,Tulsa International Airport,Tulsa,United States,36.19839859008789,-95.88809967041016
SIT,PASI,Sitka Rocky Gutierrez Airport,Sitka,United States,57.04710006713867,-135.36199951171875
ISP,KISP,Long Island Mac Arthur Airport,Islip,United States,40.79520035,-73.10019684
MSP,KMSP,Minneapolis-St Paul International/Wold-Chamberlain Airport,Minneapolis,United States,44.882,-93.221802
ILG,KILG,New Castle Airport,Wilmington,United States,39.67869949,-75.60649872
DUT,PADU,Unalaska Airport,Unalaska,United States,53.900100708,-166.544006348
MSY,KMSY,Louis Armstrong New Orleans International Airport,New Orleans,United States,29.99340057373047,-90.25800323486328
PWM,KPWM,Portland International Jetport Airport,Portland,United States,43.64619827,-70.30930328
OKC,KOKC,Will Rogers World Airport,Oklahoma City,United States,35.39310073852539,-97.60070037841795
ALB,KALB,Albany International Airport,Albany,United States,42.74829864501953,-73.80169677734375
VDZ,PAVD,Valdez Pioneer Field,Valdez,United States,61.13389969,-146.2480011
LFI,KLFI,Langley Air Force Base,Hampton,United States,37.082901001,-76.360496521
SNA,KSNA,John Wayne Airport-Orange County Airport,Santa Ana,United States,33.67570114,-117.8679962
CBM,KCBM,Columbus Air Force Base,Colombus,United States,33.6437988281,-88.44380187990001
TMB,KTMB,Kendall-Tamiami Executive Airport,Kendall-tamiami,United States,25.6478996277,-80.432800293
NTU,KNTU,Oceana Naval Air Station,Oceana,United States,36.820702,-76.033501
GUS,KGUS,Grissom Air Reserve Base,Peru,United States,40.6481018066,-86.1520996094
CPR,KCPR,Casper-Natrona County International Airport,Casper,United States,42.908001,-106.463997
VPS,KVPS,Destin-Ft Walton Beach Airport,Valparaiso,United States,30.4832,-86.525398
SEM,KSEM,Craig Field,Selma,United States,32.343898773193,-86.987800598145
EYW,KEYW,Key West International Airport,Key West,United States,24.556100845336918,-81.75959777832031
CLT,KCLT,Charlotte Douglas International Airport,Charlotte,United States,35.2140007019043,-80.94309997558594
LAS,KLAS,McCarran International Airport,Las Vegas,United States,36.08010101,-115.1520004
MCO,KMCO,Orlando International Airport,Orlando,United States,28.429399490356445,-81.30899810791016
FLO,KFLO,Florence Regional Airport,Florence,United States,34.18539810180664,-79.7238998413086
GTF,KGTF,Great Falls International Airport,Great Falls,United States,47.48199844,-111.3710022
YNG,KYNG,Youngstown Warren Regional Airport,Youngstown,United States,41.26070023,-80.67910004
FBK,PAFB,Ladd AAF Airfield,Fort Wainwright,United States,64.83750153,-147.6139984
WRB,KWRB,Robins Air Force Base,Macon,United States,32.6400985718,-83.5919036865
BKK,VTBS,Suvarnabhumi Airport,Bangkok,Thailand,13.681099891662598,100.74700164794922
NAH,WAMH,Naha Airport,Naha,Indonesia,3.6832098960876474,125.52799987792967
MXB,WAWM,Andi Jemma Airport,Masamba,Indonesia,-2.55803,120.323997
SQR,WAWS,Soroako Airport,Soroako,Indonesia,-2.5311999320983887,121.35800170898438
TTR,WAWT,Pongtiku Airport,Makale,Indonesia,-3.0447399616241,119.82199859619
KDI,WAWW,Wolter Monginsidi Airport,Kendari,Indonesia,-4.081610202789307,122.41799926757812
SBG,WITB,Maimun Saleh Airport,Sabang,Indonesia,5.87412977219,95.3396987915
TSY,WICM,Cibeureum Airport,Tasikmalaya,Indonesia,-7.346600055690001,108.246002197
MLG,WARA,Abdul Rachman Saleh Airport,Malang,Indonesia,-7.926559925079999,112.714996338
BDO,WICC,Husein Sastranegara International Airport,Bandung,Indonesia,-6.900629997253418,107.57599639892578
CBN,WICD,Penggung Airport,Cirebon,Indonesia,-6.756140232090001,108.540000916
JOG,WARJ,Adi Sutjipto International Airport,Yogyakarta,Indonesia,-7.788179874420166,110.43199920654295
CXP,WIHL,Tunggul Wulung Airport,Cilacap,Indonesia,-7.645060062410001,109.033996582
PCB,WIHP,Pondok Cabe Air Base,Jakarta,Indonesia,-6.336959838867188,106.76499938964844
SRG,WARS,Achmad Yani Airport,Semarang,Indonesia,-6.97273,110.375
BTH,WIDD,Hang Nadim International Airport,Batam,Indonesia,1.12102997303,104.119003296
TJQ,WIOD,Buluh Tumbang (H A S Hanandjoeddin) Airport,Tanjung Pandan,Indonesia,-2.74571990967,107.754997253
PGK,WIPK,Pangkal Pinang (Depati Amir) Airport,Pangkal Pinang,Indonesia,-2.16219997406,106.138999939
TNJ,WIDN,Raja Haji Fisabilillah International Airport,Tanjung Pinang,Indonesia,0.922683000565,104.531997681
SIQ,WIDS,Dabo Airport,Singkep,Indonesia,-0.47918900847435,104.5790023803711
BDJ,WAOO,Syamsudin Noor Airport,Banjarmasin,Indonesia,-3.4423599243164062,114.76300048828124
BTW,WAOC,Batu Licin Airport,Batu Licin,Indonesia,-3.4124100208300003,115.995002747
PKN,WAOI,Iskandar Airport,Pangkalan Bun,Indonesia,-2.70519995689,111.672996521
PKY,WAOP,Tjilik Riwut Airport,Palangkaraya,Indonesia,-2.22513008118,113.943000793
MOF,WATC,Maumere(Wai Oti) Airport,Maumere,Indonesia,-8.64064979553,122.236999512
ENE,WATE,Ende (H Hasan Aroeboesman) Airport,Ende,Indonesia,-8.8492898941,121.661003113
RTG,WATG,Frans Sales Lega Airport,Ruteng,Indonesia,-8.5970096588135,120.47699737549
KOE,WATT,El Tari Airport,Kupang,Indonesia,-10.171600341796877,123.6709976196289
LBJ,WATO,Komodo Airport,Labuhan Bajo,Indonesia,-8.48666,119.889
BPN,WALL,Sultan Aji Muhamad Sulaiman Airport,Balikpapan,Indonesia,-1.26827001572,116.893997192
TRK,WALR,Juwata Airport,Taraken,Indonesia,3.326667,117.569444
SRI,WALS,Temindung Airport,Samarinda,Indonesia,-0.484530985355,117.156997681
TSX,WALT,Tanjung Santan Airport,Tanjung Santan,Indonesia,-0.0929730013013,117.45300293
AMI,WADA,Selaparang Airport,Mataram,Indonesia,-8.560709953309999,116.095001221
BMU,WADB,Muhammad Salahuddin Airport,Bima,Indonesia,-8.5396499633789,118.68699645996
WGP,WADW,Umbu Mehang Kunda Airport,Waingapu,Indonesia,-9.66922,120.302002
SUB,WARR,Juanda International Airport,Surabaya,Indonesia,-7.379829883575439,112.78700256347656
SOC,WARQ,Adi Sumarmo Wiryokusumo Airport,Solo City,Indonesia,-7.516089916229248,110.75700378417967
ICN,RKSI,Incheon International Airport,Seoul,South Korea,37.46910095214844,126.45099639892578
CNX,VTCC,Chiang Mai International Airport,Chiang Mai,Thailand,18.7667999268,98.962600708
CEI,VTCT,Chiang Rai International Airport,Chiang Rai,Thailand,19.952299118,99.8828964233
NST,VTSF,Nakhon Si Thammarat Airport,Nakhon Si Thammarat,Thailand,8.539620399475098,99.9447021484375
NAK,VTUQ,Nakhon Ratchasima Airport,Nakhon Ratchasima,Thailand,14.94950008392334,102.31300354003906
KOP,VTUW,Nakhon Phanom Airport,Nakhon Phanom,Thailand,17.383800506591797,104.64299774169922
UBP,VTUU,Ubon Ratchathani Airport,Ubon Ratchathani,Thailand,15.2512998581,104.870002747
KKC,VTUK,Khon Kaen Airport,Khon Kaen,Thailand,16.466600418099997,102.783996582
THS,VTPO,Sukhothai Airport,Sukhothai,Thailand,17.238000869750977,99.81819915771484
DPS,WADD,Ngurah Rai (Bali) International Airport,Denpasar,Indonesia,-8.7481698989868,115.16699981689
ATH,LGAV,Eleftherios Venizelos International Airport,Athens,Greece,37.9364013672,23.9444999695
NGO,RJGG,Chubu Centrair International Airport,Nagoya,Japan,34.8583984375,136.80499267578125
UKB,RJBE,Kobe Airport,Kobe,Japan,34.6328010559082,135.2239990234375
PUW,KPUW,Pullman Moscow Regional Airport,Pullman,United States,46.7439,-117.110001
LWS,KLWS,Lewiston Nez Perce County Airport,Lewiston,United States,46.3745002746582,-117.01499938964844
ELM,KELM,Elmira Corning Regional Airport,Elmira,United States,42.1599006652832,-76.8916015625
ITH,KITH,Ithaca Tompkins Regional Airport,Ithaca,United States,42.49100112915039,-76.4583969116211
MRY,KMRY,Monterey Peninsula Airport,Monterey,United States,36.58700180053711,-121.84300231933594
SBA,KSBA,Santa Barbara Municipal Airport,Santa Barbara,United States,34.42620087,-119.8399963
DAB,KDAB,Daytona Beach International Airport,Daytona Beach,United States,29.179899,-81.058098
LPX,EVLA,Liepāja International Airport,Liepaja,Latvia,56.51750183105469,21.096900939941406
RIX,EVRA,Riga International Airport,Riga,Latvia,56.92359924316406,23.971099853515625
SQQ,EYSA,Šiauliai International Airport,Siauliai,Lithuania,55.89390182495117,23.395000457763672
HLJ,EYSB,Barysiai Airport,Barysiai,Lithuania,56.07059860229492,23.5580997467041
KUN,EYKA,Kaunas International Airport,Kaunas,Lithuania,54.96390151977539,24.084800720214844
PLQ,EYPA,Palanga International Airport,Palanga,Lithuania,55.97320175170898,21.093900680541992
VNO,EYVI,Vilnius International Airport,Vilnius,Lithuania,54.634102,25.285801
PNV,EYPP,Panevėžys Air Base,Panevezys,Lithuania,55.729400634765625,24.46080017089844
EVN,UDYZ,Zvartnots International Airport,Yerevan,Armenia,40.1473007202,44.3959007263
LWN,UDSG,Gyumri Shirak Airport,Gyumri,Armenia,40.7504005432,43.859298706100006
ASA,HHSB,Assab International Airport,Assab,Eritrea,13.071800231933594,42.64500045776367
ASM,HHAS,Asmara International Airport,Asmara,Eritrea,15.291899681091309,38.91070175170898
MSW,HHMS,Massawa International Airport,Massawa,Eritrea,15.670000076293944,39.37009811401367
GZA,LVGZ,Yasser Arafat International Airport,Gaza,Palestine,31.24640083313,34.276100158691
BUS,UGSB,Batumi International Airport,Batumi,Georgia,41.6102981567,41.5997009277
KUT,UGKO,Kopitnari Airport,Kutaisi,Georgia,42.176700592,42.4826011658
TBS,UGTB,Tbilisi International Airport,Tbilisi,Georgia,41.6692008972,44.95470047
RIY,OYRN,Mukalla International Airport,Mukalla,Yemen,14.662599563598633,49.375
TAI,OYTZ,Ta'izz International Airport,Taiz,Yemen,13.6859998703,44.1390991211
HOD,OYHD,Hodeidah International Airport,Hodeidah,Yemen,14.753000259399414,42.97629928588867
ADE,OYAA,Aden International Airport,Aden,Yemen,12.829500198364258,45.02880096435547
AXK,OYAT,Ataq Airport,Ataq,Yemen,14.551300048828123,46.82619857788086
AAY,OYGD,Al Ghaidah International Airport,Al Ghaidah Intl,Yemen,16.191699981689453,52.17499923706055
SAH,OYSN,Sana'a International Airport,Sanaa,Yemen,15.476300239562988,44.21969985961914
BHN,OYBN,Beihan Airport,Beihan,Yemen,14.781999588012695,45.72010040283203
SCT,OYSQ,Socotra International Airport,Socotra,Yemen,12.63070011138916,53.905799865722656
FMM,EDJA,Memmingen Allgau Airport,Memmingen,Germany,47.9888000488,10.2395000458
NAV,LTAZ,Nevşehir Kapadokya Airport,Nevsehir,Turkey,38.7719,34.5345
EZE,SAEZ,Ministro Pistarini International Airport,Buenos Aires,Argentina,-34.8222,-58.5358
EBL,ORER,Erbil International Airport,Erbil,Iraq,36.23759841918945,43.96319961547852
EMD,YEML,Emerald Airport,Emerald,Australia,-23.5674991608,148.179000854
HEW,LGAT,Athen Helenikon Airport,Athens,Greece,37.893299,23.726101
KIX,RJBB,Kansai International Airport,Osaka,Japan,34.42729949951172,135.24400329589844
JRB,KJRB,Downtown-Manhattan/Wall St Heliport,New York,United States,40.70119858,-74.00900269
TAG,RPVT,Tagbilaran Airport,Tagbilaran,Philippines,9.665442,123.853533
JAV,BGJN,Ilulissat Airport,Ilulissat,Greenland,69.2432022095,-51.0570983887
JCH,BGCH,Qasigiannguit Heliport,Qasigiannguit,Greenland,68.822815547,-51.1734473705
JEG,BGAA,Aasiaat Airport,Aasiaat,Greenland,68.7218017578,-52.7846984863
PMI,LEPA,Palma De Mallorca Airport,Palma de Mallorca,Spain,39.551700592,2.73881006241
DRW,YPDN,Darwin International Airport,Darwin,Australia,-12.41469955444336,130.8769989013672
URT,VTSB,Surat Thani Airport,Surat Thani,Thailand,9.13259983063,99.135597229
TKA,PATK,Talkeetna Airport,Talkeetna,United States,62.320499420166,-150.09399414062
GZM,LMMG,Xewkija Heliport,Gozo,Malta,36.027199,14.2728
HVN,KHVN,Tweed New Haven Airport,New Haven,United States,41.26369858,-72.88680267
AVL,KAVL,Asheville Regional Airport,Asheville,United States,35.43619918823242,-82.54180145263672
GSO,KGSO,Piedmont Triad International Airport,Greensboro,United States,36.097801208496094,-79.93730163574219
FSD,KFSD,Joe Foss Field Airport,Sioux Falls,United States,43.5820007324,-96.741897583
AYQ,YAYE,Ayers Rock Connellan Airport,Uluru,Australia,-25.1861,130.975998
MHT,KMHT,Manchester-Boston Regional Airport,Manchester NH,United States,42.932598,-71.435699
APF,KAPF,Naples Municipal Airport,Naples,United States,26.1525993347,-81.7752990723
RDN,WMPR,LTS Pulau Redang Airport,Redang,Malaysia,5.765279769897461,103.00700378417967
SDF,KSDF,Louisville International Standiford Field,Louisville,United States,38.1744,-85.736
CHO,KCHO,Charlottesville Albemarle Airport,Charlottesville VA,United States,38.13859939575195,-78.4529037475586
ROA,KROA,Roanoke–Blacksburg Regional Airport,Roanoke VA,United States,37.3255,-79.975403
LEX,KLEX,Blue Grass Airport,Lexington KY,United States,38.0364990234375,-84.60590362548828
EVV,KEVV,Evansville Regional Airport,Evansville,United States,38.0369987488,-87.5324020386
ABQ,KABQ,Albuquerque International Sunport,Albuquerque,United States,35.040199,-106.609001
BZN,KBZN,Gallatin Field,Bozeman,United States,45.77750015,-111.1529999
BIL,KBIL,Billings Logan International Airport,Billings,United States,45.80770111083984,-108.54299926757812
BTM,KBTM,Bert Mooney Airport,Butte,United States,45.95479965209961,-112.49700164794922
TVC,KTVC,Cherry Capital Airport,Traverse City,United States,44.74140167236328,-85.58219909667969
FRS,MGTK,Mundo Maya International Airport,Flores,Guatemala,16.913799285899998,-89.86640167239999
BHB,KBHB,Hancock County-Bar Harbor Airport,Bar Harbor,United States,44.45000076,-68.3615036
RKD,KRKD,Knox County Regional Airport,Rockland,United States,44.06010056,-69.09919739
JAC,KJAC,Jackson Hole Airport,Jacksn Hole,United States,43.6072998046875,-110.73799896240234
RFD,KRFD,Chicago Rockford International Airport,Rockford,United States,42.19540023803711,-89.09719848632812
DME,UUDD,Domodedovo International Airport,Moscow,Russia,55.40879821777344,37.90629959106445
SYX,ZJSY,Sanya Phoenix International Airport,Sanya,China,18.30290031433105,109.41200256347656
MFN,NZMF,Milford Sound Airport,Milford Sound,New Zealand,-44.673301696777344,167.92300415039062
LJG,ZPLJ,Lijiang Airport,Lijiang,China,26.6800003052,100.246002197
GSP,KGSP,Greenville Spartanburg International Airport,Greenville,United States,34.8956985474,-82.2189025879
BMI,KBMI,Central Illinois Regional Airport at Bloomington-Normal,Bloomington,United States,40.47710037,-88.91590118
GPT,KGPT,Gulfport Biloxi International Airport,Gulfport,United States,30.40730094909668,-89.07009887695312
AZO,KAZO,Kalamazoo Battle Creek International Airport,Kalamazoo,United States,42.234901428222656,-85.5521011352539
TOL,KTOL,Toledo Express Airport,Toledo,United States,41.58679962,-83.80780029
FWA,KFWA,Fort Wayne International Airport,Fort Wayne,United States,40.97850037,-85.19509888
DEC,KDEC,Decatur Airport,Decatur,United States,39.834598541259766,-88.8656997680664
CID,KCID,The Eastern Iowa Airport,Cedar Rapids,United States,41.88470077514648,-91.71080017089844
LSE,KLSE,La Crosse Municipal Airport,La Crosse,United States,43.879002,-91.256699
CWA,KCWA,Central Wisconsin Airport,Wassau,United States,44.7775993347,-89.6668014526
PIA,KPIA,General Wayne A. Downing Peoria International Airport,Peoria,United States,40.664199829100006,-89.6932983398
ATW,KATW,Appleton International Airport,Appleton,United States,44.2580986023,-88.5190963745
RST,KRST,Rochester International Airport,Rochester,United States,43.90829849243164,-92.5
CMI,KCMI,University of Illinois Willard Airport,Champaign,United States,40.03919983,-88.27809906
MHK,KMHK,Manhattan Regional Airport,Manhattan,United States,39.14099884033203,-96.6707992553711
KGC,YKSC,Kingscote Airport,Kingscote,Australia,-35.71390151977539,137.52099609375
HVB,YHBA,Hervey Bay Airport,Hervey Bay,Australia,-25.3188991547,152.880004883
DLU,ZPDL,Dali Airport,Dali,China,25.649401,100.319
MZV,WBMU,Mulu Airport,Mulu,Malaysia,4.048329830169678,114.80500030517578
SSH,HESH,Sharm El Sheikh International Airport,Sharm El Sheikh,Egypt,27.9773006439,34.3950004578
FKL,KFKL,Venango Regional Airport,Franklin,United States,41.3778991699,-79.8603973389
NBO,HKJK,Jomo Kenyatta International Airport,Nairobi,Kenya,-1.31923997402,36.9277992249
SEU,HTSN,Seronera Airport,Seronera,Tanzania,-2.45806,34.822498
FTE,SAWC,El Calafate Airport,El Calafate,Argentina,-50.2803,-72.053101
ARM,YARM,Armidale Airport,Armidale,Australia,-30.5280990601,151.617004395
GJT,KGJT,Grand Junction Regional Airport,Grand Junction,United States,39.1223983765,-108.527000427
SGU,KSGU,St George Municipal Airport,Saint George,United States,37.036389,-113.510306
DWH,KDWH,David Wayne Hooks Memorial Airport,Houston,United States,30.0618000031,-95.5528030396
SRQ,KSRQ,Sarasota Bradenton International Airport,Sarasota,United States,27.39539909362793,-82.55439758300781
BDA,TXKF,L.F. Wade International International Airport,Bermuda,Bermuda,32.36399841308594,-64.67870330810547
VNY,KVNY,Van Nuys Airport,Van Nuys,United States,34.209800720215,-118.48999786377
MLI,KMLI,Quad City International Airport,Moline,United States,41.44850158691406,-90.50749969482422
PFN,KPFN,Panama City-Bay Co International Airport,Panama City,United States,30.212099,-85.6828
HIR,AGGH,Honiara International Airport,Honiara,Solomon Islands,-9.4280004501343,160.05499267578
PPT,NTAA,Faa'a International Airport,Papeete,French Polynesia,-17.553699,-149.606995
INU,ANYN,Nauru International Airport,Nauru,Nauru,-0.547458,166.919006
FUN,NGFU,Funafuti International Airport,Funafuti,Tuvalu,-8.525,179.195999
OVB,UNNT,Tolmachevo Airport,Novosibirsk,Russia,55.012599945068,82.650703430176
XKH,VLXK,Xieng Khouang Airport,Phon Savan,Laos,19.450001,103.157997
BIS,KBIS,Bismarck Municipal Airport,Bismarck,United States,46.77270126342773,-100.74600219726562
TEX,KTEX,Telluride Regional Airport,Telluride,United States,37.9538002,-107.9079971
HGN,VTCH,Mae Hong Son Airport,Mae Hong Son,Thailand,19.301300048828125,97.97579956054688
RAP,KRAP,Rapid City Regional Airport,Rapid City,United States,44.0452995300293,-103.05699920654295
CLD,KCRQ,Mc Clellan-Palomar Airport,Carlsbad,United States,33.12829971,-117.2799988
FNT,KFNT,Bishop International Airport,Flint,United States,42.96540069580078,-83.74359893798828
DVO,RPMD,Francisco Bangoy International Airport,Davao,Philippines,7.1255202293396,125.64600372314452
FNC,LPMA,Madeira Airport,Funchal,Portugal,32.697899,-16.7745
STM,SBSN,Maestro Wilson Fonseca Airport,Santarem,Brazil,-2.424721956253052,-54.785831451416016
KOS,VDSV,Sihanoukville International Airport,Sihanoukville,Cambodia,10.57970047,103.637001038
YOA,CYOA,Ekati Airport,Ekati,Canada,64.6988983154,-110.614997864
NPE,NZNR,Hawke's Bay Airport,NAPIER,New Zealand,-39.465801,176.869995
LEV,NFNB,Levuka Airfield,Levuka,Fiji,-17.7110996246,178.759002686
LXA,ZULS,Lhasa Gonggar Airport,Lhasa,China,29.2978000641,90.9119033813
RDD,KRDD,Redding Municipal Airport,Redding,United States,40.50899887,-122.2929993
EUG,KEUG,Mahlon Sweet Field,Eugene,United States,44.12459945678711,-123.21199798583984
IDA,KIDA,Idaho Falls Regional Airport,Idaho Falls,United States,43.514599,-112.070999
MFR,KMFR,Rogue Valley International Medford Airport,Medford,United States,42.37419891357422,-122.8730010986328
KBZ,NZKI,Kaikoura Airport,Kaikoura,New Zealand,-42.42499923706055,173.60499572753906
RDM,KRDM,Roberts Field,Redmond-Bend,United States,44.2541008,-121.1500015
PCN,NZPN,Picton Aerodrome,Picton,New Zealand,-41.346099853516,173.95599365234
WDH,FYWH,Hosea Kutako International Airport,Windhoek,Namibia,-22.4799,17.4709
YWH,CYWH,Victoria Harbour Seaplane Base,Victoria,Canada,48.4249858939,-123.388867378
TNA,ZSJN,Yaoqiang Airport,Jinan,China,36.857200622558594,117.21600341796876
CZX,ZSCG,Changzhou Benniu Airport,Changzhou,China,31.919701,119.778999
YBP,ZUYB,Yibin Caiba Airport,Yibin,China,28.8005555556,104.545
TJM,USTR,Roshchino International Airport,Tyumen,Russia,57.1896018982,65.3243026733
CAK,KCAK,Akron Canton Regional Airport,Akron,United States,40.91609954833984,-81.44219970703125
HSV,KHSV,Huntsville International Carl T Jones Field,Huntsville,United States,34.637199401855,-86.775100708008
PKB,KPKB,Mid Ohio Valley Regional Airport,PARKERSBURG,United States,39.34510040283203,-81.43920135498047
MGM,KMGM,Montgomery Regional (Dannelly Field) Airport,MONTGOMERY,United States,32.30059814,-86.39399719
TRI,KTRI,Tri-Cities Regional TN/VA Airport,BRISTOL,United States,36.475201,-82.407401
PAH,KPAH,Barkley Regional Airport,PADUCAH,United States,37.06079864501953,-88.7738037109375
JIB,HDAM,Djibouti-Ambouli Airport,Djibouti,Djibouti,11.547300338745115,43.15950012207031
HAK,ZJHK,Haikou Meilan International Airport,Haikou,China,19.93490028381348,110.45899963378906
MFA,HTMA,Mafia Island Airport,Mafia Island,Tanzania,-7.917478,39.668502
PGA,KPGA,Page Municipal Airport,Page,United States,36.92610168,-111.447998
UII,MHUT,Utila Airport,Utila,Honduras,16.1131,-86.880302
FCA,KGPI,Glacier Park International Airport,Kalispell,United States,48.31050109863281,-114.25599670410156
MBS,KMBS,MBS International Airport,Saginaw,United States,43.532901763916016,-84.07959747314453
BGM,KBGM,Greater Binghamton/Edwin A Link field,Binghamton,United States,42.20869827,-75.97979736
BGW,ORBI,Baghdad International Airport,Baghdad,Iraq,33.262500762900004,44.2346000671
NNT,VTCN,Nan Airport,Nan,Thailand,18.807899475097656,100.78299713134766
ROI,VTUV,Roi Et Airport,Roi Et,Thailand,16.11680030822754,103.77400207519533
BFV,VTUO,Buri Ram Airport,Buri Ram,Thailand,15.229499816894531,103.25299835205078
TDX,VTBO,Trat Airport,Trat,Thailand,12.274600029,102.319000244
BLH,KBLH,Blythe Airport,Blythe,United States,33.6192016602,-114.717002869
IQA,ORAA,Al Asad Air Base,Al Asad,Iraq,33.7855987549,42.4412002563
TQD,ORAT,Al Taqaddum Air Base,Al Taqaddum,Iraq,33.33810043335,43.597099304199
XQC,ORBD,Joint Base Balad,Al Bakr,Iraq,33.940200805699995,44.361598968500005
CRK,RPLC,Diosdado Macapagal International Airport,Angeles City,Philippines,15.186,120.559998
SDK,WBKS,Sandakan Airport,Sandakan,Malaysia,5.900899887084961,118.05899810791016
LXG,VLLN,Luang Namtha Airport,Luang Namtha,Laos,20.966999,101.400002
ODY,VLOS,Oudomsay Airport,Muang Xay,Laos,20.68269920349121,101.99400329589844
SHE,ZYTX,Taoxian Airport,Shenyang,China,41.63980102539063,123.48300170898438
DOY,ZSDY,Dongying Shengli Airport,Dongying,China,37.5085983276,118.788002014
MNI,TRPG,John A. Osborne Airport,Geralds,Montserrat,16.791400909423828,-62.19329833984375
PSG,PAPG,Petersburg James A Johnson Airport,Petersburg,United States,56.80170059,-132.9450073
LYA,ZHLY,Luoyang Airport,Luoyang,China,34.741100311299995,112.388000488
XUZ,ZSXZ,Xuzhou Guanyin Airport,Xuzhou,China,34.059056,117.555278
MWQ,VYMW,Magway Airport,Magwe,Burma,20.1656,94.941399
KHM,VYKI,Kanti Airport,Khamti,Burma,25.988300323486328,95.67440032958984
DLI,VVDL,Lien Khuong Airport,Dalat,Vietnam,11.75,108.366997
VDH,VVDH,Dong Hoi Airport,Dong Hoi,Vietnam,17.515,106.590556
VKG,VVRG,Rach Gia Airport,Rach Gia,Vietnam,9.95802997234,105.132379532
CAH,VVCM,Cà Mau Airport,Ca Mau,Vietnam,9.177667,105.177778
VCL,VVCA,Chu Lai International Airport,Chu Lai,Vietnam,15.4033002853,108.706001282
TBB,VVTH,Dong Tac Airport,Tuy Hoa,Vietnam,13.0495996475,109.333999634
PYY,VTCI,Mae Hong Son Airport,Pai,Thailand,19.3719997406,98.43699646
BWK,LDSB,Bol Airport,Brac,Croatia,43.28570175170898,16.67970085144043
NSI,FKYS,Yaoundé Nsimalen International Airport,Yaounde,Cameroon,3.722559928894043,11.553299903869627
CKY,GUCY,Conakry International Airport,Conakry,Guinea,9.57689,-13.612
AAH,EDKA,Aachen-Merzbrück Airport,Aachen,Germany,50.823055267333984,6.186388969421387
FKB,EDSB,Karlsruhe Baden-Baden Airport,Karlsruhe/Baden-Baden,Germany,48.7793998718,8.08049964905
SFB,KSFB,Orlando Sanford International Airport,Sanford,United States,28.7775993347168,-81.23750305175781
JST,KJST,John Murtha Johnstown Cambria County Airport,Johnstown,United States,40.31610107421875,-78.83390045166016
LUA,VNLK,Lukla Airport,Lukla,Nepal,27.686899185180664,86.72969818115234
BHP,VNBJ,Bhojpur Airport,Bhojpur,Nepal,27.14739990234375,87.05079650878906
LDN,VNLD,Lamidanda Airport,Lamidanda,Nepal,27.25309944152832,86.66999816894531
JMO,VNJS,Jomsom Airport,Jomsom,Nepal,28.780426,83.723
NGX,VNMA,Manang Airport,Manang,Nepal,28.641399,84.089203
PPL,VNPL,Phaplu Airport,Phaplu,Nepal,27.517787,86.584454
RUM,VNRT,Rumjatar Airport,Rumjatar,Nepal,27.30349922180176,86.55039978027344
DNP,VNDG,Tulsipur Airport,Dang,Nepal,28.111099243164062,82.29419708251953
RUK,VNRK,Rukum Chaurjahari Airport,Rukumkot,Nepal,28.627001,82.195
JUM,VNJL,Jumla Airport,Jumla,Nepal,29.2742,82.193298
TPJ,VNTJ,Taplejung Airport,Taplejung,Nepal,27.3509,87.69525
TMI,VNTR,Tumling Tar Airport,Tumling Tar,Nepal,27.315001,87.193298
SKH,VNSK,Surkhet Airport,Surkhet,Nepal,28.586,81.636002
IMK,VNST,Simikot Airport,Simikot,Nepal,29.971099853515625,81.81890106201172
DOP,VNDP,Dolpa Airport,Dolpa,Nepal,28.985700607299805,82.81909942626953
BJH,VNBG,Bajhang Airport,Bajhang,Nepal,29.53899955749512,81.1854019165039
DHI,VNDH,Dhangarhi Airport,Dhangarhi,Nepal,28.75329971313477,80.58190155029297
MWX,RKJB,Muan International Airport,Muan,South Korea,34.991406,126.382814
JTY,LGPL,Astypalaia Airport,Astypalaia,Greece,36.5798988342,26.3757991791
JIK,LGIK,Ikaria Airport,Ikaria,Greece,37.6827011108,26.3470993042
JKL,LGKY,Kalymnos Airport,Kalymnos,Greece,36.9632987976,26.9405994415
MLO,LGML,Milos Airport,Milos,Greece,36.696899,24.4769
JNX,LGNX,Naxos Airport,Cyclades Islands,Greece,37.0811004639,25.3680992126
PAS,LGPA,Paros National Airport,Paros,Greece,37.020495,25.113195
KZS,LGKJ,Kastelorizo Airport,Kastelorizo,Greece,36.1417007446,29.576400756799995
RMF,HEMA,Marsa Alam International Airport,Marsa Alam,Egypt,25.557100296,34.5836982727
NRN,EDLV,Weeze Airport,Weeze,Germany,51.6024017334,6.14216995239
USU,RPVV,Francisco B. Reyes Airport,Busuanga,Philippines,12.1215000153,120.099998474
BXU,RPME,Bancasi Airport,Butuan,Philippines,8.9515,125.4788
DPL,RPMG,Dipolog Airport,Dipolog,Philippines,8.60198349877,123.341875076
LAO,RPLI,Laoag International Airport,Laoag,Philippines,18.1781005859375,120.53199768066406
LGP,RPLP,Legazpi City International Airport,Legazpi,Philippines,13.1575,123.735
OZC,RPMO,Labo Airport,Ozamis,Philippines,8.178509712219238,123.84200286865234
CEB,RPVM,Mactan Cebu International Airport,Cebu,Philippines,10.307499885559,123.97899627686
NOD,EDWS,Norden-Norddeich Airport,Norden,Germany,53.6330566406,7.19027805328
JUI,EDWJ,Juist Airport,Juist,Germany,53.68111038208008,7.055832862854004
BPS,SBPS,Porto Seguro Airport,Porto Seguro,Brazil,-16.438601,-39.080898
QIG,SNIG,Iguatu Airport,Iguatu,Brazil,-6.346640110015869,-39.29380035400391
PMW,SBPJ,Brigadeiro Lysias Rodrigues Airport,Palmas,Brazil,-10.2915000916,-48.35699844359999
CLV,SBCN,Nelson Ribeiro Guimarães Airport,Caldas Novas,Brazil,-17.725299835205,-48.607498168945
MSO,KMSO,Missoula International Airport,Missoula,United States,46.91630173,-114.0910034
BKQ,YBCK,Blackall Airport,Blackall,Australia,-24.427799224900003,145.429000854
BDB,YBUD,Bundaberg Airport,Bundaberg,Australia,-24.9039001465,152.319000244
GCN,KGCN,Grand Canyon National Park Airport,Grand Canyon,United States,35.95240020751953,-112.14700317382812
SGR,KSGR,Sugar Land Regional Airport,Sugar Land,United States,29.622299194336,-95.65650177002
APA,KAPA,Centennial Airport,Denver,United States,39.57009888,-104.848999
CVN,KCVN,Clovis Municipal Airport,Clovis,United States,34.4250984192,-103.07900238
FST,KFST,Fort Stockton Pecos County Airport,Fort Stockton,United States,30.9157009125,-102.916000366
LVS,KLVS,Las Vegas Municipal Airport,Las Vegas,United States,35.6542015076,-105.141998291
IWS,KIWS,West Houston Airport,Houston,United States,29.8181991577,-95.6725997925
LRU,KLRU,Las Cruces International Airport,Las Cruces,United States,32.289398193359375,-106.9219970703125
BKD,KBKD,Stephens County Airport,Breckenridge,United States,32.71900177,-98.8909988403
TPL,KTPL,Draughon Miller Central Texas Regional Airport,Temple,United States,31.15250015258789,-97.40779876708984
OZA,KOZA,Ozona Municipal Airport,Ozona,United States,30.735300064087,-101.20300292969
KDM,VRMT,Kaadedhdhoo Airport,Kaadedhdhoo,Maldives,0.4881309866905212,72.99690246582031
LAK,CYKD,Aklavik/Freddie Carmichael Airport,Aklavik,Canada,68.223297,-135.00599
YWJ,CYWJ,Déline Airport,Deline,Canada,65.21109771728516,-123.43599700927734
ZFN,CZFN,Tulita Airport,Tulita,Canada,64.909697,-125.572998
YGH,CYGH,Fort Good Hope Airport,Fort Good Hope,Canada,66.24079895019531,-128.6510009765625
TAH,NVVW,Tanna Airport,Tanna,Vanuatu,-19.45509910583496,169.2239990234375
YPC,CYPC,Paulatuk (Nora Aliqatchialuk Ruben) Airport,Paulatuk,Canada,69.3608381154,-124.075469971
SRZ,SLET,El Trompillo Airport,Santa Cruz,Bolivia,-17.8115997314,-63.1715011597
SAB,TNCS,Juancho E. Yrausquin Airport,Saba,Netherlands Antilles,17.645000457763672,-63.220001220703125
EGE,KEGE,Eagle County Regional Airport,Vail,United States,39.64260101,-106.9179993
SKN,ENSK,Stokmarknes Skagen Airport,Stokmarknes,Norway,68.578826904297,15.033416748047
CGF,KCGF,Cuyahoga County Airport,Richmond Heights,United States,41.5651016235,-81.4863967896
MFD,KMFD,Mansfield Lahm Regional Airport,Mansfield,United States,40.82139968869999,-82.5166015625
CSG,KCSG,Columbus Metropolitan Airport,Columbus,United States,32.516300201416016,-84.93890380859375
LAW,KLAW,Lawton Fort Sill Regional Airport,Lawton,United States,34.5676994324,-98.4166030884
FNL,KFNL,Northern Colorado Regional Airport,Fort Collins,United States,40.451804,-105.011
FLG,KFLG,Flagstaff Pulliam Airport,Flagstaff,United States,35.13850021,-111.6709976
TVL,KTVL,Lake Tahoe Airport,South Lake Tahoe,United States,38.89390182495117,-119.99500274658205
TWF,KTWF,Joslin Field Magic Valley Regional Airport,Twin Falls,United States,42.4818,-114.487999
MVY,KMVY,Martha's Vineyard Airport,Vineyard Haven MA,United States,41.3931007385,-70.6143035889
CON,KCON,Concord Municipal Airport,Concord NH,United States,43.20270157,-71.50229645
GON,KGON,Groton New London Airport,Groton CT,United States,41.3301010131836,-72.04509735107422
STC,KSTC,St Cloud Regional Airport,Saint Cloud,United States,45.54660034179688,-94.05989837646484
BPE,ZBDH,Qinhuangdao Beidaihe Airport,Bagan,Burma,39.666389,119.058889
GTR,KGTR,Golden Triangle Regional Airport,Columbus Mississippi,United States,33.450298309299995,-88.5914001465
GOJ,UWGG,Nizhny Novgorod Strigino International Airport,Nizhniy Novgorod,Russia,56.230098724365,43.784000396729
HQM,KHQM,Bowerman Airport,Hoquiam,United States,46.9711990356,-123.93699646
ERI,KERI,Erie International Tom Ridge Field,Erie,United States,42.0831270134,-80.1738667488
HYA,KHYA,Barnstable Municipal Boardman Polando Field,Barnstable,United States,41.66930008,-70.28040314
SPR,MZSP,San Pedro Airport,San Pedro,Belize,17.9139,-87.9711
SDX,KSEZ,Sedona Airport,Sedona,United States,34.848598480225,-111.78800201416
MGW,KMGW,Morgantown Municipal Walter L. Bill Hart Field,Morgantown,United States,39.64289856,-79.91629791
CRW,KCRW,Yeager Airport,Charleston,United States,38.37310028076172,-81.59320068359375
AVP,KAVP,Wilkes Barre Scranton International Airport,Scranton,United States,41.3385009766,-75.72339630130001
BJI,KBJI,Bemidji Regional Airport,Bemidji,United States,47.50939941,-94.93370056
THG,YTNG,Thangool Airport,Biloela,Australia,-24.493900299072266,150.5760040283203
FGI,NSFI,Fagali'i Airport,Apia,Samoa,-13.8486995697,-171.740005493
BNK,YBNA,Ballina Byron Gateway Airport,Ballina Byron Bay,Australia,-28.8339004517,153.56199646
FAR,KFAR,Hector International Airport,Fargo,United States,46.92070007324219,-96.81580352783205
MKC,KMKC,Charles B. Wheeler Downtown Airport,Kansas City,United States,39.12319946289063,-94.5927963256836
RBE,VDRK,Ratanakiri Airport,Ratanakiri,Cambodia,13.729999542236328,106.98699951171876
GCC,KGCC,Gillette Campbell County Airport,Gillette,United States,44.3488998413,-105.539001465
TOF,UNTT,Bogashevo Airport,Tomsk,Russia,56.380298614502,85.208297729492
NZJ,KNZJ,El Toro Marine Corps Air Station,Santa Ana,United States,33.67610168457031,-117.7310028076172
PHY,VTPB,Phetchabun Airport,Phetchabun,Thailand,16.6760005951,101.194999695
CJM,VTSE,Chumphon Airport,Chumphon,Thailand,10.711199760437012,99.36170196533205
JZH,ZUJZ,Jiuzhai Huanglong Airport,Jiuzhaigou,China,32.8533333333,103.682222222
SWA,ZGOW,Jieyang Chaoshan International Airport,Shantou,China,23.552,116.5033
GEO,SYCJ,Cheddi Jagan International Airport,Georgetown,Guyana,6.498549938201904,-58.25410079956055
AGT,SGES,Guarani International Airport,Ciudad del Este,Paraguay,-25.454516,-54.842682
OGL,SYGO,Eugene F. Correira International Airport,Georgetown,Guyana,6.80628,-58.1059
KAI,PKSA,Kaieteur International Airport,Kaieteur,Guyana,5.17275476456,-59.491481781
DNH,ZLDH,Dunhuang Airport,Dunhuang,China,40.16109848022461,94.80919647216795
AOI,LIPY,Ancona Falconara Airport,Ancona,Italy,43.616299,13.3623
TCP,HETB,Taba International Airport,Taba,Egypt,29.5877990723,34.7780990601
LYB,MWCL,Edward Bodden Airfield,Little Cayman,Cayman Islands,19.660161,-80.088826
BJV,LTFE,Milas Bodrum International Airport,Bodrum,Turkey,37.25059890749999,27.6643009186
TBJ,DTKA,Tabarka 7 Novembre Airport,Tabarka,Tunisia,36.97999954223633,8.87693977355957
SAW,LTFJ,Sabiha Gökçen International Airport,Istanbul,Turkey,40.898601532,29.3092002869
SCE,KUNV,University Park Airport,State College Pennsylvania,United States,40.8493003845,-77.84870147710001
BME,YBRM,Broome International Airport,Broome,Australia,-17.944700241088867,122.23200225830078
NTL,YWLM,Newcastle Airport,Newcastle,Australia,-32.79499816894531,151.83399963378906
KLU,LOWK,Klagenfurt Airport,Klagenfurt,Austria,46.642502,14.3377
HFT,ENHF,Hammerfest Airport,Hammerfest,Norway,70.679702758789,23.668600082397
HVG,ENHV,Valan Airport,Honningsvag,Norway,71.009696960449,25.983600616455
MEH,ENMH,Mehamn Airport,Mehamn,Norway,71.02970123291,27.826700210571
VDS,ENVD,Vadsø Airport,Vadsø,Norway,70.065299987793,29.844699859619
IKA,OIIE,Imam Khomeini International Airport,Tehran,Iran,35.416099548339844,51.15219879150391
MHD,OIMM,Mashhad International Airport,Mashhad,Iran,36.235198974609375,59.64099884033203
UIK,UIBS,Ust-Ilimsk Airport,Ust Ilimsk,Russia,58.13610076904297,102.56500244140624
MEI,KMEI,Key Field,Meridian,United States,32.33259963989258,-88.75189971923828
SPI,KSPI,Abraham Lincoln Capital Airport,Springfield,United States,39.84410095,-89.67790222
CEZ,KCEZ,Cortez Municipal Airport,Cortez,United States,37.3030014038,-108.627998352
HDN,KHDN,Yampa Valley Airport,Hayden,United States,40.48120117,-107.2180023
GUP,KGUP,Gallup Municipal Airport,Gallup,United States,35.511100769,-108.789001465
LBL,KLBL,Liberal Mid-America Regional Airport,Liberal,United States,37.0442009,-100.9599991
LAA,KLAA,Lamar Municipal Airport,Lamar,United States,38.0696983337,-102.68800354
GLD,KGLD,Renner Field-Goodland Municipal Airport,Goodland,United States,39.37060165,-101.6989975
COD,KCOD,Yellowstone Regional Airport,Cody,United States,44.520198822,-109.024002075
HOV,ENOV,"Ørsta-Volda Airport, Hovden",Orsta-Volda,Norway,62.180000305176,6.0741000175476
ISC,EGHE,St. Mary's Airport,ST MARY\'S,United Kingdom,49.91329956054688,-6.291669845581055
SGF,KSGF,Springfield Branson National Airport,Springfield,United States,37.24570084,-93.38860321
NVK,ENNK,Narvik Framnes Airport,Narvik,Norway,68.436897277832,17.386699676514
BVG,ENBV,Berlevåg Airport,Berlevag,Norway,70.871399,29.034201
FBU,ENFB,"Oslo, Fornebu Airport",Oslo,Norway,59.89580154418945,10.617199897766112
NSK,UOOO,Norilsk-Alykel Airport,Norilsk,Russia,69.31109619140625,87.33219909667969
AAQ,URKA,Anapa Vityazevo Airport,Anapa,Russia,45.002101898193,37.347301483154
JLN,KJLN,Joplin Regional Airport,Joplin,United States,37.151798248291016,-94.49829864501952
ABE,KABE,Lehigh Valley International Airport,Allentown,United States,40.652099609375,-75.44080352783203
XNA,KXNA,Northwest Arkansas Regional Airport,Bentonville,United States,36.281898,-94.306801
GUW,UATG,Atyrau Airport,Atyrau,Kazakhstan,47.12189865112305,51.8213996887207
KZO,UAOO,Kzyl-Orda Southwest Airport,Kzyl-Orda,Kazakhstan,44.706902,65.592499
SBN,KSBN,South Bend Regional Airport,South Bend,United States,41.70869827270508,-86.31729888916016
BKA,UUBB,Bykovo Airport,Moscow,Russia,55.6171989441,38.0600013733
ARH,ULAA,Talagi Airport,Arkhangelsk,Russia,64.60030364990234,40.71670150756836
RTW,UWSS,Saratov Central Airport,Saratov,Russia,51.56499862670898,46.04669952392578
NUX,USMU,Novy Urengoy Airport,Novy Urengoy,Russia,66.06939697265625,76.52030181884766
NOJ,USRO,Noyabrsk Airport,Noyabrsk,Russia,63.18330001831055,75.2699966430664
SCO,UATE,Aktau Airport,Aktau,Kazakhstan,43.8601,51.091999
UCT,UUYH,Ukhta Airport,Ukhta,Russia,63.56689834594727,53.8046989440918
USK,UUYS,Usinsk Airport,Usinsk,Russia,66.00469970703125,57.3671989440918
PEX,UUYP,Pechora Airport,Pechora,Russia,65.12110137939453,57.13079833984375
NNM,ULAM,Naryan Mar Airport,Naryan-Mar,Russia,67.63999938964844,53.12189865112305
PKV,ULOO,Pskov Airport,Pskov,Russia,57.78390121459961,28.39559936523437
KGP,USRK,Kogalym International Airport,Kogalym,Russia,62.19039916992188,74.53379821777344
KJA,UNKL,Yemelyanovo Airport,Krasnoyarsk,Russia,56.172901,92.493301
KGF,UAKK,Sary-Arka Airport,Karaganda,Kazakhstan,49.67079925537109,73.33439636230469
URJ,USHU,Uray Airport,Uraj,Russia,60.10329818725586,64.82669830322266
IWA,UUBI,Ivanovo South Airport,Ivanovo,Russia,56.93939971923828,40.940799713134766
CGQ,ZYCC,Longjia Airport,Changchun,China,43.9962005615,125.684997559
KIJ,RJSN,Niigata Airport,Niigata,Japan,37.9558982849,139.121002197
JON,PJON,Johnston Atoll Airport,Johnston Island,Johnston Atoll,16.7285995483,-169.533996582
SMD,KSMD,Smith Field,Fort Wayne IN,United States,41.14339828,-85.15280151
ACV,KACV,California Redwood Coast-Humboldt County Airport,Arcata CA,United States,40.978101,-124.109
OAJ,KOAJ,Albert J Ellis Airport,Jacksonville NC,United States,34.8292007446,-77.61209869380001
TCL,KTCL,Tuscaloosa Regional Airport,Tuscaloosa AL,United States,33.220600128174,-87.611396789551
DBQ,KDBQ,Dubuque Regional Airport,Dubuque IA,United States,42.40200043,-90.70950317
HHP,VHST,Shun Tak Heliport,Hong Kong,Hong Kong,22.2893714905,114.152153015
ATD,AGAT,Uru Harbour Airport,Atoifi,Solomon Islands,-8.87333,161.011002
AKS,AGGA,Gwaunaru'u Airport,Auki,Solomon Islands,-8.70257,160.682007
BAS,AGGE,Ballalae Airport,Ballalae,Solomon Islands,-6.990745,155.886656
FRE,AGGF,Fera/Maringe Airport,Fera Island,Solomon Islands,-8.1075,159.576996
MBU,AGGI,Babanakira Airport,Mbambanakira,Solomon Islands,-9.7475004196167,159.83900451660156
IRA,AGGK,Ngorangora Airport,Kirakira,Solomon Islands,-10.4497003555,161.897994995
SCZ,AGGL,Santa Cruz/Graciosa Bay/Luova Airport,Santa Cruz/Graciosa Bay/Luova,Solomon Islands,-10.72029972076416,165.7949981689453
MUA,AGGM,Munda Airport,Munda,Solomon Islands,-8.327969551086426,157.26300048828125
GZO,AGGN,Nusatupe Airport,Gizo,Solomon Islands,-8.09778022766,156.863998413
MNY,AGGO,Mono Airport,Stirling Island,Solomon Islands,-7.416940212249756,155.56500244140625
RNL,AGGR,Rennell/Tingoa Airport,Rennell Island,Solomon Islands,-11.533900260925291,160.06300354003906
RUS,AGGU,Marau Airport,Marau,Solomon Islands,-9.86166954041,160.824996948
VAO,AGGV,Suavanao Airport,Suavanao,Solomon Islands,-7.585559844970703,158.7310028076172
KGE,AGKG,Kaghau Airport,Kagau Island,Solomon Islands,-7.3305,157.585
RBV,AGRM,Ramata Airport,Ramata,Solomon Islands,-8.168060302734375,157.64300537109375
BUA,AYBK,Buka Airport,Buka Island,Papua New Guinea,-5.422319889068604,154.67300415039062
CMU,AYCH,Chimbu Airport,Kundiawa,Papua New Guinea,-6.024290084838867,144.9709930419922
DAU,AYDU,Daru Airport,Daru,Papua New Guinea,-9.08675956726,143.207992554
GUR,AYGN,Gurney Airport,Gurney,Papua New Guinea,-10.3114995956,150.333999634
PNP,AYGR,Girua Airport,Girua,Papua New Guinea,-8.80453968048,148.309005737
HKN,AYHK,Kimbe Airport,Hoskins,Papua New Guinea,-5.462170124053955,150.40499877929688
UNG,AYKI,Kiunga Airport,Kiunga,Papua New Guinea,-6.1257100105285645,141.28199768066406
KRI,AYKK,Kikori Airport,Kikori,Papua New Guinea,-7.424379825592041,144.2500762939453
KMA,AYKM,Kerema Airport,Kerema,Papua New Guinea,-7.96361017227,145.770996094
KVG,AYKV,Kavieng Airport,Kavieng,Papua New Guinea,-2.57940006256,150.807998657
MDU,AYMN,Mendi Airport,Mendi,Papua New Guinea,-6.14774,143.656998
MAS,AYMO,Momote Airport,Momote,Papua New Guinea,-2.06189,147.423996
MXH,AYMR,Moro Airport,Moro,Papua New Guinea,-6.36332988739,143.238006592
MIS,AYMS,Misima Island Airport,Misima Island,Papua New Guinea,-10.6892004013,152.837997437
TIZ,AYTA,Tari Airport,Tari,Papua New Guinea,-5.84499979019,142.947998047
TBG,AYTB,Tabubil Airport,Tabubil,Papua New Guinea,-5.27861,141.225998
RAB,AYTK,Tokua Airport,Tokua,Papua New Guinea,-4.34045982361,152.380004883
VAI,AYVN,Vanimo Airport,Vanimo,Papua New Guinea,-2.6926,141.3028
WBM,AYWD,Wapenamanda Airport,Wapenamanda,Papua New Guinea,-5.64330005645752,143.89500427246094
LLU,BGAP,Alluitsup Paa Heliport,Alluitsup Paa,Greenland,60.46445,-45.56917
CNP,BGCO,Neerlerit Inaat Airport,Neerlerit Inaat,Greenland,70.7431030273,-22.6504993439
JFR,BGFH,Paamiut Heliport,Paamiut,Greenland,61.9921989441,-49.6624984741
JGO,BGGN,Qeqertarsuaq Heliport,Qeqertarsuaq Airport,Greenland,69.251181993,-53.5148763657
JJU,BGJH,Qaqortoq Heliport,Qaqortoq,Greenland,60.7156841553,-46.0299186409
JSU,BGMQ,Maniitsoq Airport,Maniitsoq,Greenland,65.4124984741,-52.9393997192
JNN,BGNN,Nanortalik Heliport,Nanortalik,Greenland,60.1418839759,-45.232976675
JNS,BGNS,Narsaq Heliport,Narsaq,Greenland,60.9172827256,-46.059923172
NAQ,BGQQ,Qaanaaq Airport,Qaanaaq,Greenland,77.4886016846,-69.3887023926
JHS,BGSS,Sisimiut Airport,Sisimiut,Greenland,66.9513015747,-53.7293014526
JUV,BGUK,Upernavik Airport,Upernavik,Greenland,72.7901992798,-56.1305999756
JQA,BGUQ,Qaarsut Airport,Uummannaq,Greenland,70.7341995239,-52.6962013245
GRY,BIGR,Grímsey Airport,Grímsey,Iceland,66.5458,-18.0173
THO,BITN,Thorshofn Airport,Thorshofn,Iceland,66.21849822998047,-15.335599899291992
VPN,BIVO,Vopnafjörður Airport,Vopnafjörður,Iceland,65.72059631347656,-14.850600242614746
YWS,CAE5,Whistler/Green Lake Water Aerodrome,Whistler,Canada,50.1436004639,-122.948997498
YAA,CAJ4,Anahim Lake Airport,Anahim Lake,Canada,52.45249938964844,-125.3030014038086
YWM,CCA6,Williams Harbour Airport,Williams Harbour,Canada,52.56689834594727,-55.784698486328125
YFX,CCK4,St. Lewis (Fox Harbour) Airport,St. Lewis,Canada,52.37279891967773,-55.67390060424805
YHA,CCP4,Port Hope Simpson Airport,Port Hope Simpson,Canada,52.528099060058594,-56.28609848022461
YRG,CCZ2,Rigolet Airport,Rigolet,Canada,54.1796989440918,-58.45750045776367
YCK,CEB3,Colville Lake Airport,Colville Lake,Canada,67.0392,-126.08
YLE,CEM3,Whatì Airport,Whatì,Canada,63.13169860839844,-117.24600219726562
SUR,CJV7,Summer Beaver Airport,Summer Beaver,Canada,52.70859909057617,-88.54190063476562
YAX,CKB6,Wapekeka Airport,Angling Lake,Canada,53.84920120239258,-89.57939910888672
WNN,CKL3,Wunnumin Lake Airport,Wunnumin Lake,Canada,52.89390182495117,-89.28919982910156
YNO,CKQ3,North Spirit Lake Airport,North Spirit Lake,Canada,52.4900016784668,-92.97109985351562
XBE,CNE3,Bearskin Lake Airport,Bearskin Lake,Canada,53.965599060058594,-91.0271987915039
KIF,CNM5,Kingfisher Lake Airport,Kingfisher Lake,Canada,53.01250076293945,-89.85530090332031
YOG,CNT3,Ogoki Post Airport,Ogoki Post,Canada,51.6585998535,-85.9017028809
YHP,CPV7,Poplar Hill Airport,Poplar Hill,Canada,52.1133,-94.2556
YKU,CSU2,Chisasibi Airport,Chisasibi,Canada,53.80559921264648,-78.91690063476562
ZTB,CTB6,Tête-à-la-Baleine Airport,Tête-à-la-Baleine,Canada,50.67440032958984,-59.38359832763672
ZLT,CTU5,La Tabatière Airport,La Tabatière,Canada,50.8307991027832,-58.97560119628906
YAC,CYAC,Cat Lake Airport,Cat Lake,Canada,51.72719955444336,-91.82440185546876
YAG,CYAG,Fort Frances Municipal Airport,Fort Frances,Canada,48.65420150756836,-93.439697265625
XKS,CYAQ,Kasabonika Airport,Kasabonika,Canada,53.52470016479492,-88.6427993774414
YKG,CYAS,Kangirsuk Airport,Kangirsuk,Canada,60.02719879150391,-69.99919891357422
YAT,CYAT,Attawapiskat Airport,Attawapiskat,Canada,52.9275016784668,-82.43190002441406
YBE,CYBE,Uranium City Airport,Uranium City,Canada,59.5614013671875,-108.4810028076172
YBX,CYBX,Lourdes de Blanc Sablon Airport,Lourdes-De-Blanc-Sablon,Canada,51.4435997009,-57.1852989197
YRF,CYCA,Cartwright Airport,Cartwright,Canada,53.68280029296875,-57.041900634765625
YCS,CYCS,Chesterfield Inlet Airport,Chesterfield Inlet,Canada,63.3469009399,-90.7311019897
YDP,CYDP,Nain Airport,Nain,Canada,56.549198150634766,-61.680301666259766
YER,CYER,Fort Severn Airport,Fort Severn,Canada,56.01890182495117,-87.67610168457031
YFA,CYFA,Fort Albany Airport,Fort Albany,Canada,52.20140075683594,-81.6968994140625
YFH,CYFH,Fort Hope Airport,Fort Hope,Canada,51.5619010925293,-87.90779876708984
YMN,CYFT,Makkovik Airport,Makkovik,Canada,55.07690048217773,-59.1864013671875
YGB,CYGB,Texada Gillies Bay Airport,Texada,Canada,49.69419860839844,-124.51799774169922
YGO,CYGO,Gods Lake Narrows Airport,Gods Lake Narrows,Canada,54.55889892578125,-94.49140167236328
YGT,CYGT,Igloolik Airport,Igloolik,Canada,69.3647003174,-81.8161010742
YGW,CYGW,Kuujjuarapik Airport,Kuujjuarapik,Canada,55.28189849853516,-77.76529693603516
YGX,CYGX,Gillam Airport,Gillam,Canada,56.35749816894531,-94.71060180664062
YGZ,CYGZ,Grise Fiord Airport,Grise Fiord,Canada,76.4261016846,-82.90920257570001
YQC,CYHA,Quaqtaq Airport,Quaqtaq,Canada,61.0463981628418,-69.6177978515625
CXH,CYHC,Vancouver Harbour Water Aerodrome,Vancouver,Canada,49.2943992615,-123.111000061
YNS,CYHH,Nemiscau Airport,Nemiscau,Canada,51.69110107421875,-76.1355972290039
YHO,CYHO,Hopedale Airport,Hopedale,Canada,55.44829940795898,-60.22859954833984
YHR,CYHR,Chevery Airport,Chevery,Canada,50.46889877319336,-59.63669967651367
YIK,CYIK,Ivujivik Airport,Ivujivik,Canada,62.41730117797852,-77.92530059814453
YIV,CYIV,Island Lake Airport,Island Lake,Canada,53.857200622558594,-94.65360260009766
AKV,CYKO,Akulivik Airport,Akulivik,Canada,60.81859970092773,-78.14859771728516
YKQ,CYKQ,Waskaganish Airport,Waskaganish,Canada,51.47330093383789,-78.75830078125
YPJ,CYLA,Aupaluk Airport,Aupaluk,Canada,59.29669952392578,-69.59970092773438
YLC,CYLC,Kimmirut Airport,Kimmirut,Canada,62.8499984741,-69.88330078119999
YLH,CYLH,Lansdowne House Airport,Lansdowne House,Canada,52.19559860229492,-87.93419647216797
XGR,CYLU,Kangiqsualujjuaq (Georges River) Airport,Kangiqsualujjuaq,Canada,58.71139907836914,-65.9927978515625
YMH,CYMH,Mary's Harbour Airport,Mary's Harbour,Canada,52.30279922485352,-55.847198486328125
YMT,CYMT,Chapais Airport,Chibougamau,Canada,49.77190017700195,-74.5280990600586
YUD,CYMU,Umiujaq Airport,Umiujaq,Canada,56.53609848022461,-76.51830291748047
YNC,CYNC,Wemindji Airport,Wemindji,Canada,53.01060104370117,-78.83110046386719
YNE,CYNE,Norway House Airport,Norway House,Canada,53.95830154418945,-97.84420013427734
YNL,CYNL,Points North Landing Airport,Points North Landing,Canada,58.27669906616211,-104.08200073242188
YOH,CYOH,Oxford House Airport,Oxford House,Canada,54.93330001831055,-95.27890014648438
YPH,CYPH,Inukjuak Airport,Inukjuak,Canada,58.471900939941406,-78.07689666748047
YPM,CYPM,Pikangikum Airport,Pikangikum,Canada,51.81969833374024,-93.97329711914062
YPO,CYPO,Peawanuck Airport,Peawanuck,Canada,54.98809814453125,-85.44329833984375
YPW,CYPW,Powell River Airport,Powell River,Canada,49.83420181274414,-124.5
YQD,CYQD,The Pas Airport,The Pas,Canada,53.97140121459961,-101.09100341796876
YQN,CYQN,Nakina Airport,Nakina,Canada,50.18280029296875,-86.69640350341797
YRA,CYRA,Rae Lakes Airport,Gamètì,Canada,64.11609649658203,-117.30999755859376
YRL,CYRL,Red Lake Airport,Red Lake,Canada,51.06689834594727,-93.79309844970705
YSF,CYSF,Stony Rapids Airport,Stony Rapids,Canada,59.250301361083984,-105.84100341796876
YSK,CYSK,Sanikiluaq Airport,Sanikiluaq,Canada,56.5377998352,-79.2466964722
YST,CYST,St. Theresa Point Airport,St. Theresa Point,Canada,53.84560012817383,-94.85189819335938
YTL,CYTL,Big Trout Lake Airport,Big Trout Lake,Canada,53.81779861450195,-89.89689636230469
YVZ,CYVZ,Deer Lake Airport,Deer Lake,Canada,52.655799865722656,-94.0614013671875
YWP,CYWP,Webequie Airport,Webequie,Canada,52.9593933975,-87.3748683929
YXN,CYXN,Whale Cove Airport,Whale Cove,Canada,62.24000167849999,-92.5980987549
YZG,CYZG,Salluit Airport,Salluit,Canada,62.17940139770508,-75.66719818115234
ZAC,CZAC,York Landing Airport,York Landing,Canada,56.08940124511719,-96.08920288085938
ILF,CZBD,Ilford Airport,Ilford,Canada,56.0614013672,-95.613899231
ZBF,CZBF,Bathurst Airport,Bathurst,Canada,47.629699707,-65.738899231
ZEM,CZEM,Eastmain River Airport,Eastmain River,Canada,52.22639846801758,-78.52249908447266
ZFD,CZFD,Fond-Du-Lac Airport,Fond-Du-Lac,Canada,59.33440017700195,-107.18199920654295
ZGI,CZGI,Gods River Airport,Gods River,Canada,54.83969879150391,-94.07859802246094
ZJN,CZJN,Swan River Airport,Swan River,Canada,52.120601654052734,-101.23600006103516
ZKE,CZKE,Kashechewan Airport,Kashechewan,Canada,52.282501220703125,-81.67780303955078
MSA,CZMD,Muskrat Dam Airport,Muskrat Dam,Canada,53.44139862060547,-91.76280212402344
ZMT,CZMT,Masset Airport,Masset,Canada,54.02750015258789,-132.125
ZPB,CZPB,Sachigo Lake Airport,Sachigo Lake,Canada,53.8911018371582,-92.19640350341795
ZRJ,CZRJ,Round Lake (Weagamow Lake) Airport,Round Lake,Canada,52.94359970092773,-91.31279754638672
ZSJ,CZSJ,Sandy Lake Airport,Sandy Lake,Canada,53.06420135498047,-93.34439849853516
ZTM,CZTM,Shamattawa Airport,Shamattawa,Canada,55.8656005859375,-92.0813980102539
ZUM,CZUM,Churchill Falls Airport,Churchill Falls,Canada,53.5619010925293,-64.10639953613281
ZWL,CZWL,Wollaston Lake Airport,Wollaston Lake,Canada,58.10689926147461,-103.1719970703125
BLJ,DABT,Batna Airport,Batna,Algeria,35.7521018982,6.308589935300001
CBH,DAOR,Béchar Boudghene Ben Ali Lotfi Airport,Béchar,Algeria,31.645700454711918,-2.269860029220581
BMW,DATM,Bordj Badji Mokhtar Airport,Bordj Badji Mokhtar,Algeria,21.375,0.923888981342
ELU,DAUO,Guemar Airport,Guemar,Algeria,33.5113983154,6.77679014206
KMS,DGSI,Kumasi Airport,Kumasi,Ghana,6.714560031890869,-1.5908199548721311
HDF,EDAH,Heringsdorf Airport,Heringsdorf,Germany,53.8787002563,14.152299881
HEI,EDXB,Heide-Büsum Airport,Büsum,Germany,54.1533317566,8.90166664124
HGL,EDXH,Helgoland-Düne Airport,Helgoland,Germany,54.1852798462,7.91583299637
SJY,EFSI,Seinäjoki Airport,Seinäjoki / Ilmajoki,Finland,62.692101,22.8323
NQT,EGBN,Nottingham Airport,Nottingham,United Kingdom,52.91999816894531,-1.079169988632202
DSA,EGCN,Robin Hood Doncaster Sheffield Airport,"Doncaster, Sheffield",United Kingdom,53.4805378105,-1.01065635681
CAL,EGEC,Campbeltown Airport,Campbeltown,United Kingdom,55.437198638916016,-5.686389923095703
EOI,EGED,Eday Airport,Eday,United Kingdom,59.19060134887695,-2.7722198963165283
FIE,EGEF,Fair Isle Airport,Fair Isle,United Kingdom,59.53580093383789,-1.628059983253479
NRL,EGEN,North Ronaldsay Airport,North Ronaldsay,United Kingdom,59.3675003052,-2.43443989754
PPW,EGEP,Papa Westray Airport,Papa Westray,United Kingdom,59.351699829100006,-2.9002799987800003
SOY,EGER,Stronsay Airport,Stronsay,United Kingdom,59.1553001404,-2.64139008522
NDY,EGES,Sanday Airport,Sanday,United Kingdom,59.250301361083984,-2.576669931411743
LWK,EGET,Lerwick / Tingwall Airport,Lerwick,United Kingdom,60.192199707,-1.24361002445
WRY,EGEW,Westray Airport,Westray,United Kingdom,59.3502998352,-2.95000004768
LEQ,EGHC,Land's End Airport,Land's End,United Kingdom,50.102798,-5.67056
PZE,EGHK,Penzance Heliport,Penzance,United Kingdom,50.128101,-5.51845
VLY,EGOV,Anglesey Airport,Angelsey,United Kingdom,53.2481002808,-4.53533983231
BRR,EGPR,Barra Airport,Barra,United Kingdom,57.0228,-7.44306
CFN,EIDL,Donegal Airport,Dongloe,Ireland,55.0442008972168,-8.340999603271484
CNL,EKSN,Sindal Airport,Sindal,Denmark,57.503502,10.2294
LKN,ENLK,Leknes Airport,Leknes,Norway,68.152496337891,13.609399795532
OSY,ENNM,Namsos Høknesøra Airport,Namsos,Norway,64.472198486328,11.57859992981
MQN,ENRA,"Mo i Rana Airport, Røssvoll",Mo i Rana,Norway,66.363899230957,14.301400184631
RVK,ENRM,"Rørvik Airport, Ryum",Rørvik,Norway,64.838302612305,11.14610004425
RET,ENRS,Røst Airport,Røst,Norway,67.527801513672,12.103300094604
SDN,ENSD,Sandane Airport (Anda),Sandane,Norway,61.830001831055,6.1058301925659
SOG,ENSG,Sogndal Airport,Sogndal,Norway,61.156101,7.13778
SVJ,ENSH,Svolvær Helle Airport,Svolvær,Norway,68.243301391602,14.669199943542
SOJ,ENSR,Sørkjosen Airport,Sorkjosen,Norway,69.786796569824,20.959400177002
VAW,ENSS,"Vardø Airport, Svartnes",Vardø,Norway,70.355400085449,31.044900894165
VRY,ENVR,Værøy Heliport,Værøy,Norway,67.654555,12.727257
BZG,EPBY,Bydgoszcz Ignacy Jan Paderewski Airport,Bydgoszcz,Poland,53.0968017578,17.9776992798
LCJ,EPLL,Łódź Władysław Reymont Airport,Lodz,Poland,51.7219009399,19.3980998993
OSD,ESNZ,Åre Östersund Airport,Östersund,Sweden,63.194400787354,14.50030040741
HFS,ESOH,Hagfors Airport,Hagfors,Sweden,60.02009963989258,13.578900337219238
KSD,ESOK,Karlstad Airport,Karlstad,Sweden,59.4446983337,13.3374004364
TYF,ESST,Torsby Airport,Torsby,Sweden,60.1576004028,12.991299629199998
AGH,ESTA,Ängelholm-Helsingborg Airport,Ängelholm,Sweden,56.29610061645508,12.847100257873535
SQO,ESUD,Storuman Airport,Mohed,Sweden,64.96089935302734,17.69659996032715
HMV,ESUT,Hemavan Airport,Hemavan,Sweden,65.80609893798828,15.082799911499023
VNT,EVVA,Ventspils International Airport,Ventspils,Latvia,57.35779953,21.5442008972
QRA,FAGM,Rand Airport,Johannesburg,South Africa,-26.2425003052,28.1511993408
MQP,FAKN,Kruger Mpumalanga International Airport,Mpumalanga,South Africa,-25.3831996918,31.1056003571
AAM,FAMD,Malamala Airport,Malamala,South Africa,-24.818099975585938,31.54459953308105
MBD,FAMM,Mmabatho International Airport,Mafeking,South Africa,-25.798400878900004,25.5480003357
GNZ,FBGZ,Ghanzi Airport,Ghanzi,Botswana,-21.6924991607666,21.658100128173828
ORP,FBOR,Orapa Airport,Orapa,Botswana,-21.266701,25.3167
SWX,FBSW,Shakawe Airport,Shakawe,Botswana,-18.373899459838867,21.832599639892575
TLD,FBTL,Limpopo Valley Airport,Tuli Lodge,Botswana,-22.1891994476,29.1268997192
DIS,FCPL,Ngot Nzoungou Airport,Loubomo,Congo (Brazzaville),-4.20635,12.6599
CIP,FLCP,Chipata Airport,Chipata,Zambia,-13.558300018310549,32.58720016479492
YVA,FMCN,Iconi Airport,Moroni,Comoros,-11.7108001709,43.2439002991
WAQ,FMMG,Antsalova Airport,Antsalova,Madagascar,-18.701273,44.614921
JVA,FMMK,Ankavandra Airport,Ankavandra,Madagascar,-18.80501,45.273467
BMD,FMML,Belo sur Tsiribihina Airport,Belo sur Tsiribihina,Madagascar,-19.6867008209,44.5419006348
MXT,FMMO,Maintirano Airport,Maintirano,Madagascar,-18.049999,44.033001
TVA,FMMR,Morafenobe Airport,Morafenobe,Madagascar,-17.850083,44.920467
WTA,FMMU,Tambohorano Airport,Tambohorano,Madagascar,-17.47610092163086,43.972801208496094
WTS,FMMX,Tsiroanomandidy Airport,Tsiroanomandidy,Madagascar,-18.759677,46.054065
WAM,FMMZ,Ambatondrazaka Airport,Ambatondrazaka,Madagascar,-17.795378,48.442583
WPB,FMNG,Port Bergé Airport,Port Bergé,Madagascar,-15.584286,47.623587
DWB,FMNO,Soalala Airport,Soalala,Madagascar,-16.10169,45.358837
WMP,FMNP,Mampikony Airport,Mampikony,Madagascar,-16.0722693402,47.6441645622
WMA,FMNX,Mandritsara Airport,Mandritsara,Madagascar,-15.833049,48.833284
MJA,FMSJ,Manja Airport,Manja,Madagascar,-21.426105,44.316509
CBT,FNCT,Catumbela Airport,Catumbela,Angola,-12.4792,13.4869
DUE,FNDU,Dundo Airport,Dundo,Angola,-7.400889873504639,20.818500518798828
VPE,FNGI,Ngjiva Pereira Airport,Ondjiva,Angola,-17.0435009003,15.683799743700002
MSZ,FNMO,Namibe Airport,Mocamedes,Angola,-15.261199951171877,12.14680004119873
KOU,FOGK,Koulamoutou Mabimbi Airport,Koulamoutou,Gabon,-1.1846100091934,12.441300392151
MJL,FOGM,Mouilla Ville Airport,Mouila,Gabon,-1.845139980316162,11.056699752807615
TCH,FOOT,Tchibanga Airport,Tchibanga,Gabon,-2.8499999046325684,11.017000198364258
VPY,FQCH,Chimoio Airport,Chimoio,Mozambique,-19.15130043029785,33.42900085449219
SRH,FTTA,Sarh Airport,Sarh,Chad,9.14444,18.374399
CMK,FWCM,Club Makokola Airport,Club Makokola,Malawi,-14.306900024414062,35.13249969482422
LUD,FYLZ,Luderitz Airport,Luderitz,Namibia,-26.687400817871094,15.242899894714355
OND,FYOA,Ondangwa Airport,Ondangwa,Namibia,-17.878201,15.9526
OMD,FYOG,Oranjemund Airport,Oranjemund,Namibia,-28.5847,16.446699
SWP,FYSM,Swakopmund Airport,Swakopmund,Namibia,-22.66189956665,14.568099975586
ERS,FYWE,Eros Airport,Windhoek,Namibia,-22.612199783325195,17.080400466918945
BOA,FZAJ,Boma Airport,Boma,Congo (Kinshasa),-5.854000091552734,13.064000129699709
MAT,FZAM,Tshimpi Airport,Matadi,Congo (Kinshasa),-5.799610137939453,13.440400123596191
INO,FZBA,Inongo Airport,Inongo,Congo (Kinshasa),-1.947219967842102,18.28580093383789
NIO,FZBI,Nioki Airport,Nioki,Congo (Kinshasa),-2.7174999713897705,17.68470001220703
KRZ,FZBT,Basango Mboliasa Airport,Kiri,Congo (Kinshasa),-1.434999942779541,19.02400016784668
BSU,FZEN,Basankusu Airport,Basankusu,Congo (Kinshasa),1.2247200012207031,19.78890037536621
TSH,FZUK,Tshikapa Airport,Tshikapa,Congo (Kinshasa),-6.43833,20.794701
LJA,FZVA,Lodja Airport,Lodja,Congo (Kinshasa),-3.4170000553131104,23.450000762939453
PFR,FZVS,Ilebo Airport,Ilebo,Congo (Kinshasa),-4.329919,20.590124
OUK,EGOU,Outer Skerries Airport,Outer Skerries,United Kingdom,60.4252,-0.75
GMZ,GCGM,La Gomera Airport,La Gomera,Spain,28.029600143432617,-17.214599609375
BTE,GFBN,Sherbro International Airport,Bonthe,Sierra Leone,7.5324201583862305,-12.51889991760254
KBS,GFBO,Bo Airport,Bo,Sierra Leone,7.944399833679199,-11.76099967956543
KEN,GFKE,Kenema Airport,Kenema,Sierra Leone,7.891290187835693,-11.176600456237791
OXB,GGOV,Osvaldo Vieira International Airport,Bissau,Guinea-Bissau,11.894800186157228,-15.65369987487793
SMW,GMMA,Smara Airport,Smara,Western Sahara,26.7318,-11.6847
VIL,GMMH,Dakhla Airport,Dakhla,Western Sahara,23.7183,-15.932
ESU,GMMI,Mogador Airport,Essadouira,Morocco,31.3974990845,-9.6816701889
EUN,GMML,Hassan I Airport,El Aaiún,Western Sahara,27.151699,-13.2192
NDR,GMMW,Nador International Airport,El Aroui,Morocco,34.988800048799995,-3.0282099247
RAI,GVNP,Praia International Airport,"Praia, Santiago Island",Cape Verde,14.924500465393066,-23.49349975585937
SFL,GVSF,São Filipe Airport,"Sao Filipe, Fogo Island",Cape Verde,14.8850002289,-24.4799995422
BCO,HABC,Baco Airport,Baco,Ethiopia,5.78287,36.562
BEI,HABE,Beica Airport,Beica,Ethiopia,9.38638973236084,34.52190017700195
DSE,HADC,Combolcha Airport,Dessie,Ethiopia,11.082500457763672,39.71139907836914
DEM,HADD,Dembidollo Airport,Dembidollo,Ethiopia,8.553999900817871,34.858001708984375
GDE,HAGO,Gode Airport,Gode,Ethiopia,5.93513011932,43.5786018372
GOR,HAGR,Gore Airport,Gore,Ethiopia,8.1614,35.5529
ABK,HAKD,Kabri Dehar Airport,Kabri Dehar,Ethiopia,6.734,44.252998
MTF,HAMT,Mizan Teferi Airport,Mizan Teferi,Ethiopia,6.9571,35.5547
TIE,HATP,Tippi Airport,Tippi,Ethiopia,7.2024,35.415
ALU,HCMA,Alula Airport,Alula,Somalia,11.9582,50.748
BSA,HCMF,Bosaso Airport,Bosaso,Somalia,11.27530002593994,49.14939880371094
MGQ,HCMM,Aden Adde International Airport,Mogadishu,Somalia,2.014440059661865,45.3046989440918
GLK,HCMR,Galcaio Airport,Galcaio,Somalia,6.78082990646,47.45470047
BUO,HCMV,Burao Airport,Burao,Somalia,9.5275,45.5549
AAC,HEAR,El Arish International Airport,El Arish,Egypt,31.073299408,33.8358001709
ATZ,HEAT,Assiut International Airport,Asyut,Egypt,27.0464992523,31.0119991302
ASV,HKAM,Amboseli Airport,Amboseli National Park,Kenya,-2.645050048828125,37.25310134887695
LKG,HKLK,Lokichoggio Airport,Lokichoggio,Kenya,4.20412015914917,34.348201751708984
MYD,HKML,Malindi Airport,Malindi,Kenya,-3.2293100357055664,40.10169982910156
NYK,HKNY,Nanyuki Airport,Nanyuki,Kenya,-0.06239889934659,37.04100799560547
SRX,HLGD,Gardabya Airport,Sirt,Libya,31.0634994507,16.5949993134
TOB,HLGN,Gamal Abdel Nasser Airport,Tobruk,Libya,31.861,23.907
MJI,HLLM,Mitiga Airport,Tripoli,Libya,32.894100189208984,13.276000022888184
LAQ,HLLQ,La Abraq Airport,Al Bayda',Libya,32.788700103759766,21.96430015563965
ATB,HSAT,Atbara Airport,Atbara,Sudan,17.710344314575195,34.0570182800293
UYL,HSNN,Nyala Airport,Nyala,Sudan,12.053500175476074,24.956199645996094
PZU,HSPN,Port Sudan New International Airport,Port Sudan,Sudan,19.4335994720459,37.23410034179688
BKZ,HTBU,Bukoba Airport,Bukoba,Tanzania,-1.332,31.8212
TKQ,HTKA,Kigoma Airport,Kigoma,Tanzania,-4.8862,29.6709
LDI,HTLI,Lindi Airport,Lindi,Tanzania,-9.85111,39.757801
MUZ,HTMU,Musoma Airport,Musoma,Tanzania,-1.503,33.8021
SHY,HTSY,Shinyanga Airport,Shinyanga,Tanzania,-3.6093,33.5035
TBO,HTTB,Tabora Airport,Tabora,Tanzania,-5.076389789581299,32.83330154418945
RUA,HUAR,Arua Airport,Arua,Uganda,3.049999952316284,30.91699981689453
ULU,HUGU,Gulu Airport,Gulu,Uganda,2.805560111999512,32.27180099487305
DIU,VA1P,Diu Airport,Diu,India,20.71310043334961,70.92109680175781
ABR,KABR,Aberdeen Regional Airport,Aberdeen,United States,45.449100494384766,-98.42179870605467
ABY,KABY,Southwest Georgia Regional Airport,Albany,United States,31.535499572753903,-84.19450378417969
AHN,KAHN,Athens Ben Epps Airport,Athens,United States,33.94860076904297,-83.32630157470703
ALM,KALM,Alamogordo White Sands Regional Airport,Alamogordo,United States,32.8399009705,-105.990997314
ALO,KALO,Waterloo Regional Airport,Waterloo,United States,42.55709838867188,-92.40029907226562
ALW,KALW,Walla Walla Regional Airport,Walla Walla,United States,46.09489822,-118.288002
APN,KAPN,Alpena County Regional Airport,Alpena,United States,45.0780983,-83.56030273
ATY,KATY,Watertown Regional Airport,Watertown,United States,44.91400146,-97.15470123
BFD,KBFD,Bradford Regional Airport,Bradford,United States,41.8031005859375,-78.64009857177734
BFF,KBFF,Western Neb. Rgnl/William B. Heilig Airport,Scottsbluff,United States,41.87400055,-103.5960007
BKW,KBKW,Raleigh County Memorial Airport,Beckley,United States,37.7873001099,-81.1241989136
BQK,KBQK,Brunswick Golden Isles Airport,Brunswick,United States,31.2588005065918,-81.46649932861328
BRL,KBRL,Southeast Iowa Regional Airport,Burlington,United States,40.783199310302734,-91.12550354003906
CEC,KCEC,Jack Mc Namara Field Airport,Crescent City,United States,41.78020096,-124.2369995
CGI,KCGI,Cape Girardeau Regional Airport,Cape Girardeau,United States,37.22529983520508,-89.57080078125
CIU,KCIU,Chippewa County International Airport,Sault Ste Marie,United States,46.25080108642578,-84.47239685058594
CKB,KCKB,North Central West Virginia Airport,Clarksburg,United States,39.2966003418,-80.2281036377
CLM,KCLM,William R Fairchild International Airport,Port Angeles,United States,48.12020111083984,-123.5
CMX,KCMX,Houghton County Memorial Airport,Hancock,United States,47.168399810791016,-88.48909759521484
DDC,KDDC,Dodge City Regional Airport,Dodge City,United States,37.76340103149414,-99.9655990600586
DUJ,KDUJ,DuBois Regional Airport,Du Bois,United States,41.17829895,-78.8986969
EAU,KEAU,Chippewa Valley Regional Airport,Eau Claire,United States,44.86579895019531,-91.48429870605467
EKO,KEKO,Elko Regional Airport,Elko,United States,40.82490158081055,-115.79199981689452
EWB,KEWB,New Bedford Regional Airport,New Bedford,United States,41.67610168457031,-70.95690155029297
FAY,KFAY,Fayetteville Regional Grannis Field,Fayetteville,United States,34.9911994934082,-78.88030242919922
GGW,KGGW,Wokal Field Glasgow International Airport,Glasgow,United States,48.212502,-106.614998
GRI,KGRI,Central Nebraska Regional Airport,Grand Island,United States,40.96749877929688,-98.30960083007812
HOT,KHOT,Memorial Field,Hot Springs,United States,34.47800064086914,-93.09619903564452
HTS,KHTS,Tri-State/Milton J. Ferguson Field,Huntington,United States,38.36669922,-82.55799866
KIO,Q51,Kili Airport,Kili Island,Marshall Islands,5.644515,169.119507
IRK,KIRK,Kirksville Regional Airport,Kirksville,United States,40.09349822998047,-92.5448989868164
JMS,KJMS,Jamestown Regional Airport,Jamestown,United States,46.92969894,-98.67819977
LAR,KLAR,Laramie Regional Airport,Laramie,United States,41.31209945678711,-105.6750030517578
LBE,KLBE,Arnold Palmer Regional Airport,Latrobe,United States,40.27590179,-79.40480042
LBF,KLBF,North Platte Regional Airport Lee Bird Field,North Platte,United States,41.12620163,-100.6839981
LEB,KLEB,Lebanon Municipal Airport,Lebanon,United States,43.6260986328,-72.30419921880001
LMT,KLMT,Crater Lake-Klamath Regional Airport,Klamath Falls,United States,42.156101,-121.733002
LNS,KLNS,Lancaster Airport,Lancaster,United States,40.121700286865234,-76.29609680175781
LWT,KLWT,Lewistown Municipal Airport,Lewistown,United States,47.04930114746094,-109.46700286865234
LYH,KLYH,Lynchburg Regional Preston Glenn Field,Lynchburg,United States,37.326698303222656,-79.20040130615234
MKG,KMKG,Muskegon County Airport,Muskegon,United States,43.16949844,-86.23819733
MLS,KMLS,Frank Wiley Field,Miles City,United States,46.428001403808594,-105.88600158691406
MSL,KMSL,Northwest Alabama Regional Airport,Muscle Shoals,United States,34.74530029,-87.61019897
OTH,KOTH,Southwest Oregon Regional Airport,North Bend,United States,43.41709899902344,-124.24600219726562
OWB,KOWB,Owensboro Daviess County Airport,Owensboro,United States,37.74010086,-87.16680145
PIB,KPIB,Hattiesburg Laurel Regional Airport,Hattiesburg/Laurel,United States,31.467100143432617,-89.33709716796875
PIH,KPIH,Pocatello Regional Airport,Pocatello,United States,42.9098014831543,-112.59600067138672
PIR,KPIR,Pierre Regional Airport,Pierre,United States,44.38270187,-100.2860031
PLN,KPLN,Pellston Regional Airport of Emmet County Airport,Pellston,United States,45.57089996,-84.79669952
PSM,KPSM,Portsmouth International at Pease Airport,Portsmouth,United States,43.0778999329,-70.8233032227
RDG,KRDG,Reading Regional Carl A Spaatz Field,Reading,United States,40.37850189208984,-75.96520233154297
RHI,KRHI,Rhinelander Oneida County Airport,Rhinelander,United States,45.63119888305664,-89.46749877929688
RKS,KRKS,Southwest Wyoming Regional Airport,Rock Springs,United States,41.5942,-109.065001
RUT,KRUT,Rutland - Southern Vermont Regional Airport,Rutland,United States,43.52939987,-72.94960022
SBP,KSBP,San Luis County Regional Airport,San Luis Obispo,United States,35.2368011475,-120.641998291
SHR,KSHR,Sheridan County Airport,Sheridan,United States,44.76919937133789,-106.9800033569336
SLK,KSLK,Adirondack Regional Airport,Saranac Lake,United States,44.38529968261719,-74.2061996459961
SLN,KSLN,Salina Municipal Airport,Salina,United States,38.79100036621094,-97.6521987915039
SMX,KSMX,Santa Maria Pub/Capt G Allan Hancock Field,Santa Maria,United States,34.89889908,-120.4570007
TUP,KTUP,Tupelo Regional Airport,Tupelo,United States,34.26810073852539,-88.7698974609375
UIN,KUIN,Quincy Regional Baldwin Field,Quincy,United States,39.94269943,-91.19460297
VCT,KVCT,Victoria Regional Airport,Victoria,United States,28.85260009765625,-96.9185028076172
VLD,KVLD,Valdosta Regional Airport,Valdosta,United States,30.78249931335449,-83.27670288085938
WRL,KWRL,Worland Municipal Airport,Worland,United States,43.9656982421875,-107.95099639892578
YKM,KYKM,Yakima Air Terminal McAllister Field,Yakima,United States,46.56819916,-120.5439987
ECN,LCEN,Ercan International Airport,Nicosia,Cyprus,35.15470123291016,33.49610137939453
RJL,LELO,Logroño-Agoncillo Airport,Logroño-Agoncillo,Spain,42.4609534888,-2.32223510742
IDY,LFEY,Île d'Yeu Airport,Île d'Yeu,France,46.71860122680664,-2.3911099433898926
ANE,LFJR,Angers-Loire Airport,Angers/Marcé,France,47.560299,-0.312222
LTT,LFTZ,La Môle Airport,La Môle,France,43.205399,6.482
JSY,LGSO,Syros Airport,Syros Island,Greece,37.4227981567,24.9508991241
PEV,LHPP,Pécs-Pogány Airport,Pécs-Pogány,Hungary,45.990898,18.240996
SOB,LHSM,Sármellék International Airport,Sármellék,Hungary,46.686391,17.159084
AOT,LIMW,Aosta Airport,Aosta,Italy,45.738499,7.36872
QSR,LIRI,Salerno Costa d'Amalfi Airport,Salerno,Italy,40.620399,14.9113
CVU,LPCR,Corvo Airport,Corvo,Portugal,39.671501,-31.1136
BNX,LQBK,Banja Luka International Airport,Banja Luka,Bosnia and Herzegovina,44.94139862060547,17.297500610351562
USQ,LTBO,Uşak Airport,Usak,Turkey,38.68149948120117,29.47170066833496
KSY,LTCF,Kars Airport,Kars,Turkey,40.562198638916016,43.1150016784668
SFQ,LTCH,Şanlıurfa Airport,Sanliurfa,Turkey,37.09429931640625,38.84709930419922
KCM,LTCN,Kahramanmaraş Airport,Kahramanmaras,Turkey,37.5388259888,36.9535217285
AJI,LTCO,Ağrı Airport,Agri,Turkey,39.654541015625,43.025978088378906
ADF,LTCP,Adıyaman Airport,Adiyaman,Turkey,37.7313995361,38.4688987732
ISE,LTFC,Süleyman Demirel International Airport,Isparta,Turkey,37.8554000854,30.3684005737
EDO,LTFD,Balıkesir Körfez Airport,Balikesir Korfez,Turkey,39.554599762,27.0137996674
SZF,LTFH,Samsun Çarşamba Airport,Samsun,Turkey,41.254501,36.567101
ILZ,LZZI,Žilina Airport,Žilina,Slovakia,49.2314987183,18.6135005951
GDT,MBGT,JAGS McCartney International Airport,Cockburn Town,Turks and Caicos Islands,21.444499969482425,-71.14230346679688
MDS,MBMC,Middle Caicos Airport,Middle Caicos,Turks and Caicos Islands,21.82602,-71.8025
SLX,MBSY,Salt Cay Airport,Salt Cay,Turks and Caicos Islands,21.3330001831,-71.1999969482
AZS,MDCY,Samaná El Catey International Airport,Samana,Dominican Republic,19.2670001984,-69.7419967651
JBQ,MDJB,La Isabela International Airport,La Isabela,Dominican Republic,18.57250022888184,-69.98560333251953
PBR,MGPB,Puerto Barrios Airport,Puerto Barrios,Guatemala,15.7309,-88.583801
AAZ,MGQZ,Quezaltenango Airport,Quezaltenango,Guatemala,14.8656,-91.501999
UTK,03N,Utirik Airport,Utirik Island,Marshall Islands,11.222,169.852005
AHS,MHAH,Ahuas Airport,Ahuas,Honduras,15.4722,-84.352203
PEU,MHPL,Puerto Lempira Airport,Puerto Lempira,Honduras,15.2622,-83.781197
MIJ,MLIP,Mili Island Airport,Mili Island,Marshall Islands,6.08333,171.733002
CYW,MMCY,Captain Rogelio Castillo National Airport,Celaya,Mexico,20.546,-100.887001
CUA,MMDA,Ciudad Constitución Airport,Ciudad Constitución,Mexico,25.053800582886,-111.61499786377
GUB,MMGR,Guerrero Negro Airport,Guerrero Negro,Mexico,28.0261,-114.024002
JAL,MMJA,El Lencero Airport,Jalapa,Mexico,19.4750995636,-96.7975006104
CTD,MPCE,Alonso Valderrama Airport,Chitré,Panama,7.987840175628662,-80.40969848632812
ONX,MPEJ,Enrique Adolfo Jimenez Airport,Colón,Panama,9.356639862060549,-79.86740112304688
JQE,MPJE,Jaqué Airport,Jaqué,Panama,7.51777982711792,-78.1572036743164
PLP,MPLP,Captain Ramon Xatruch Airport,La Palma,Panama,8.406669616699219,-78.1417007446289
TTQ,MRAO,Aerotortuguero Airport,Roxana,Costa Rica,10.42,-83.6095
BCL,MRBC,Barra del Colorado Airport,Pococi,Costa Rica,10.768699645996094,-83.58560180664062
PBP,MRIA,Islita Airport,Nandayure,Costa Rica,9.856109619140623,-85.37079620361328
PJM,MRPJ,Puerto Jimenez Airport,Puerto Jimenez,Costa Rica,8.533329963684082,-83.30000305175781
SYQ,MRPV,Tobias Bolanos International Airport,San Jose,Costa Rica,9.957050323486328,-84.13980102539062
JEE,MTJE,Jérémie Airport,Jeremie,Haiti,18.66309928894043,-74.17030334472656
PAX,MTPX,Port-de-Paix Airport,Port-de-Paix,Haiti,19.9335994720459,-72.84860229492188
TND,MUTD,Alberto Delgado Airport,Trinidad,Cuba,21.788299560546875,-79.99720001220703
COX,MYAK,Congo Town Airport,Andros,Bahamas,24.158701,-77.589798
ATC,MYCA,Arthur's Town Airport,Arthur's Town,Bahamas,24.6294,-75.673797
TBI,MYCB,New Bight Airport,Cat Island,Bahamas,24.3153,-75.452301
CRI,MYCI,Colonel Hill Airport,Colonel Hill,Bahamas,22.7455997467,-74.1824035645
PID,MYPI,Nassau Paradise Island Airport,Nassau,Bahamas,25.08300018310547,-77.30000305175781
AIU,NCAT,Enua Airport,Atiu Island,Cook Islands,-19.96780014038086,-158.11900329589844
MGS,NCMG,Mangaia Island Airport,Mangaia Island,Cook Islands,-21.89598655700684,-157.9066619873047
MHX,NCMH,Manihiki Island Airport,Manihiki Island,Cook Islands,-10.376700401306152,-161.0019989013672
MUK,NCMK,Mauke Airport,Mauke Island,Cook Islands,-20.13610076904297,-157.34500122070312
MOI,NCMR,Mitiaro Island Airport,Mitiaro Island,Cook Islands,-19.842500686645508,-157.7030029296875
PYE,NCPY,Tongareva Airport,Penrhyn Island,Cook Islands,-9.01436996459961,-158.03240966796875
ICI,NFCI,Cicia Airport,Cicia,Fiji,-17.7432994843,-179.341995239
PTF,NFFO,Malolo Lailai Island Airport,Malolo Lailai Island,Fiji,-17.7779006958,177.197006226
KDV,NFKD,Vunisea Airport,Vunisea,Fiji,-19.0580997467,178.156997681
MNF,NFMA,Mana Island Airport,Mana Island,Fiji,-17.6730995178,177.098007202
MFJ,NFMO,Moala Airport,Moala,Fiji,-18.5666999817,179.951004028
NGI,NFNG,Ngau Airport,Ngau,Fiji,-18.1156005859,179.339996338
LKB,NFNK,Lakeba Island Airport,Lakeba Island,Fiji,-18.1991996765,-178.817001343
LBS,NFNL,Labasa Airport,Lambasa,Fiji,-16.466699600219727,179.33999633789062
TVU,NFNM,Matei Airport,Matei,Fiji,-16.6905994415,-179.876998901
KXF,NFNO,Koro Island Airport,Koro Island,Fiji,-17.3458003998,179.42199707
RTA,NFNR,Rotuma Airport,Rotuma,Fiji,-12.482500076293944,177.0709991455078
SVU,NFNS,Savusavu Airport,Savusavu,Fiji,-16.8027992249,179.341003418
EUA,NFTE,Kaufana Airport,Eua Island,Tonga,-21.3782997131,-174.957992554
HPA,NFTL,Lifuka Island Airport,Lifuka,Tonga,-19.777000427246094,-174.34100341796875
NFO,NFTO,Mata'aho Airport,"Angaha, Niuafo'ou Island",Tonga,-15.5707998276,-175.632995605
NTT,NFTP,Kuini Lavenia Airport,Niuatoputapu,Tonga,-15.977297,-173.791089
VBV,NFVB,Vanua Balavu Airport,Vanua Balavu,Fiji,-17.268999099731445,-178.9759979248047
IUE,NIUE,Niue International Airport,Alofi,Niue,-19.079030990600582,-169.92559814453125
FUT,NLWF,Pointe Vele Airport,Futuna Island,Wallis and Futuna,-14.3114004135,-178.065994263
MXS,NSMA,Maota Airport,Savaii Island,Samoa,-13.742300033569336,-172.25799560546875
APK,NTGD,Apataki Airport,Apataki,French Polynesia,-15.5736,-146.414993
AHE,NTHE,Ahe Airport,Ahe,French Polynesia,-14.428099632263184,-146.2570037841797
AUQ,NTMN,Hiva Oa-Atuona Airport,Hiva-oa,French Polynesia,-9.76879024506,-139.011001587
UAP,NTMP,Ua Pou Airport,Ua Pou,French Polynesia,-9.35167,-140.078003
UAH,NTMU,Ua Huka Airport,Ua Huka,French Polynesia,-8.93611,-139.552002
MTV,NVSA,Mota Lava Airport,Ablow,Vanuatu,-13.6660003662,167.712005615
SLH,NVSC,Sola Airport,Sola,Vanuatu,-13.8516998291,167.537002563
TOH,NVSD,Torres Airstrip,Loh/Linua,Vanuatu,-13.3280000687,166.638000488
EAE,NVSE,Siwo Airport,Sangafa,Vanuatu,-17.0902996063,168.343002319
CCV,NVSF,Craig Cove Airport,Craig Cove,Vanuatu,-16.264999,167.923996
LOD,NVSG,Longana Airport,Longana,Vanuatu,-15.3066997528,167.966995239
SSR,NVSH,Sara Airport,Pentecost Island,Vanuatu,-15.4708003998,168.151992798
PBJ,NVSI,Tavie Airport,Paama Island,Vanuatu,-16.438999176,168.257003784
LPM,NVSL,Lamap Airport,Lamap,Vanuatu,-16.4611228,167.829253
LNB,NVSM,Lamen Bay Airport,Lamen Bay,Vanuatu,-16.584199905400002,168.158996582
MWF,NVSN,Maewo-Naone Airport,Maewo Island,Vanuatu,-15.0,168.082992554
LNE,NVSO,Lonorore Airport,Lonorore,Vanuatu,-15.8655996323,168.17199707
NUS,NVSP,Norsup Airport,Norsup,Vanuatu,-16.0797,167.401001
ZGU,NVSQ,Gaua Island Airport,Gaua Island,Vanuatu,-14.218099594099998,167.587005615
RCL,NVSR,Redcliffe Airport,Redcliffe,Vanuatu,-15.4720001221,167.835006714
SON,NVSS,Santo Pekoa International Airport,Santo,Vanuatu,-15.505000114399998,167.220001221
TGH,NVST,Tongoa Airport,Tongoa Island,Vanuatu,-16.8910999298,168.550994873
ULB,NVSU,Uléi Airport,Ambryn Island,Vanuatu,-16.3297,168.3011
VLS,NVSV,Valesdir Airport,Valesdir,Vanuatu,-16.796100616500002,168.177001953
SWJ,NVSX,Southwest Bay Airport,Malekula Island,Vanuatu,-16.4864,167.4472
OLJ,NVSZ,North West Santo Airport,Olpoi,Vanuatu,-14.881699562099998,166.557998657
AUY,NVVA,Aneityum Airport,Anelghowhat,Vanuatu,-20.2492008209,169.770996094
AWD,NVVB,Aniwa Airport,Aniwa,Vanuatu,-19.2346,169.6009
DLY,NVVD,Dillon's Bay Airport,Dillon's Bay,Vanuatu,-18.7693996429,169.00100708
FTA,NVVF,Futuna Airport,Futuna Island,Vanuatu,-19.5163993835,170.231994629
IPA,NVVI,Ipota Airport,Ipota,Vanuatu,-18.856389,169.283333
TGJ,NWWA,Tiga Airport,Tiga,New Caledonia,-21.096099853515625,167.8040008544922
BMY,NWWC,Île Art - Waala Airport,Waala,New Caledonia,-19.720600128173828,163.66099548339844
ILP,NWWE,Île des Pins Airport,Île des Pins,New Caledonia,-22.58889961242676,167.45599365234375
FBD,OAFZ,Fayzabad Airport,Faizabad,Afghanistan,37.121101,70.518097
AJF,OESK,Al-Jawf Domestic Airport,Al-Jawf,Saudi Arabia,29.78510093688965,40.09999847412109
WAE,OEWD,Wadi Al Dawasir Airport,Wadi-al-dawasir,Saudi Arabia,20.504299163800003,45.1996002197
KHD,OICK,Khoram Abad Airport,Khorram Abad,Iran,33.43539810180664,48.282901763916016
BXR,OIKM,Bam Airport,Bam,Iran,29.084199905395508,58.45000076293945
RJN,OIKR,Rafsanjan Airport,Rafsanjan,Iran,30.297700881958008,56.05110168457031
BJB,OIMN,Bojnord Airport,Bojnourd,Iran,37.49300003051758,57.30820083618164
AFZ,OIMS,Sabzevar National Airport,Sabzevar,Iran,36.16809844970703,57.59519958496094
NSH,OINN,Noshahr Airport,Noshahr,Iran,36.66329956054688,51.46469879150391
SRY,OINZ,Dasht-e Naz Airport,Dasht-e-naz,Iran,36.635799408,53.1935997009
LRR,OISL,Lar Airport,Lar,Iran,27.6746997833,54.3833007812
ADU,OITL,Ardabil Airport,Ardabil,Iran,38.3256988525,48.4244003296
OMH,OITR,Urmia Airport,Uromiyeh,Iran,37.6680984497,45.0686988831
AAN,OMAL,Al Ain International Airport,Al Ain,United Arab Emirates,24.261699676513672,55.60919952392578
BNP,OPBN,Bannu Airport,Bannu,Pakistan,32.9729,70.527901
BHV,OPBW,Bahawalpur Airport,Bahawalpur,Pakistan,29.348100662231445,71.71800231933594
CJL,OPCH,Chitral Airport,Chitral,Pakistan,35.886600494384766,71.80059814453125
DBA,OPDB,Dalbandin Airport,Dalbandin,Pakistan,28.8782997131,64.3998031616
DEA,OPDG,Dera Ghazi Khan Airport,Dera Ghazi Khan,Pakistan,29.961000442504883,70.48590087890625
DSK,OPDI,Dera Ismael Khan Airport,Dera Ismael Khan,Pakistan,31.909400939941406,70.89659881591797
JIW,OPJI,Jiwani Airport,Jiwani,Pakistan,25.067800521900004,61.8054008484
HDD,OPKD,Hyderabad Airport,Hyderabad,Pakistan,25.3181,68.366096
KDD,OPKH,Khuzdar Airport,Khuzdar,Pakistan,27.790599823,66.6473007202
ORW,OPOR,Ormara Airport,Ormara Raik,Pakistan,25.274700164799995,64.58599853519999
PAJ,OPPC,Parachinar Airport,Parachinar,Pakistan,33.902099609400004,70.0716018677
KDU,OPSD,Skardu Airport,Skardu,Pakistan,35.33549880981445,75.53600311279297
SYW,OPSN,Sehwan Sharif Airport,Sehwan Sharif,Pakistan,26.473100662231445,67.71720123291016
TUK,OPTU,Turbat International Airport,Turbat,Pakistan,25.986400604248047,63.03020095825195
ISU,ORSU,Sulaymaniyah International Airport,Sulaymaniyah,Iraq,35.5617485046,45.3167381287
KAC,OSKL,Kamishly Airport,Kamishly,Syria,37.020599365234375,41.19139862060547
GXF,OYSY,Sayun International Airport,Sayun Intl,Yemen,15.9660997391,48.78829956049999
ADK,PADK,Adak Airport,Adak Island,United States,51.87799835205078,-176.64599609375
GST,PAGS,Gustavus Airport,Gustavus,United States,58.4253006,-135.7070007
SGY,PAGY,Skagway Airport,Skagway,United States,59.46009826660156,-135.3159942626953
HCR,PAHC,Holy Cross Airport,Holy Cross,United States,62.18830108642578,-159.77499389648438
HNS,PAHN,Haines Airport,Haines,United States,59.24380111694336,-135.5240020751953
KLG,PALG,Kalskag Airport,Kalskag,United States,61.53630065917969,-160.34100341796875
MCG,PAMC,McGrath Airport,Mcgrath,United States,62.95289993,-155.6060028
MOU,PAMO,Mountain Village Airport,Mountain Village,United States,62.095401763916016,-163.6820068359375
ANI,PANI,Aniak Airport,Aniak,United States,61.58160018920898,-159.54299926757812
VAK,PAVA,Chevak Airport,Chevak,United States,61.5409,-165.6005
WRG,PAWG,Wrangell Airport,Wrangell,United States,56.48429871,-132.3699951
OPU,AYBM,Balimo Airport,Balimo,Papua New Guinea,-8.05000019073,142.932998657
VMU,AYBA,Baimuru Airport,Baimuru,Papua New Guinea,-7.49686002731,144.819900513
LUP,PHLU,Kalaupapa Airport,Molokai,United States,21.21100044,-156.973999
ENT,PKMA,Eniwetok Airport,Eniwetok Atoll,Marshall Islands,11.340700149536133,162.3280029296875
LZN,RCFG,Matsu Nangan Airport,Matsu Islands,Taiwan,26.1598,119.958
HCN,RCKW,Hengchun Airport,Hengchun,Taiwan,22.041099548339844,120.7300033569336
MFK,RCMT,Matsu Beigan Airport,Matsu Islands,Taiwan,26.224199,120.002998
KUH,RJCK,Kushiro Airport,Kushiro,Japan,43.0410003662,144.192993164
OKD,RJCO,Okadama Airport,Sapporo,Japan,43.117447,141.38134
HSG,RJFS,Saga Airport,Saga,Japan,33.149700164799995,130.302001953
NKM,RJNA,Nagoya Airport,Nagoya,Japan,35.255001068115234,136.9239959716797
IWJ,RJOW,Iwami Airport,Iwami,Japan,34.676399231,131.789993286
FKS,RJSF,Fukushima Airport,Fukushima,Japan,37.22740173339844,140.43099975585938
ONJ,RJSR,Odate Noshiro Airport,Odate Noshiro,Japan,40.1918983459,140.371002197
SYO,RJSY,Shonai Airport,Shonai,Japan,38.81219863889999,139.787002563
MYE,RJTQ,Miyakejima Airport,Miyakejima,Japan,34.073600769,139.559997559
KUV,RKJK,Kunsan Air Base,Kunsan,South Korea,35.90380096435547,126.61599731445312
MPK,RKJM,Mokpo Heliport,Mokpo,South Korea,34.7588996887,126.379997253
WJU,RKNW,Wonju/Hoengseong Air Base (K-38/K-46),Wonju,South Korea,37.441201,127.963858
YNY,RKNY,Yangyang International Airport,Sokcho / Gangneung,South Korea,38.061298,128.669006
HIN,RKPS,Sacheon Air Base/Airport,Sacheon,South Korea,35.088591,128.071747
CJJ,RKTU,Cheongju International Airport/Cheongju Air Base (K-59/G-513),Chongju,South Korea,36.717008,127.498741
SFS,RPLB,Subic Bay International Airport,Olongapo City,Philippines,14.794400215148926,120.27100372314452
CYU,RPLO,Cuyo Airport,Cuyo,Philippines,10.858099937438965,121.06900024414062
CGM,RPMH,Camiguin Airport,Camiguin,Philippines,9.253520011901855,124.70700073242188
JOL,RPMJ,Jolo Airport,Jolo,Philippines,6.0536699295043945,121.01100158691406
TWT,RPMN,Sanga Sanga Airport,Sanga Sanga,Philippines,5.046991,119.742996
SUG,RPMS,Surigao Airport,Sangley Point,Philippines,9.755838325629998,125.480947495
TDG,RPMW,Tandag Airport,Tandag,Philippines,9.072110176086426,126.1709976196289
WNP,RPUN,Naga Airport,Naga,Philippines,13.58489990234375,123.2699966430664
BSO,RPUO,Basco Airport,Basco,Philippines,20.4513,121.980003
SFE,RPUS,San Fernando Airport,San Fernando,Philippines,16.595600128173828,120.3030014038086
TUG,RPUT,Tuguegarao Airport,Tuguegarao,Philippines,17.6433676823,121.733150482
VRC,RPUV,Virac Airport,Virac,Philippines,13.57639980316162,124.20600128173828
CYP,RPVC,Calbayog Airport,Calbayog City,Philippines,12.072699546813965,124.54499816894533
CRM,RPVF,Catarman National Airport,Catarman,Philippines,12.502400398254396,124.63600158691406
MBT,RPVJ,Moises R. Espinosa Airport,Masbate,Philippines,12.369682,123.630095
RXS,RPVR,Roxas Airport,Roxas City,Philippines,11.597700119018556,122.7519989013672
TTG,SAST,General Enrique Mosconi Airport,Tartagal,Argentina,-22.619600296,-63.7937011719
LHS,SAVH,Las Heras Airport,Las Heras,Argentina,-46.53829956049999,-68.9653015137
OES,SAVN,Antoine de Saint Exupéry Airport,San Antonio Oeste,Argentina,-40.7512,-65.0343
ING,SAWA,Lago Argentino Airport,El Calafate,Argentina,-50.336102,-72.248596
GGS,SAWR,Gobernador Gregores Airport,Gobernador Gregores,Argentina,-48.7831,-70.150002
SST,SAZL,Santa Teresita Airport,Santa Teresita,Argentina,-36.5423,-56.7218
NEC,SAZO,Necochea Airport,Necochea,Argentina,-38.4831,-58.8172
JDO,SBJU,Orlando Bezerra de Menezes Airport,Juazeiro Do Norte,Brazil,-7.21895980835,-39.2700996399
LEC,SBLE,Coronel Horácio de Mattos Airport,Lençóis,Brazil,-12.4822998047,-41.2770004272
MEA,SBME,Macaé Airport,Macaé,Brazil,-22.343000412,-41.7659988403
MII,SBML,Frank Miloye Milenkowichi–Marília State Airport,Marília,Brazil,-22.1968994141,-49.926399231
VDC,SBQV,Vitória da Conquista Airport,Vitória Da Conquista,Brazil,-14.8627996445,-40.8630981445
RIA,SBSM,Santa Maria Airport,Santa Maria,Brazil,-29.711399,-53.688202
TOW,SBTD,Toledo Airport,Toledo,Brazil,-24.6863,-53.697498
ESR,SCES,Ricardo García Posada Airport,El Salvador,Chile,-26.31110000610352,-69.76519775390625
ZPC,SCPC,Pucón Airport,Pucon,Chile,-39.29280090332031,-71.91590118408203
SOD,SDCO,Sorocaba Airport,Sorocaba,Brazil,-23.478001,-47.490002
SCY,SEST,San Cristóbal Airport,San Cristóbal,Ecuador,-0.910206,-89.617401
LOH,SETM,Camilo Ponce Enriquez Airport,La Toma (Catamayo),Ecuador,-3.99589,-79.371902
ESM,SETN,General Rivadeneira Airport,Esmeraldas,Ecuador,0.9785190224647522,-79.62660217285156
PSY,SFAL,Port Stanley Airport,Stanley,Falkland Islands,-51.685699462891,-57.777599334717
CRC,SKGO,Santa Ana Airport,Cartago,Colombia,4.75818,-75.9557
LQM,SKLG,Caucaya Airport,Puerto Leguízamo,Colombia,-0.182278,-74.7708
LPD,SKLP,La Pedrera Airport,La Pedrera,Colombia,-1.32861,-69.5797
NQU,SKNQ,Reyes Murillo Airport,Nuquí,Colombia,5.6964,-77.2806
PDA,SKPD,Obando Airport,Puerto Inírida,Colombia,3.85353,-67.9062
EYP,SKYP,El Yopal Airport,Yopal,Colombia,5.31911,-72.384
GYA,SLGY,Capitán de Av. Emilio Beltrán Airport,Guayaramerín,Bolivia,-10.820599556,-65.3455963135
PUR,SLPR,Puerto Rico Airport,Puerto Rico/Manuripi,Bolivia,-11.107663,-67.551155
RIB,SLRI,Capitán Av. Selin Zeitun Lopez Airport,Riberalta,Bolivia,-11.0,-66.0
REY,SLRY,Reyes Airport,Reyes,Bolivia,-14.3044,-67.353401
SRJ,SLSB,Capitán Av. German Quiroga G. Airport,San Borja,Bolivia,-14.85919952392578,-66.73750305175781
ORG,SMZO,Zorg en Hoop Airport,Paramaribo,Suriname,5.81108,-55.190701
MVS,SNMU,Mucuri Airport,Mucuri,Brazil,-18.048900604248047,-39.864200592041016
CJA,SPJR,Mayor General FAP Armando Revoredo Iglesias Airport,Cajamarca,Peru,-7.1391801834106445,-78.4894027709961
HUU,SPNC,Alferez Fap David Figueroa Fernandini Airport,Huánuco,Peru,-9.878809928894045,-76.20480346679688
NZC,SPZA,Maria Reiche Neuman Airport,Nazca,Peru,-14.8540000916,-74.9615020752
SRA,SSZR,Santa Rosa Airport,Santa Rosa,Brazil,-27.9067,-54.520401
MYC,SVBS,Escuela Mariscal Sucre Airport,Maracay,Venezuela,10.249978065490724,-67.64942169189453
VIG,SVVG,Juan Pablo Pérez Alfonso Airport,El Vigía,Venezuela,8.624139,-71.672668
JPR,SWJI,Ji-Paraná Airport,Ji-Paraná,Brazil,-10.8708000183,-61.8465003967
BBQ,TAPH,Codrington Airport,Codrington,Antigua and Barbuda,17.635799,-61.828602
DSD,TFFA,La Désirade Airport,Grande Anse,Guadeloupe,16.296902,-61.0844
BBR,TFFB,Baillif Airport,Basse Terre,Guadeloupe,16.0132999420166,-61.7421989440918
SFC,TFFC,St-François Airport,St-François,Guadeloupe,16.25779914855957,-61.26250076293945
GBJ,TFFM,Les Bases Airport,Grand Bourg,Guadeloupe,15.86870002746582,-61.27000045776367
NEV,TKPN,Vance W. Amory International Airport,Charlestown,Saint Kitts and Nevis,17.205699920654297,-62.58990097045898
VIJ,TUPW,Virgin Gorda Airport,Spanish Town,British Virgin Islands,18.446399688720703,-64.42749786376953
BQU,TVSB,J F Mitchell Airport,Bequia,Saint Vincent and the Grenadines,12.9884004593,-61.2620010376
UNI,TVSU,Union Island International Airport,Union Island,Saint Vincent and the Grenadines,12.60013484954834,-61.41194534301758
KOV,UACK,Kokshetau Airport,Kokshetau,Kazakhstan,53.329102,69.594597
PPK,UACP,Petropavlosk South Airport,Petropavlosk,Kazakhstan,54.77470016479492,69.18389892578125
DZN,UAKD,Zhezkazgan Airport,Zhezkazgan,Kazakhstan,47.708302,67.733299
UKK,UASK,Ust-Kamennogorsk Airport,Ust Kamenogorsk,Kazakhstan,50.036598205566406,82.49420166015625
KSN,UAUU,Kostanay West Airport,Kostanay,Kazakhstan,53.20690155029297,63.55030059814453
KVD,UBBG,Ganja Airport,Ganja,Azerbaijan,40.737701416015625,46.31760025024414
NAJ,UBBN,Nakhchivan Airport,Nakhchivan,Azerbaijan,39.18880081176758,45.45840072631836
NER,UELL,Chulman Airport,Neryungri,Russia,56.913898468018,124.91400146484
PYJ,UERP,Polyarny Airport,Yakutia,Russia,66.4003982544,112.029998779
CKH,UESO,Chokurdakh Airport,Chokurdah,Russia,70.62310028076172,147.90199279785156
CYX,UESS,Cherskiy Airport,Cherskiy,Russia,68.7406005859375,161.33799743652344
IKS,UEST,Tiksi Airport,Tiksi,Russia,71.697700500488,128.90299987793
KXK,UHKK,Komsomolsk-on-Amur Airport,Komsomolsk-on-Amur,Russia,50.40900039672852,136.9340057373047
DYR,UHMA,Ugolny Airport,Anadyr,Russia,64.734902,177.740997
OHO,UHOO,Okhotsk Airport,Okhotsk,Russia,59.410064697265625,143.05650329589844
UJE,UJAP,Ujae Atoll Airport,Ujae Atoll,Marshall Islands,8.92805957794,165.761993408
MPW,UKCM,Mariupol International Airport,Mariupol International,Ukraine,47.07609939575195,37.44960021972656
VSG,UKCW,Luhansk International Airport,Lugansk,Ukraine,48.4174003601,39.3740997314
OZH,UKDE,Zaporizhzhia International Airport,Zaporozhye,Ukraine,47.867000579833984,35.31570053100586
KWG,UKDR,Kryvyi Rih International Airport,Krivoy Rog,Ukraine,48.04330062866211,33.209999084472656
HRK,UKHH,Kharkiv International Airport,Kharkov,Ukraine,49.924800872802734,36.290000915527344
IFO,UKLI,Ivano-Frankivsk International Airport,Ivano-Frankivsk,Ukraine,48.88420104980469,24.68610000610352
CWC,UKLN,Chernivtsi International Airport,Chernovtsk,Ukraine,48.2593002319336,25.98080062866211
RWN,UKLR,Rivne International Airport,Rivne,Ukraine,50.60710144042969,26.141599655151367
UDJ,UKLU,Uzhhorod International Airport,Uzhgorod,Ukraine,48.6343002319336,22.263399124145508
CSH,ULAS,Solovki Airport,Solovetsky Islands,Russia,65.0299987793,35.7333335876
CEE,ULBC,Cherepovets Airport,Cherepovets,Russia,59.273601532,38.0158004761
AMV,ULDD,Amderma Airport,Amderma,Russia,69.76329803466797,61.556400299072266
KSZ,ULKK,Kotlas Airport,Kotlas,Russia,61.235801696777344,46.6974983215332
PES,ULPB,Petrozavodsk Airport,Petrozavodsk,Russia,61.88520050048828,34.15470123291016
GNA,UMMG,Hrodna Airport,Hrodna,Belarus,53.60200119018555,24.053800582885746
MVQ,UMOO,Mogilev Airport,Mogilev,Belarus,53.95489883422852,30.09510040283203
EIE,UNII,Yeniseysk Airport,Yeniseysk,Russia,58.47420120239258,92.1125030517578
KYZ,UNKY,Kyzyl Airport,Kyzyl,Russia,51.66939926147461,94.40059661865234
NOZ,UNWW,Spichenkovo Airport,Novokuznetsk,Russia,53.811401,86.877197
HTG,UOHH,Khatanga Airport,Khatanga,Russia,71.97810363769531,102.49099731445312
IAA,UOII,Igarka Airport,Igarka,Russia,67.43720245361328,86.62190246582031
NAL,URMN,Nalchik Airport,Nalchik,Russia,43.51290130615234,43.636600494384766
OGZ,URMO,Beslan Airport,Beslan,Russia,43.2051010132,44.6066017151
ESL,URWI,Elista Airport,Elista,Russia,46.3739013671875,44.33089828491211
WKK,5A8,Aleknagik / New Airport,Aleknagik,United States,59.2826004028,-158.617996216
BLF,KBLF,Mercer County Airport,Bluefield,United States,37.29579925537109,-81.20770263671875
GLH,KGLH,Mid Delta Regional Airport,Greenville,United States,33.4828987121582,-90.98560333251952
PSC,KPSC,Tri Cities Airport,Pasco,United States,46.26470184326172,-119.11900329589844
KQA,KQA,Akutan Seaplane Base,Akutan,United States,54.1337704415,-165.778895617
LPS,S31,Lopez Island Airport,Lopez,United States,48.4838981628418,-122.93800354003906
SLY,USDD,Salekhard Airport,Salekhard,Russia,66.5907974243164,66.61100006103516
HMA,USHH,Khanty Mansiysk Airport,Khanty-Mansiysk,Russia,61.02849960327149,69.08609771728516
NYA,USHN,Nyagan Airport,Nyagan,Russia,62.110001,65.614998
OVS,USHS,Sovetskiy Airport,Sovetskiy,Russia,61.326622009277344,63.60191345214844
IJK,USII,Izhevsk Airport,Izhevsk,Russia,56.82809829711914,53.45750045776367
KVX,USKK,Pobedilovo Airport,Kirov,Russia,58.503299713135,49.348300933838
NYM,USMM,Nadym Airport,Nadym,Russia,65.48090362548828,72.69889831542969
RAT,USNR,Raduzhny Airport,Raduzhnyi,Russia,62.1585998535,77.32890319820001
NFG,USRN,Nefteyugansk Airport,Nefteyugansk,Russia,61.10829925537109,72.6500015258789
KRO,USUU,Kurgan Airport,Kurgan,Russia,55.47529983520508,65.41560363769531
LBD,UTDL,Khudzhand Airport,Khudzhand,Tajikistan,40.21540069580078,69.6947021484375
AZN,UTKA,Andizhan Airport,Andizhan,Uzbekistan,40.7276992798,72.2939987183
FEG,UTKF,Fergana International Airport,Fergana,Uzbekistan,40.3587989807,71.7450027466
NMA,UTKN,Namangan Airport,Namangan,Uzbekistan,40.9846000671,71.5567016602
NCU,UTNN,Nukus Airport,Nukus,Uzbekistan,42.488399505615234,59.62329864501953
UGC,UTNU,Urgench Airport,Urgench,Uzbekistan,41.58430099487305,60.641700744628906
KSQ,UTSL,Karshi Khanabad Airport,Khanabad,Uzbekistan,38.8335990906,65.9215011597
TMJ,UTST,Termez Airport,Termez,Uzbekistan,37.28670120239258,67.30999755859375
RYB,UUBK,Staroselye Airport,Rybinsk,Russia,58.10419845581055,38.92940139770508
EGO,UUOB,Belgorod International Airport,Belgorod,Russia,50.643798828125,36.5900993347168
URS,UUOK,Kursk East Airport,Kursk,Russia,51.7505989074707,36.29560089111328
LPK,UUOL,Lipetsk Airport,Lipetsk,Russia,52.70280075073242,39.53779983520508
VKT,UUYW,Vorkuta Airport,Vorkuta,Russia,67.48860168457031,63.99309921264648
UUA,UWKB,Bugulma Airport,Bugulma,Russia,54.63999938964844,52.801700592041016
JOK,UWKJ,Yoshkar-Ola Airport,Yoshkar-Ola,Russia,56.70059967041016,47.90470123291016
CSY,UWKS,Cheboksary Airport,Cheboksary,Russia,56.09030151367188,47.3473014831543
ULY,UWLW,Ulyanovsk East Airport,Ulyanovsk,Russia,54.4010009765625,48.80270004272461
OSW,UWOR,Orsk Airport,Orsk,Russia,51.0724983215332,58.59560012817383
PEZ,UWPP,Penza Airport,Penza,Russia,53.110599517822266,45.02109909057617
SKX,UWPS,Saransk Airport,Saransk,Russia,54.12512969970703,45.21225738525391
BWO,UWSB,Balakovo Airport,Balakovo,Russia,51.8582992554,47.7456016541
HBX,VAHB,Hubli Airport,Hubli,India,15.361700058,75.08489990230001
KCT,VCCK,Koggala Airport,Koggala,Sri Lanka,5.993680000305176,80.32029724121094
WRZ,VCCW,Weerawila Airport,Wirawila,Sri Lanka,6.25448989868,81.23519897460001
BBM,VDBG,Battambang Airport,Battambang,Cambodia,13.095600128173828,103.2239990234375
SHL,VEBI,Shillong Airport,Shillong,India,25.70359992980957,91.97869873046876
GAU,VEGT,Lokpriya Gopinath Bordoloi International Airport,Guwahati,India,26.10610008239746,91.58589935302734
DMU,VEMR,Dimapur Airport,Dimapur,India,25.8838996887,93.7711029053
TEZ,VETZ,Tezpur Airport,Tezpur,India,26.7091007232666,92.78469848632812
BZL,VGBR,Barisal Airport,Barisal,Bangladesh,22.801000595092773,90.30120086669922
HOE,VLHS,Ban Huoeisay Airport,Huay Xai,Laos,20.2572994232,100.43699646
BHR,VNBP,Bharatpur Airport,Bharatpur,Nepal,27.678101,84.429398
BDP,VNCG,Bhadrapur Airport,Chandragarhi,Nepal,26.5708007812,88.07959747310001
MEY,VNMG,Meghauli Airport,Meghauli,Nepal,27.5774,84.22875
KEP,VNNG,Nepalgunj Airport,Nepalgunj,Nepal,28.103599548339844,81.66699981689453
GAN,VRMG,Gan International Airport,Gan Island,Maldives,-0.693342,73.155602
HAQ,VRMH,Hanimaadhoo Airport,Haa Dhaalu Atoll,Maldives,6.744229793548584,73.17050170898438
KDO,VRMK,Kadhdhoo Airport,Laamu Atoll,Maldives,1.8591699600219729,73.52189636230469
MAQ,VTPM,Mae Sot Airport,Tak,Thailand,16.699899673461914,98.54509735107422
BMV,VVBM,Buon Ma Thuot Airport,Buonmethuot,Vietnam,12.668299675,108.120002747
HPH,VVCI,Cat Bi International Airport,Haiphong,Vietnam,20.81940078735352,106.7249984741211
CXR,VVCR,Cam Ranh Airport,Nha Trang,Vietnam,11.99820041656494,109.21900177001952
VCS,VVCS,Co Ong Airport,Conson,Vietnam,8.73183,106.633003
VCA,VVCT,Can Tho International Airport,Can Tho,Vietnam,10.085100174,105.711997986
DIN,VVDB,Dien Bien Phu Airport,Dienbienphu,Vietnam,21.3974990845,103.008003235
UIH,VVPC,Phu Cat Airport,Phucat,Vietnam,13.955,109.042
PXU,VVPK,Pleiku Airport,Pleiku,Vietnam,14.00450038909912,108.01699829101562
VII,VVVH,Vinh Airport,Vinh,Vietnam,18.7376003265,105.67099762
BMO,VYBM,Banmaw Airport,Banmaw,Burma,24.268999099731445,97.24620056152344
TVY,VYDW,Dawei Airport,Dawei,Burma,14.103899955749512,98.20359802246094
KAW,VYKT,Kawthoung Airport,Kawthoung,Burma,10.04930019378662,98.53800201416016
LIW,VYLK,Loikaw Airport,Loikaw,Burma,19.691499710083008,97.2147979736328
MNU,VYMM,Mawlamyine Airport,Mawlamyine,Burma,16.444700241088867,97.66069793701172
BSX,VYPN,Pathein Airport,Pathein,Burma,16.815201,94.7799
PKK,VYPU,Pakhokku Airport,Pakhokku,Burma,21.4043,95.11125
SWQ,WADS,Sumbawa Besar Airport,Sumbawa Island,Indonesia,-8.48904037475586,117.41200256347656
TMC,WADT,Tambolaka Airport,Waikabubak-Sumba Island,Indonesia,-9.40972,119.244003
BUI,WAJB,Bokondini Airport,Bokondini-Papua Island,Indonesia,-3.6822,138.6755
SEH,WAJS,Senggeh Airport,Senggeh-Papua Island,Indonesia,-3.45,140.779
TJS,WALG,Tanjung Harapan Airport,Tanjung Selor-Borneo Island,Indonesia,2.83583333333,117.373611111
DTD,WALJ,Datadawai Airport,Datadawai-Borneo Island,Indonesia,0.8106,114.5306
BEJ,WALK,Kalimarau Airport,Tanjung Redep-Borneo Island,Indonesia,2.1555,117.431999
TJG,WAON,Warukin Airport,Tanjung-Borneo Island,Indonesia,-2.21655988693,115.435997009
SMQ,WAOS,Sampit(Hasan) Airport,Sampit-Borneo Island,Indonesia,-2.49919009209,112.974998474
LUV,WAPL,Dumatumbun Airport,Langgur-Kei Islands,Indonesia,-5.661620140075684,132.7310028076172
ARD,WATM,Mali Airport,Alor Island,Indonesia,-8.132340431213379,124.59700012207033
BLG,WBGC,Belaga Airport,Belaga,Malaysia,2.65000009537,113.766998291
LGL,WBGF,Long Lellang Airport,Long Datih,Malaysia,3.42100000381,115.153999329
ODN,WBGI,Long Seridan Airport,Long Seridan,Malaysia,3.9670000076293945,115.0500030517578
MKM,WBGK,Mukah Airport,Mukah,Malaysia,2.90639,112.080002
BKM,WBGQ,Bakalalan Airport,Bakalalan,Malaysia,3.973999977111816,115.61799621582033
LWY,WBGW,Lawas Airport,Lawas,Malaysia,4.84917,115.407997
BBN,WBGZ,Bario Airport,Bario,Malaysia,3.7338900566101074,115.47899627685548
TMG,WBKM,Tomanggong Airport,Tomanggong,Malaysia,5.40257,118.65763
KUD,WBKT,Kudat Airport,Kudat,Malaysia,6.922500133514404,116.83599853515624
TKG,WIAT,Radin Inten II (Branti) Airport,Bandar Lampung-Sumatra Island,Indonesia,-5.240556,105.175556
HLP,WIHH,Halim Perdanakusuma International Airport,Jakarta,Indonesia,-6.266610145568848,106.89099884033205
NTX,WION,Ranai Airport,Ranai-Natuna Besar Island,Indonesia,3.90871,108.388
PSU,WIOP,Pangsuma Airport,Putussibau-Borneo Island,Indonesia,0.8355780243873596,112.93699645996094
SQG,WIOS,Sintang(Susilo) Airport,Sintang-Borneo Island,Indonesia,0.0636190026998519,111.4729995727539
PDO,WIPQ,Pendopo Airport,Talang Gudang-Sumatra Island,Indonesia,-3.2860701084136963,103.87999725341795
LSW,WITM,Malikus Saleh Airport,Lhok Seumawe-Sumatra Island,Indonesia,5.226679801940918,96.95030212402344
PKG,WMPA,Pulau Pangkor Airport,Pangkor Island,Malaysia,4.244719982147217,100.5530014038086
LBW,WRLB,Long Bawan Airport,Long Bawan-Borneo Island,Indonesia,3.9028,115.6921
NNX,WRLF,Nunukan Airport,Nunukan-Nunukan Island,Indonesia,4.13333333333,117.666666667
LPU,WRLP,Long Apung Airport,Long Apung-Borneo Island,Indonesia,1.704486,114.970297
ALH,YABA,Albany Airport,Albany,Australia,-34.94329833984375,117.80899810791016
GYL,YARG,Argyle Airport,Argyle,Australia,-16.6369,128.451004
AUU,YAUR,Aurukun Airport,Aurukun,Australia,-13.354067,141.72065
BCI,YBAR,Barcaldine Airport,Barcaldine,Australia,-23.5652999878,145.307006836
BDD,YBAU,Badu Island Airport,Badu Island,Australia,-10.1499996185,142.1734
BVI,YBDV,Birdsville Airport,Birdsville,Australia,-25.897499084472656,139.34800720214844
BHQ,YBHI,Broken Hill Airport,Broken Hill,Australia,-32.0013999939,141.472000122
HTI,YBHM,Hamilton Island Airport,Hamilton Island,Australia,-20.3581008911,148.95199585
BEU,YBIE,Bedourie Airport,Bedourie,Australia,-24.346099853515625,139.4600067138672
BRK,YBKE,Bourke Airport,Bourke,Australia,-30.03919982910156,145.95199584960938
BUC,YBKT,Burketown Airport,Burketown,Australia,-17.748600006103516,139.53399658203125
GIC,YBOI,Boigu Airport,Boigu,Australia,-9.23278045654,142.218002319
OKY,YBOK,Oakey Airport,Oakey,Australia,-27.411399841308597,151.73500061035156
BQL,YBOU,Boulia Airport,Boulia,Australia,-22.913299560546875,139.89999389648438
BHS,YBTH,Bathurst Airport,Bathurst,Australia,-33.4094009399,149.651992798
BLT,YBTR,Blackwater Airport,Blackwater,Australia,-23.603099822998047,148.8070068359375
CVQ,YCAR,Carnarvon Airport,Carnarvon,Australia,-24.880211,113.67174
CAZ,YCBA,Cobar Airport,Cobar,Australia,-31.538299560546875,145.79400634765625
CPD,YCBP,Coober Pedy Airport,Coober Pedy,Australia,-29.040000915527344,134.7209930419922
CNC,YCCT,Coconut Island Airport,Coconut Island,Australia,-10.050000190734863,143.07000732421875
CNJ,YCCY,Cloncurry Airport,Cloncurry,Australia,-20.6686000824,140.503997803
CED,YCDU,Ceduna Airport,Ceduna,Australia,-32.13059997558594,133.7100067138672
CTN,YCKN,Cooktown Airport,Cooktown,Australia,-15.444700241088867,145.1840057373047
CMA,YCMU,Cunnamulla Airport,Cunnamulla,Australia,-28.030000686645508,145.6219940185547
CNB,YCNM,Coonamble Airport,Coonamble,Australia,-30.983299255371094,148.37600708007812
CUQ,YCOE,Coen Airport,Coen,Australia,-13.761133,143.113311
OOM,YCOM,Cooma Snowy Mountains Airport,Cooma,Australia,-36.3005981445,148.973999023
DMD,YDMG,Doomadgee Airport,Doomadgee,Australia,-17.9403,138.822006
NLF,YDNI,Darnley Island Airport,Darnley Island,Australia,-9.583330154418944,143.76699829101562
DPO,YDPO,Devonport Airport,Devonport,Australia,-41.1697006226,146.429992676
ELC,YELD,Elcho Island Airport,Elcho Island,Australia,-12.019399642899998,135.570999146
EPR,YESP,Esperance Airport,Esperance,Australia,-33.684399,121.822998
FLS,YFLI,Flinders Island Airport,Flinders Island,Australia,-40.0917015076,147.992996216
GET,YGEL,Geraldton Airport,Geraldton,Australia,-28.796101,114.707001
GLT,YGLA,Gladstone Airport,Gladstone,Australia,-23.869699,151.223007
GTE,YGTE,Groote Eylandt Airport,Groote Eylandt,Australia,-13.9750003815,136.460006714
GFF,YGTH,Griffith Airport,Griffith,Australia,-34.2508010864,146.067001343
HID,YHID,Horn Island Airport,Horn Island,Australia,-10.586400032,142.289993286
HOK,YHOO,Hooker Creek Airport,Hooker Creek,Australia,-18.3367004395,130.638000488
MHU,YHOT,Mount Hotham Airport,Mount Hotham,Australia,-37.0475006104,147.333999634
HGD,YHUG,Hughenden Airport,Hughenden,Australia,-20.815000534057617,144.22500610351562
JCK,YJLC,Julia Creek Airport,Julia Creek,Australia,-20.66830062866211,141.72300720214844
KAX,YKBR,Kalbarri Airport,Kalbarri,Australia,-27.692813,114.259169
KNS,YKII,King Island Airport,King Island,Australia,-39.87749862670898,143.8780059814453
KFG,YKKG,Kalkgurung Airport,Kalkgurung,Australia,-17.431900024414062,130.80799865722656
KRB,YKMB,Karumba Airport,Karumba,Australia,-17.45669937133789,140.8300018310547
KWM,YKOW,Kowanyama Airport,Kowanyama,Australia,-15.485600471496582,141.75100708007812
KUG,YKUB,Kubin Airport,Kubin,Australia,-10.2250003815,142.218002319
LNO,YLEO,Leonora Airport,Leonora,Australia,-28.87809944152832,121.31500244140624
LEL,YLEV,Lake Evella Airport,Lake Evella,Australia,-12.498900413513184,135.80599975585938
LDH,YLHI,Lord Howe Island Airport,Lord Howe Island,Australia,-31.5382995605,159.07699585
IRG,YLHR,Lockhart River Airport,Lockhart River,Australia,-12.7869,143.304993
LSY,YLIS,Lismore Airport,Lismore,Australia,-28.8302993774,153.259994507
LHG,YLRD,Lightning Ridge Airport,Lightning Ridge,Australia,-29.45669937133789,147.98399353027344
LRE,YLRE,Longreach Airport,Longreach,Australia,-23.4342002869,144.279998779
LER,YLST,Leinster Airport,Leinster,Australia,-27.843299865722656,120.7030029296875
LVO,YLTN,Laverton Airport,Laverton,Australia,-28.61359977722168,122.42400360107422
UBB,YMAA,Mabuiag Island Airport,Mabuiag Island,Australia,-9.949999809265137,142.18299865722656
MKR,YMEK,Meekatharra Airport,Meekatharra,Australia,-26.6117000579834,118.5479965209961
MIM,YMER,Merimbula Airport,Merimbula,Australia,-36.9085998535,149.901000977
MGT,YMGB,Milingimbi Airport,Milingimbi,Australia,-12.0944004059,134.893997192
MNG,YMGD,Maningrida Airport,Maningrida,Australia,-12.0560998917,134.23399353
MCV,YMHU,McArthur River Mine Airport,McArthur River Mine,Australia,-16.4424991608,136.083999634
MQL,YMIA,Mildura Airport,Mildura,Australia,-34.229198455799995,142.085998535
MMG,YMOG,Mount Magnet Airport,Mount Magnet,Australia,-28.116100311279297,117.84200286865234
MRZ,YMOR,Moree Airport,Moree,Australia,-29.4988994598,149.845001221
MOV,YMRB,Moranbah Airport,Moranbah,Australia,-22.057800293,148.07699585
MYA,YMRY,Moruya Airport,Moruya,Australia,-35.8978004456,150.143997192
MGB,YMTG,Mount Gambier Airport,Mount Gambier,Australia,-37.745601654052734,140.78500366210938
ONG,YMTI,Mornington Island Airport,Mornington Island,Australia,-16.662500381469727,139.17799377441406
MYI,YMUI,Murray Island Airport,Murray Island,Australia,-9.91666984558,144.054992676
MBH,YMYB,Maryborough Airport,Maryborough,Australia,-25.5133,152.714996
NRA,YNAR,Narrandera Airport,Narrandera,Australia,-34.7022018433,146.511993408
NAA,YNBR,Narrabri Airport,Narrabri,Australia,-30.3192005157,149.82699585
NTN,YNTN,Normanton Airport,Normanton,Australia,-17.68409,141.069664
ZNE,YNWN,Newman Airport,Newman,Australia,-23.4178009033,119.803001404
OLP,YOLD,Olympic Dam Airport,Olympic Dam,Australia,-30.4850006104,136.876998901
PUG,YPAG,Port Augusta Airport,Argyle,Australia,-32.50690078735352,137.7169952392578
PMK,YPAM,Palm Island Airport,Palm Island,Australia,-18.755300521850582,146.58099365234375
PBO,YPBO,Paraburdoo Airport,Paraburdoo,Australia,-23.1711006165,117.745002747
CCK,YPCC,Cocos (Keeling) Islands Airport,Cocos Keeling Island,Cocos (Keeling) Islands,-12.1883001328,96.8339004517
GOV,YPGV,Gove Airport,Gove,Australia,-12.269399642899998,136.817993164
PKE,YPKS,Parkes Airport,Parkes,Australia,-33.131401062,148.238998413
PLO,YPLC,Port Lincoln Airport,Port Lincoln,Australia,-34.6053009033,135.880004883
EDR,YPMP,Pormpuraaw Airport,Pormpuraaw,Australia,-14.896451,141.60908
PQQ,YPMQ,Port Macquarie Airport,Port Macquarie,Australia,-31.4358005524,152.863006592
PTJ,YPOD,Portland Airport,Portland,Australia,-38.31809997558594,141.4709930419922
ULP,YQLP,Quilpie Airport,Quilpie,Australia,-26.612199783325195,144.2530059814453
RAM,YRNG,Ramingining Airport,Ramingining,Australia,-12.356399536132812,134.8979949951172
RMA,YROM,Roma Airport,Roma,Australia,-26.545000076300003,148.774993896
SGO,YSGE,St George Airport,St George,Australia,-28.049699783325195,148.59500122070312
MJK,YSHK,Shark Bay Airport,Shark Bay,Australia,-25.8938999176,113.577003479
SBR,YSII,Saibai Island Airport,Saibai Island,Australia,-9.378330230710002,142.625
SRN,YSRN,Strahan Airport,Strahan,Australia,-42.15499877929688,145.29200744628906
XTG,YTGM,Thargomindah Airport,Thargomindah,Australia,-27.986400604248047,143.81100463867188
TCA,YTNK,Tennant Creek Airport,Tennant Creek,Australia,-19.6343994140625,134.18299865722656
VCD,YVRD,Victoria River Downs Airport,Victoria River Downs,Australia,-16.402124404907227,131.00497436523438
SYU,YWBS,Warraber Island Airport,Sue Islet,Australia,-10.20829963684082,142.8249969482422
WNR,YWDH,Windorah Airport,Windorah,Australia,-25.41309928894043,142.66700744628906
WYA,YWHA,Whyalla Airport,Whyalla,Australia,-33.05889892578125,137.51400756835938
WUN,YWLU,Wiluna Airport,Wiluna,Australia,-26.629199981689453,120.22100067138672
WOL,YWOL,Wollongong Airport,Wollongong,Australia,-34.56110000610352,150.78900146484375
WIN,YWTN,Winton Airport,Winton,Australia,-22.36359977722168,143.08599853515625
BWT,YWYY,Wynyard Airport,Burnie,Australia,-40.9989013671875,145.7310028076172
OKR,YYKI,Yorke Island Airport,Yorke Island,Australia,-9.752801,143.405673
XMY,YYMI,Yam Island Airport,Yam Island,Australia,-9.90110969543457,142.7760009765625
NAY,ZBNY,Beijing Nanyuan Airport,Beijing,China,39.78279876708984,116.38800048828124
CIF,ZBCF,Chifeng Airport,Chifeng,China,42.23500061035156,118.90799713134766
CIH,ZBCZ,Changzhi Airport,Changzhi,China,36.247501,113.125999
DAT,ZBDT,Datong Airport,Datong,China,40.060299,113.482002
HET,ZBHH,Baita International Airport,Hohhot,China,40.851398,111.823997
BAV,ZBOW,Baotou Airport,Baotou,China,40.560001373291016,109.99700164794922
SJW,ZBSJ,Shijiazhuang Daguocun International Airport,Shijiazhuang,China,38.28070068359375,114.6969985961914
TGO,ZBTL,Tongliao Airport,Tongliao,China,43.556702,122.199997
HLH,ZBUL,Ulanhot Airport,Ulanhot,China,46.195333,122.008333
XIL,ZBXH,Xilinhot Airport,Xilinhot,China,43.91559982299805,115.96399688720705
BHY,ZGBH,Beihai Airport,Beihai,China,21.5394,109.293999
CGD,ZGCD,Changde Airport,Changde,China,28.9188995361,111.63999939
DYG,ZGDY,Dayong Airport,Dayong,China,29.1028,110.443001
MXZ,ZGMX,Meixian Airport,Meixian,China,24.350000381469727,116.13300323486328
ZUH,ZGSD,Zhuhai Jinwan Airport,Zhuhai,China,22.006399,113.375999
LZH,ZGZH,Liuzhou Bailian Airport,Liuzhou,China,24.2075,109.390999
ZHA,ZGZJ,Zhanjiang Airport,Zhanjiang,China,21.214399,110.358002
ENH,ZHES,Enshi Airport,Enshi,China,30.3202991486,109.48500061
NNY,ZHNY,Nanyang Jiangying Airport,Nanyang,China,32.980801,112.614998
XFN,ZHXF,Xiangyang Liuji Airport,Xiangfan,China,32.1506,112.291
YIH,ZHYC,Yichang Sanxia Airport,Yichang,China,30.55655,111.479988
AKA,ZLAK,Ankang Wulipu Airport,Ankang,China,32.708099,108.931
GOQ,ZLGM,Golmud Airport,Golmud,China,36.4006,94.786102
HZG,ZLHZ,Hanzhong Chenggu Airport,Hanzhong,China,33.134136,107.206014
IQN,ZLQY,Qingyang Airport,Qingyang,China,35.799702,107.602997
XNN,ZLXN,Xining Caojiabu Airport,Xining,China,36.5275,102.042999
ENY,ZLYA,Yan'an Ershilipu Airport,Yan'an,China,36.636902,109.554001
UYN,ZLYL,Yulin Yuyang Airport,Yulin,China,38.35971,109.590927
AVK,ZMAH,Arvaikheer Airport,Arvaikheer,Mongolia,46.250301361083984,102.802001953125
LTI,ZMAT,Altai Airport,Altai,Mongolia,46.37639999389648,96.22109985351562
BYN,ZMBH,Bayankhongor Airport,Bayankhongor,Mongolia,46.16329956054688,100.7040023803711
DLZ,ZMDZ,Dalanzadgad Airport,Dalanzadgad,Mongolia,43.59170150756836,104.43000030517578
HVD,ZMKD,Khovd Airport,Khovd,Mongolia,47.9541015625,91.6281967163086
MXV,ZMMN,Mörön Airport,Muren,Mongolia,49.66329956054688,100.0989990234375
DIG,ZPDQ,Diqing Airport,Shangri-La,China,27.7936,99.6772
LUM,ZPLX,Mangshi Airport,Luxi,China,24.4011,98.5317
SYM,ZPSM,Pu'er Simao Airport,Simao,China,22.793301,100.959
ZAT,ZPZT,Zhaotong Airport,Zhaotong,China,27.32559967041016,103.75499725341795
KOW,ZSGZ,Ganzhou Airport,Ganzhou,China,25.853333,114.778889
JDZ,ZSJD,Jingdezhen Airport,Jingdezhen,China,29.3386001587,117.176002502
JIU,ZSJJ,Jiujiang Lushan Airport,Jiujiang,China,29.476944,115.801111
JUZ,ZSJU,Quzhou Airport,Quzhou,China,28.965799,118.899002
LYG,ZSLG,Lianyungang Airport,Lianyungang,China,34.571667,118.873611
HYN,ZSLQ,Huangyan Luqiao Airport,Huangyan,China,28.56220054626465,121.4290008544922
LYI,ZSLY,Shubuling Airport,Linyi,China,35.04610061645508,118.41200256347656
JJN,ZSQZ,Quanzhou Jinjiang International Airport,Quanzhou,China,24.7964,118.589996
TXN,ZSTX,Tunxi International Airport,Huangshan,China,29.733299255371094,118.25599670410156
WEF,ZSWF,Weifang Airport,Weifang,China,36.646702,119.119003
WEH,ZSWH,Weihai Airport,Weihai,China,37.18709945678711,122.22899627685548
WUX,ZSWX,Sunan Shuofang International Airport,Wuxi,China,31.4944000244,120.429000854
WUS,ZSWY,Nanping Wuyishan Airport,Wuyishan,China,27.7019,118.000999
WNZ,ZSWZ,Wenzhou Longwan International Airport,Wenzhou,China,27.912201,120.851997
YNZ,ZSYN,Yancheng Airport,Yancheng,China,33.425833,120.203056
YIW,ZSYW,Yiwu Airport,Yiwu,China,29.3446998596,120.031997681
HSN,ZSZS,Zhoushan Airport,Zhoushan,China,29.9342002869,122.361999512
BPX,ZUBD,Qamdo Bangda Airport,Bangda,China,30.553600311279297,97.1082992553711
DAX,ZUDX,Dachuan Airport,Dazhou,China,31.1302,107.4295
GYS,ZUGU,Guangyuan Airport,Guangyuan,China,32.3911018371582,105.7020034790039
LZO,ZULZ,Luzhou Airport,Luzhou,China,28.85219955444336,105.39299774169922
MIG,ZUMY,Mianyang Airport,Mianyang,China,31.4281005859375,104.74099731445312
NAO,ZUNC,Nanchong Airport,Nanchong,China,30.79545,106.1626
LZY,ZUNZ,Nyingchi Airport,Nyingchi,China,29.303300857543945,94.33529663085938
WXN,ZUWX,Wanxian Airport,Wanxian,China,30.8017,108.433
AKU,ZWAK,Aksu Airport,Aksu,China,41.262501,80.291702
IQM,ZWCM,Qiemo Yudu Airport,Qiemo,China,38.233611,85.465556
KCA,ZWKC,Kuqa Airport,Kuqa,China,41.677856,82.872917
KRL,ZWKL,Korla Airport,Korla,China,41.69779968261719,86.12889862060547
KRY,ZWKM,Karamay Airport,Karamay,China,45.46655,84.9527
YIN,ZWYN,Yining Airport,Yining,China,43.955799,81.330299
HEK,ZYHE,Heihe Airport,Heihe,China,50.1716209371,127.308883667
JMU,ZYJM,Jiamusi Airport,Jiamusi,China,46.84339904789999,130.464996338
JNZ,ZYJZ,Jinzhou Airport,Jinzhou,China,41.10139846801758,121.06199645996094
NDG,ZYQQ,Qiqihar Sanjiazi Airport,Qiqihar,China,47.23960113525391,123.91799926757812
YNJ,ZYYJ,Yanji Chaoyangchuan Airport,Yanji,China,42.8828010559,129.451004028
WKL,HI07,Waikoloa Heliport,Waikoloa Village,United States,19.9205,-155.8607
WME,YMNE,Mount Keith Airport,Mount Keith,Australia,-27.286399841308597,120.55500030517578
LRV,SVRS,Los Roques Airport,Los Roques,Venezuela,11.9499998093,-66.66999816890001
IOR,EIIM,Inishmore Aerodrome,Inis Mor,Ireland,53.1067008972168,-9.653610229492188
NNR,EICA,Connemara Regional Airport,Indreabhan,Ireland,53.23030090332031,-9.467780113220217
GTI,EDCG,Rügen Airport,Ruegen,Germany,54.3833312988,13.3255558014
EZV,USHB,Berezovo Airport,Berezovo,Russia,63.92100143432617,65.03050231933594
ORH,KORH,Worcester Regional Airport,Worcester,United States,42.26729965209961,-71.87570190429688
AQG,ZSAQ,Anqing Tianzhushan Airport,Anqing,China,30.582199,117.050003
SHP,ZBSH,Shanhaiguan Airport,Qinhuangdao,China,39.968102,119.731003
YCU,ZBYC,Yuncheng Guangong Airport,Yuncheng,China,35.116391,111.031388889
JGN,ZLJQ,Jiayuguan Airport,Jiayuguan,China,39.856899,98.3414
DDG,ZYDD,Dandong Airport,Dandong,China,40.0247,124.286003
DSN,ZBDS,Ordos Ejin Horo Airport,Dongsheng,China,39.49,109.861388889
PZI,ZUZH,Bao'anying Airport,Panzhihua,China,26.54,101.79852
PWT,KPWT,Bremerton National Airport,Bremerton,United States,47.490200042725,-122.76499938965
SPW,KSPW,Spencer Municipal Airport,Spencer,United States,43.165500640869,-95.202796936035
JEF,KJEF,Jefferson City Memorial Airport,Jefferson City,United States,38.5912017822,-92.1560974121
UNT,EGPW,Unst Airport,Unst,United Kingdom,60.74720001220703,-0.8538500070571899
PVC,KPVC,Provincetown Municipal Airport,Provincetown,United States,42.0718994141,-70.2213973999
SBH,TFFJ,Gustaf III Airport,Gustavia,France,17.904399871826172,-62.84360122680664
KMW,UUBA,Kostroma Sokerkino Airport,Kostroma,Russia,57.7969017029,41.0194015503
SUI,UGSS,Sukhumi Dranda Airport,Sukhumi,Georgia,42.8582000732,41.1281013489
TBW,UUOT,Donskoye Airport,Tambow,Russia,52.806098937988,41.482799530029
OBN,EGEO,Oban Airport,North Connel,United Kingdom,56.4635009765625,-5.399670124053955
ERM,SSER,Erechim Airport,Erechim,Brazil,-27.66189956665039,-52.2682991027832
CVF,LFLJ,Courchevel Airport,Courcheval,France,45.39670181274414,6.6347198486328125
FUL,KFUL,Fullerton Municipal Airport,Fullerton,United States,33.8720016479,-117.980003357
USA,KJQF,Concord-Padgett Regional Airport,Concord,United States,35.387798,-80.709099
NVI,UTSA,Navoi Airport,Navoi,Uzbekistan,40.1171989440918,65.1707992553711
QSF,DAAS,Ain Arnat Airport,Setif,Algeria,36.178100585900005,5.32449007034
LRH,LFBH,La Rochelle-Île de Ré Airport,La Rochelle,France,46.17919921875,-1.1952799558639526
SUN,KSUN,Friedman Memorial Airport,Hailey,United States,43.50439835,-114.2959976
MCW,KMCW,Mason City Municipal Airport,Mason City,United States,43.157798767100005,-93.3312988281
AZA,KIWA,Phoenix-Mesa-Gateway Airport,Mesa,United States,33.30780029,-111.6549988
XAU,SOOS,Saúl Airport,Saul,French Guiana,3.61361,-53.204201
AKP,PAKP,Anaktuvuk Pass Airport,Anaktuvuk Pass,United States,68.13359833,-151.7429962
ANV,PANV,Anvik Airport,Anvik,United States,62.646702,-160.190994
ATK,PATQ,Atqasuk Edward Burnell Sr Memorial Airport,Atqasuk,United States,70.46730041503906,-157.43600463867188
GAM,PAGM,Gambell Airport,Gambell,United States,63.76679992675781,-171.73300170898438
HPB,PAHP,Hooper Bay Airport,Hooper Bay,United States,61.52389908,-166.1470032
KAL,PAKV,Kaltag Airport,Kaltag,United States,64.31909943,-158.7409973
KSM,PASM,St Mary's Airport,St Mary's,United States,62.0605011,-163.302002
KVL,PAVL,Kivalina Airport,Kivalina,United States,67.73619842529297,-164.56300354003906
MYU,PAMY,Mekoryuk Airport,Mekoryuk,United States,60.37139892578125,-166.27099609375
RBY,PARY,Ruby Airport,Ruby,United States,64.72720337,-155.4700012
SHH,PASH,Shishmaref Airport,Shishmaref,United States,66.249604,-166.089112
SVA,PASA,Savoonga Airport,Savoonga,United States,63.6864013671875,-170.4929962158203
WTK,PAWN,Noatak Airport,Noatak,United States,67.56610107421875,-162.97500610351562
OMC,RPVO,Ormoc Airport,Ormoc City,Philippines,11.05799961090088,124.56500244140624
YPX,CYPX,Puvirnituq Airport,Puvirnituq,Canada,60.05059814453125,-77.28690338134766
YTQ,CYTQ,Tasiujaq Airport,Tasiujaq,Canada,58.66780090332031,-69.95580291748047
ARC,PARC,Arctic Village Airport,Arctic Village,United States,68.1147,-145.578995
QOW,DNIM,Sam Mbakwe International Airport,Imo,Nigeria,5.427060127258301,7.206029891967773
FON,MRAN,Arenal Airport,La Fortuna/San Carlos,Costa Rica,10.478,-84.634499
TMU,MRTR,Tambor Airport,Nicoya,Costa Rica,9.73852,-85.013802
CYZ,RPUY,Cauayan Airport,Cauayan,Philippines,16.9298992157,121.752998352
KVK,ULMK,Kirovsk-Apatity Airport,Apatity,Russia,67.46330261230469,33.58829879760742
GVR,SBGV,Coronel Altino Machado de Oliveira Airport,Governador Valadares,Brazil,-18.89520072937,-41.982200622559
KPC,PAPC,Port Clarence Coast Guard Station,Port Clarence,United States,65.2537002563,-166.85899353
PJA,ESUP,Pajala Airport,Pajala,Sweden,67.24559783935547,23.06889915466309
QBC,CYBD,Bella Coola Airport,Bella Coola,Canada,52.387501,-126.596001
HGR,KHGR,Hagerstown Regional Richard A Henson Field,Hagerstown,United States,39.707901,-77.72949982
ACR,SKAC,Araracuara Airport,Araracuara,Colombia,-0.5833,-72.4083
GOP,VEGK,Gorakhpur Airport,Gorakhpur,India,26.7397003174,83.4496994019
SDP,PASD,Sand Point Airport,Sand Point,United States,55.31499862670898,-160.5229949951172
HMI,ZWHM,Hami Airport,Hami,China,42.8414,93.669197
WUZ,ZGWZ,Wuzhou Changzhoudao Airport,Wuzhou,China,23.456699,111.248001
TBH,RPVU,Tugdan Airport,Romblon,Philippines,12.3109998703,122.084999084
ACP,OITM,Sahand Airport,Maragheh,Iran,37.34799957275391,46.12789916992188
GBT,OING,Gorgan Airport,Gorgan,Iran,36.9094009399,54.4012985229
IIL,OICI,Ilam Airport,Ilam,Iran,33.58660125732422,46.40480041503906
PFQ,OITP,Parsabade Moghan Airport,Parsabad,Iran,39.60359954834,47.881500244141
TCG,ZWTC,Tacheng Airport,Tacheng,China,46.67250061035156,83.3407974243164
MQM,LTCR,Mardin Airport,Mardin,Turkey,37.2233009338,40.6316986084
AFS,UTSN,Sugraly Airport,Zarafshan,Uzbekistan,41.61389923095703,64.23320007324219
DRG,PADE,Deering Airport,Deering,United States,66.0696029663,-162.76600647
LEN,LELN,Leon Airport,Leon,Spain,42.5890007019043,-5.65556001663208
RGS,LEBG,Burgos Airport,Burgos,Spain,42.357601,-3.62076
EGM,AGGS,Sege Airport,Sege,Solomon Islands,-8.578889846801758,157.87600708007812
CQD,OIFS,Shahrekord Airport,Shahre Kord,Iran,32.2971992493,50.8422012329
DHM,VIGG,Kangra Airport,Kangra,India,32.16510009765625,76.26339721679688
NDC,VAND,Nanded Airport,Nanded,India,19.1833000183,77.31670379639999
SLV,VISM,Shimla Airport,Shimla,India,31.0818,77.068001
IGG,PAIG,Igiugig Airport,Igiugig,United States,59.32400131225586,-155.90199279785156
KNW,PANW,New Stuyahok Airport,New Stuyahok,United States,59.4499015808,-157.32800293
KVC,PAVC,King Cove Airport,King Cove,United States,55.11629867553711,-162.26600646972656
PTH,PAPH,Port Heiden Airport,Port Heiden,United States,56.95909881591797,-158.63299560546875
TOG,PATG,Togiak Airport,Togiak Village,United States,59.05279922485352,-160.39700317382812
EGN,HSGN,Geneina Airport,Geneina,Sudan,13.48169994354248,22.467199325561523
LKH,WBGL,Long Akah Airport,Long Akah,Malaysia,3.299999952316284,114.78299713134766
WLH,NVSW,Walaha Airport,Walaha,Vanuatu,-15.4119997025,167.690994263
CHG,ZYCY,Chaoyang Airport,Chaoyang,China,41.538101,120.434998
UAS,HKSB,Buffalo Spring,Samburu South,Kenya,0.530583,37.534195
BHG,MHBL,Brus Laguna Airport,Brus Laguna,Honduras,15.7631,-84.543602
YVB,CYVB,Bonaventure Airport,Bonaventure,Canada,48.07109832763672,-65.46029663085938
SKT,OPST,Sialkot Airport,Sialkot,Pakistan,32.5355567932,74.3638916016
PDP,SULS,Capitan Corbeta CA Curbelo International Airport,Punta del Este,Uruguay,-34.855098724365234,-55.09429931640625
WVB,FYWB,Walvis Bay Airport,Walvis Bay,Namibia,-22.9799,14.6453
MPA,FYKM,Katima Mulilo Airport,Mpacha,Namibia,-17.634399,24.176701
AOE,LTBY,Anadolu Airport,Eskissehir,Turkey,39.809898,30.5194
CKZ,LTBH,Çanakkale Airport,Canakkale,Turkey,40.1376991272,26.4267997742
MSR,LTCK,Muş Airport,Mus,Turkey,38.74779891967773,41.66120147705078
NOP,LTCM,Sinop Airport,Sinop,Turkey,42.015800476074,35.066398620605
TEQ,LTBU,Tekirdağ Çorlu Airport,Çorlu,Turkey,41.13819885253906,27.919099807739254
YEI,LTBR,Bursa Yenişehir Airport,Yenisehir,Turkey,40.2551994324,29.5625991821
LSS,TFFS,Terre-de-Haut Airport,Les Saintes,Guadeloupe,15.86439991,-61.5806007385
KMV,VYKL,Kalay Airport,Kalemyo,Myanmar,23.188800811767575,94.05110168457033
VQS,TJCG,Vieques Airport,Vieques Island,Puerto Rico,18.1158008575,-65.4226989746
YIF,CYIF,St Augustin Airport,St-Augustin,Canada,51.2117004395,-58.6582984924
HDM,OIHH,Hamadan Airport,Hamadan,Iran,34.86920166015625,48.5525016784668
MRQ,RPUW,Marinduque Airport,Gasan,Philippines,13.361000061035156,121.82599639892578
GFN,YGFN,Grafton Airport,Grafton,Australia,-29.7593994140625,153.02999877929688
OAG,YORG,Orange Airport,Orange,Australia,-33.3816986084,149.132995605
TRO,YTRE,Taree Airport,Taree,Australia,-31.8885993958,152.514007568
COQ,ZMCD,Choibalsan Airport,Choibalsan,Mongolia,48.13570022583008,114.64600372314452
HOH,LOIH,Hohenems-Dornbirn Airport,Hohenems,Austria,47.3849983215,9.69999980927
ESC,KESC,Delta County Airport,Escanaba,United States,45.7226982117,-87.0936965942
YAK,PAYA,Yakutat Airport,Yakutat,United States,59.5032997131,-139.660003662
GUL,YGLB,Goulburn Airport,Goulburn,Australia,-34.810298919677734,149.7259979248047
CES,YCNK,Cessnock Airport,Cessnock,Australia,-32.787498,151.341995
NSO,YSCO,Scone Airport,Scone,Australia,-32.037200927734375,150.83200073242188
DGE,YMDG,Mudgee Airport,Mudgee,Australia,-32.5625,149.610992432
MTL,YMND,Maitland Airport,Maitland,Australia,-32.701265,151.492912
CPX,TJCP,Benjamin Rivera Noriega Airport,Culebra Island,Puerto Rico,18.313289,-65.304324
MWA,KMWA,Williamson County Regional Airport,Marion,United States,37.75500107,-89.01110077
OCN,KOKB,Oceanside Municipal Airport,Fraser Island,Australia,33.217300415039,-117.35399627686
KIK,ORKK,Kirkuk Air Base,Kirkuk,Iraq,35.46950149536133,44.348899841308594
XJD,OTBH,Al Udeid Air Base,Doha,Qatar,25.1173000336,51.3149986267
GBZ,NZGB,Great Barrier Aerodrome,Claris,New Zealand,-36.24140167236328,175.4720001220703
IMT,KIMT,Ford Airport,Iron Mountain,United States,45.8184013367,-88.1145019531
AET,PFAL,Allakaket Airport,Allakaket,United States,66.5518035889,-152.621994019
MGC,KMGC,Michigan City Municipal Airport,Michigan City,United States,41.7033004761,-86.8211975098
SWD,PAWD,Seward Airport,Seward,United States,60.12689971923828,-149.41900634765625
GRM,KCKC,Grand Marais Cook County Airport,Grand Marais,United States,47.8382987976,-90.3828964233
AUW,KAUW,Wausau Downtown Airport,Wausau,United States,44.9262008667,-89.6266021729
MYP,UTAM,Mary Airport,Mary,Turkmenistan,37.6194,61.896702
MVA,BIRL,Reykjahlíð Airport,Myvatn,Iceland,65.65579986572266,-16.918100357055664
QSA,LELL,Sabadell Airport,Sabadell,Spain,41.52090072631836,2.1050798892974854
WSY,YWHI,Whitsunday Island Airport,Airlie Beach,Australia,-20.27611,148.755
MIE,KMIE,Delaware County Johnson Field,Muncie,United States,40.2422981262207,-85.3958969116211
LAF,KLAF,Purdue University Airport,Lafayette,United States,40.41230010986328,-86.93689727783203
VGT,KVGT,North Las Vegas Airport,Las Vegas,United States,36.21070098877,-115.19400024414
ENW,KENW,Kenosha Regional Airport,Kenosha,United States,42.59569931,-87.92780304
MTJ,KMTJ,Montrose Regional Airport,Montrose CO,United States,38.5097999573,-107.893997192
RIW,KRIW,Riverton Regional Airport,Riverton WY,United States,43.064201355,-108.459999084
PDT,KPDT,Eastern Oregon Regional At Pendleton Airport,Pendleton,United States,45.695098877,-118.841003418
LYM,EGMK,Lympne Airport,Lympne,United Kingdom,51.08,1.013
PKH,LGHL,Porto Cheli Airport,Porto Heli,Greece,37.297501,23.1478
KTR,YPTN,Tindal Airport,Katherine,Australia,-14.521100044250488,132.3780059814453
NOA,YSNW,Nowra Airport,Nowra,Australia,-34.94889831542969,150.53700256347656
UCK,UKLC,Lutsk Airport,Lutsk,Ukraine,50.678404,25.487165
CEJ,UKRR,Chernihiv Shestovitsa Airport,Chernigov,Ukraine,51.4021987915,31.1583003998
BQT,UMBB,Brest Airport,Brest,Belarus,52.108299,23.8981
OSH,KOSH,Wittman Regional Airport,Oshkosh,United States,43.98440170288086,-88.55699920654297
AGE,EDWG,Wangerooge Airport,Wangerooge,Germany,53.78277969360352,7.913888931274414
BXG,YBDG,Bendigo Airport,Bendigo,Australia,-36.7393989563,144.330001831
EAT,KEAT,Pangborn Memorial Airport,Wenatchee,United States,47.3988990784,-120.207000732
ARE,TJAB,Antonio Nery Juarbe Pol Airport,Arecibo,Puerto Rico,18.4500007629,-66.6753005981
RIN,AGRC,Ringi Cove Airport,Ringi Cove,Solomon Islands,-8.12639045715332,157.14300537109375
KCK,UIKK,Kirensk Airport,Kirensk,Russia,57.773,108.064
UKX,UITT,Ust-Kut Airport,Ust-Kut,Russia,56.8567008972168,105.7300033569336
RMT,NTAM,Rimatara Airport,Rimatara,French Polynesia,-22.63725,-152.8059
QLS,LSGL,Lausanne-Blécherette Airport,Lausanne,Switzerland,46.54529953,6.61667013168
ZJI,LSZL,Locarno Airport,Locarno,Switzerland,46.1608009338,8.87860965729
QNC,LSGN,Neuchatel Airport,Neuchatel,Switzerland,46.9575004578,6.86471986771
TGK,URRT,Taganrog Yuzhny Airport,Taganrog,Russia,47.1983333,38.8491667
GDZ,URKG,Gelendzhik Airport,Gelendzhik,Russia,44.5820926295,38.0124807358
ZIA,UUBW,Zhukovsky International Airport,Ramenskoe,Russia,55.553299,38.150002
IAR,UUDL,Tunoshna Airport,Yaroslavl,Russia,57.56069946289063,40.15739822387695
OHE,ZYMH,Gu-Lian Airport,Mohe County,China,52.9127777778,122.43
JNG,ZLJN,Jining Qufu Airport,Jining,China,35.292778,116.346667
DRK,MRDK,Drake Bay Airport,Puntarenas,Costa Rica,8.71889019012,-83.6417007446
AAT,ZWAT,Altay Air Base,Altay,China,47.7498855591,88.08580780030002
TZL,LQTZ,Tuzla International Airport,Null,Bosnia and Herzegovina,44.45869827270508,18.72480010986328
FWH,KNFW,NAS Fort Worth JRB/Carswell Field,Dallas,United States,32.76919937,-97.4414978
NYT,VYEL,Naypyidaw Airport,Naypyidaw,Burma,19.623501,96.200996
VBP,VYBP,Bokpyinn Airport,Bokepyin,Burma,11.1494,98.735901
NZH,ZBMZ,Manzhouli Xijiao Airport,Manzhouli,China,49.566667,117.33
WUA,ZBUH,Wuhai Airport,Wuhai,China,39.7934,106.7993
GYY,KGYY,Gary Chicago International Airport,Gary,United States,41.61629867553711,-87.41280364990234
BRD,KBRD,Brainerd Lakes Regional Airport,Brainerd,United States,46.39830017,-94.13809967
LWB,KLWB,Greenbrier Valley Airport,Lewisburg,United States,37.8582992554,-80.3994979858
PGV,KPGV,Pitt Greenville Airport,Greenville,United States,35.6352005,-77.38529968
CYF,PACK,Chefornak Airport,Chefornak,United States,60.1492004395,-164.285995483
OXR,KOXR,Oxnard Airport,Oxnard,United States,34.200801849365,-119.20700073242
BKG,KBBG,Branson Airport,Branson,United States,36.532082,-93.200544
TEN,ZUTR,Tongren Fenghuang Airport,Tongren,China,27.883333,109.308889
JGS,ZSJA,Jinggangshan Airport,Jian,China,26.8568992615,114.736999512
NIU,NTKN,Naiu Airport,Niau,French Polynesia,-16.1191,-146.3683
SCH,KSCH,Schenectady County Airport,Scotia NY,United States,42.852500915527,-73.928901672363
NBC,UWKE,Begishevo Airport,Nizhnekamsk,Russia,55.564701080322266,52.09249877929688
QRW,DNSU,Warri Airport,Osubi,Nigeria,5.59611,5.81778
IAO,RPNS,Siargao Airport,Siargao,Philippines,9.8591,126.014
LGO,EDWL,Langeoog Airport,Langeoog,Germany,53.74250030517578,7.497777938842773
NLP,FANS,Nelspruit Airport,Nelspruit,South Africa,-25.5,30.9137992859
CKC,UKKE,Cherkasy International Airport,Cherkassy,Ukraine,49.41559982299805,31.99530029296875
UST,KSGJ,Northeast Florida Regional Airport,St. Augustine Airport,United States,29.9592,-81.339798
NLV,UKON,Mykolaiv International Airport,Nikolayev,Ukraine,47.057899475097656,31.9197998046875
RHP,VNRC,Ramechhap Airport,Ramechhap,Nepal,27.393999099731445,86.0614013671875
STS,KSTS,Charles M. Schulz Sonoma County Airport,Santa Rosa,United States,38.50899887,-122.8130035
ISM,KISM,Kissimmee Gateway Airport,Kissimmee,United States,28.2898006439,-81.4371032715
LCQ,KLCQ,Lake City Gateway Airport,Lake City,United States,30.1819992065,-82.57689666750001
LGU,KLGU,Logan-Cache Airport,Logan,United States,41.7911987305,-111.851997375
BMC,KBMC,Brigham City Regional Airport,Brigham City,United States,41.552399,-112.061996
ASE,KASE,Aspen-Pitkin Co/Sardy Field,Aspen,United States,39.22320175,-106.8690033
ULV,UWLL,Ulyanovsk Baratayevka Airport,Ulyanovsk,Russia,54.26829910279999,48.226699829100006
ERV,KERV,Kerrville Municipal Louis Schreiner Field,Kerrville,United States,29.9766998291,-99.0857009888
GED,KGED,Sussex County Airport,Georgetown,United States,38.68920135,-75.35890198
ZSW,CZSW,Prince Rupert/Seal Cove Seaplane Base,Prince Rupert,Canada,54.33330154418945,-130.2830047607422
GBD,KGBD,Great Bend Municipal Airport,Great Bend,United States,38.3442993164,-98.8591995239
HYS,KHYS,Hays Regional Airport,Hays,United States,38.84220123,-99.27320099
SUS,KSUS,Spirit of St Louis Airport,Null,United States,38.662101745605,-90.652000427246
LYU,KELO,Ely Municipal Airport,Ely,United States,47.82450104,-91.83070374
GPZ,KGPZ,Grand Rapids Itasca Co-Gordon Newstrom field,Grand Rapids MN,United States,47.21110153,-93.50980377
TVF,KTVF,Thief River Falls Regional Airport,Thief River Falls,United States,48.06570053,-96.18499756
EGV,KEGV,Eagle River Union Airport,Eagle River,United States,45.9323005676,-89.26830291750001
ARV,KARV,Lakeland-Noble F. Lee Memorial field,Minocqua - Woodruff,United States,45.92789841,-89.73090363
YBV,CYBV,Berens River Airport,Berens River,Canada,52.358898,-97.018303
AVX,KAVX,Catalina Airport,Catalina Island,United States,33.4049,-118.416
MHV,KMHV,Mojave Airport,Mojave,United States,35.05939865,-118.1520004
ZIN,LSMI,Interlaken Air Base,Interlaken,Switzerland,46.6766014,7.8790798
INQ,EIIR,Inisheer Aerodrome,Inisheer,Ireland,53.064701080322266,-9.510899543762209
SWT,UNSS,Strezhevoy Airport,Strezhevoy,Russia,60.709400177,77.66000366210001
HUT,KHUT,Hutchinson Municipal Airport,Hutchinson,United States,38.0654983521,-97.86060333250002
OAI,OAIX,Bagram Air Base,Kabul,Afghanistan,34.9460983276,69.26499938959999
AKH,OEPS,Prince Sultan Air Base,Al Kharj,Saudi Arabia,24.062700271606445,47.58050155639648
STJ,KSTJ,Rosecrans Memorial Airport,Rosecrans,United States,39.771900177002,-94.909698486328
VOK,KVOK,Volk Field,Camp Douglas,United States,43.938999176025,-90.253402709961
GUC,KGUC,Gunnison Crested Butte Regional Airport,Gunnison,United States,38.53390121,-106.9329987
SIA,ZLSN,Xi'an Xiguan Airport,Xi\'AN,China,34.376701,109.120003
TOA,KTOA,Zamperini Field,Torrance,United States,33.803398132324,-118.33999633789
MBL,KMBL,Manistee Co Blacker Airport,Manistee,United States,44.2723999,-86.24690247
PGD,KPGD,Charlotte County Airport,Punta Gorda,United States,26.92020035,-81.9905014
WFK,KFVE,Northern Aroostook Regional Airport,Frenchville,United States,47.2854995728,-68.31279754639999
JHW,KJHW,Chautauqua County-Jamestown Airport,Jamestown,United States,42.15340042,-79.25800323
YTM,CYFJ,La Macaza / Mont-Tremblant International Inc Airport,Mont-Tremblant,Canada,46.4094009399,-74.7799987793
SME,KSME,Lake Cumberland Regional Airport,Somerset,United States,37.0533981323,-84.6158981323
SHD,KSHD,Shenandoah Valley Regional Airport,Weyers Cave,United States,38.2638015747,-78.8964004517
DVL,KDVL,Devils Lake Regional Airport,Devils Lake,United States,48.11420059,-98.90879822
DIK,KDIK,Dickinson Theodore Roosevelt Regional Airport,Dickinson,United States,46.7974014282,-102.802001953
SDY,KSDY,Sidney - Richland Regional Airport,Sidney,United States,47.706902,-104.193001
CDR,KCDR,Chadron Municipal Airport,Chadron,United States,42.837600708,-103.095001221
AIA,KAIA,Alliance Municipal Airport,Alliance,United States,42.0531997681,-102.804000854
MCK,KMCK,Mc Cook Ben Nelson Regional Airport,McCook,United States,40.20629883,-100.5920029
MTH,KMTH,The Florida Keys Marathon Airport,Marathon,United States,24.726101,-81.051399
GDV,KGDV,Dawson Community Airport,Glendive,United States,47.13869858,-104.8069992
OLF,KOLF,L M Clayton Airport,Wolf Point,United States,48.0945014954,-105.574996948
WYS,KWYS,Yellowstone Airport,West Yellowstone,United States,44.68840027,-111.1179962
ALS,KALS,San Luis Valley Regional Bergman Field,Alamosa,United States,37.434898,-105.866997
CNY,KCNY,Canyonlands Field,Moab,United States,38.75500107,-109.7549973
ELY,KELY,Ely Airport Yelland Field,Ely,United States,39.29970169,-114.8420029
VEL,KVEL,Vernal Regional Airport,Vernal,United States,40.4408989,-109.5100021
RUI,KSRR,Sierra Blanca Regional Airport,Ruidoso,United States,33.462799072266,-105.53500366211
SOW,KSOW,Show Low Regional Airport,Show Low,United States,34.265499115,-110.005996704
MYL,KMYL,McCall Municipal Airport,McCall,United States,44.88970184,-116.1009979
SMN,KSMN,Lemhi County Airport,Salmon,United States,45.1237983704,-113.880996704
MMH,KMMH,Mammoth Yosemite Airport,Mammoth Lakes,United States,37.62409973,-118.8379974
FRD,KFHR,Friday Harbor Airport,Friday Harbor,United States,48.5219993591,-123.024002075
ESD,KORS,Orcas Island Airport,Eastsound,United States,48.7081985474,-122.910003662
AST,KAST,Astoria Regional Airport,Astoria,United States,46.158000946,-123.878997803
ONP,KONP,Newport Municipal Airport,Newport,United States,44.580399,-124.057999
EMK,PAEM,Emmonak Airport,Emmonak,United States,62.78609848,-164.4909973
UNK,PAUN,Unalakleet Airport,Unalakleet,United States,63.88840103,-160.798996
UUK,PAKU,Ugnu-Kuparuk Airport,Kuparuk,United States,70.33080291750001,-149.598007202
SHX,PAHX,Shageluk Airport,Shageluk,United States,62.6922988892,-159.569000244
CHU,PACH,Chuathbaluk Airport,Chuathbaluk,United States,61.579102,-159.216003
NUI,PAQT,Nuiqsut Airport,Nuiqsut,United States,70.2099990845,-151.005996704
EEK,PAEE,Eek Airport,Eek,United States,60.21367264,-162.0438843
KUK,PFKA,Kasigluk Airport,Kasigluk,United States,60.87440109,-162.5240021
KWT,PFKW,Kwethluk Airport,Kwethluk,United States,60.7902984619,-161.444000244
KWK,PAGG,Kwigillingok Airport,Kwigillingok,United States,59.876499,-163.169005
MLL,PADM,Marshall Don Hunter Sr Airport,Marshall,United States,61.8642997742,-162.026000977
RSH,PARS,Russian Mission Airport,Russian Mission,United States,61.7788848877,-161.319458008
KGK,PAJZ,Koliganek Airport,Koliganek,United States,59.726600647,-157.259002686
KMO,PAMB,Manokotak Airport,Manokotak,United States,58.9902000427,-159.050003052
CIK,PACI,Chalkyitsik Airport,Chalkyitsik,United States,66.6449966431,-143.740005493
EAA,PAEG,Eagle Airport,Eagle,United States,64.77639771,-141.151001
HUS,PAHU,Hughes Airport,Hughes,United States,66.04109955,-154.2630005
HSL,PAHL,Huslia Airport,Huslia,United States,65.69789886,-156.3509979
NUL,PANU,Nulato Airport,Nulato,United States,64.729301,-158.074005
VEE,PAVE,Venetie Airport,Venetie,United States,67.0086975098,-146.365997314
WBQ,PAWB,Beaver Airport,Beaver,United States,66.362197876,-147.406997681
CEM,PACE,Central Airport,Central,United States,65.57379913,-144.7830048
SHG,PAGH,Shungnak Airport,Shungnak,United States,66.88809967041,-157.16200256348
IYK,KIYK,Inyokern Airport,Inyokern,United States,35.65879822,-117.8300018
VIS,KVIS,Visalia Municipal Airport,Visalia,United States,36.3186988831,-119.392997742
MCE,KMCE,Merced Regional Macready Field,Merced,United States,37.28469849,-120.5139999
CYR,SUCA,Laguna de Los Patos International Airport,Colonia,Uruguay,-34.456401824951,-57.770599365234
CPQ,SDAM,Amarais Airport,Campinas,Brazil,-22.85919952392578,-47.10820007324219
GYR,KGYR,Phoenix Goodyear Airport,Goodyear,United States,33.4225006104,-112.375999451
TWB,YTWB,Toowoomba Airport,Toowoomba,Australia,-27.542801,151.916
BBL,YLLE,Ballera Airport,Ballera,Australia,-27.405633,141.809458
AYK,UAUR,Arkalyk North Airport,Arkalyk,Kazakhstan,50.31859970092773,66.95279693603516
AGN,PAGN,Angoon Seaplane Base,Angoon,United States,57.503601,-134.585007
ELV,PAEL,Elfin Cove Seaplane Base,Elfin Cove,United States,58.1952018738,-136.347000122
FNR,PANR,Funter Bay Seaplane Base,Funter Bay,United States,58.2543983459,-134.897994995
HNH,PAOH,Hoonah Airport,Hoonah,United States,58.0961,-135.410111
MTM,PAMM,Metlakatla Seaplane Base,Metakatla,United States,55.131001,-131.578003
HYG,PAHY,Hydaburg Seaplane Base,Hydaburg,United States,55.206298828125,-132.8280029296875
EGX,PAII,Egegik Airport,Egegik,United States,58.1855010986,-157.375
KPV,PAPE,Perryville Airport,Perryville,United States,55.905998,-159.162993
PIP,PAPN,Pilot Point Airport,Pilot Point,United States,57.5803985596,-157.572006226
WSN,PFWS,South Naknek Nr 2 Airport,South Naknek,United States,58.7033996582,-157.007995605
AKK,PAKH,Akhiok Airport,Akhiok,United States,56.9387016296,-154.182998657
KYK,PAKY,Karluk Airport,Karluk,United States,57.5671005249,-154.449996948
KLN,PALB,Larsen Bay Airport,Larsen Bay,United States,57.5350990295,-153.977996826
ABL,PAFM,Ambler Airport,Ambler,United States,67.1063,-157.856989
BKC,PABL,Buckland Airport,Buckland,United States,65.9815979004,-161.149002075
IAN,PAIK,Bob Baker Memorial Airport,Kiana,United States,66.9759979248,-160.43699646
OBU,PAOB,Kobuk Airport,Kobuk,United States,66.9123001099,-156.897003174
ORV,PFNO,Robert (Bob) Curtis Memorial Airport,Noorvik,United States,66.81790161,-161.0189972
WLK,PASK,Selawik Airport,Selawik,United States,66.60009766,-159.9859924
KTS,PFKT,Brevig Mission Airport,Brevig Mission,United States,65.3312988281,-166.466003418
ELI,PFEL,Elim Airport,Elim,United States,64.61470032,-162.2720032
GLV,PAGL,Golovin Airport,Golovin,United States,64.5504989624,-163.007003784
TLA,PATE,Teller Airport,Teller,United States,65.2404022217,-166.339004517
WAA,PAIW,Wales Airport,Wales,United States,65.622593,-168.095
WMO,PAWM,White Mountain Airport,White Mountain,United States,64.689201355,-163.412994385
KKA,PAKK,Koyuk Alfred Adams Airport,Koyuk,United States,64.9394989014,-161.154006958
SMK,PAMK,St Michael Airport,St. Michael,United States,63.49010086,-162.1100006
SKK,PFSH,Shaktoolik Airport,Shaktoolik,United States,64.37110138,-161.223999
TNC,PATC,Tin City Long Range Radar Station Airport,Tin City,United States,65.56310272,-167.9219971
AKB,PAAK,Atka Airport,Atka,United States,52.22029877,-174.2059937
IKO,PAKO,Nikolski Air Station,Nikolski,United States,52.94160079956055,-168.8489990234375
CYT,PACY,Yakataga Airport,Yakataga,United States,60.080974,-142.494541
AUK,PAUK,Alakanuk Airport,Alakanuk,United States,62.6800422668,-164.659927368
KPN,PAKI,Kipnuk Airport,Kipnuk,United States,59.9329986572,-164.031005859
KFP,PAKF,False Pass Airport,False Pass,United States,54.8474006652832,-163.41000366210938
NLG,PAOU,Nelson Lagoon Airport,Nelson Lagoon,United States,56.007499694824,-161.16000366211
PML,PAAL,Port Moller Airport,Cold Bay,United States,56.0060005188,-160.561004639
KLW,PAKW,Klawock Airport,Klawock,United States,55.5792007446,-133.076004028
KWN,PAQH,Quinhagak Airport,Quinhagak,United States,59.7551,-161.845
KOT,PFKO,Kotlik Airport,Kotlik,United States,63.0306015015,-163.533004761
KYU,PFKU,Koyukuk Airport,Koyukuk,United States,64.8760986328,-157.727005005
SCM,PACM,Scammon Bay Airport,Scammon Bay,United States,61.845298767100005,-165.570999146
NNL,PANO,Nondalton Airport,Nondalton,United States,59.980201721191,-154.8390045166
KKH,PADY,Kongiganak Airport,Kongiganak,United States,59.9608001709,-162.880996704
NIB,PAFS,Nikolai Airport,Nikolai,United States,63.0186,-154.358002
AKI,PFAK,Akiak Airport,Akiak,United States,60.9029006958,-161.231002808
AIN,PAWI,Wainwright Airport,Wainwright,United States,70.6380004883,-159.994995117
APZ,SAHZ,Zapala Airport,ZAPALA,Argentina,-38.975498,-70.113602
RDS,SAHS,Rincon De Los Sauces Airport,Rincon de los Sauces,Argentina,-37.3905982971,-68.9041976929
PNT,SCNT,Tte. Julio Gallardo Airport,Puerto Natales,Chile,-51.67150115966797,-72.52839660644531
SGV,SAVS,Sierra Grande Airport,Sierra Grande,Argentina,-41.5917015076,-65.33940124509999
IGB,SAVJ,Cabo F.A.A. H. R. Bordón Airport,Ingeniero Jacobacci,Argentina,-41.3208999634,-69.5748977661
NCN,PFCB,Chenega Bay Airport,Chenega,United States,60.0773010254,-147.992004395
TKJ,PFTO,Tok Junction Airport,Tok,United States,63.32949829,-142.9539948
IRC,PACR,Circle City /New/ Airport,Circle,United States,65.830498,-144.076008
SLQ,PASL,Sleetmute Airport,Sleetmute,United States,61.7005004883,-157.166000366
LMA,PAMH,Minchumina Airport,Lake Minchumina,United States,63.886002,-152.302002
MLY,PAML,Manley Hot Springs Airport,Manley Hot Springs,United States,64.99759674069999,-150.643997192
YNP,CNH2,Natuashish Airport,Natuashish,Canada,55.913898,-61.184399
YSO,CCD4,Postville Airport,Postville,Canada,54.9105,-59.78507
YWB,CYKG,Kangiqsujuaq (Wakeham Bay) Airport,Kangiqsujuaq,Canada,61.5886001587,-71.929397583
YTF,CYTF,Alma Airport,Alma,Canada,48.50889968869999,-71.64189910889999
YGV,CYGV,Havre St Pierre Airport,Havre-Saint-Pierre,Canada,50.28189849853516,-63.61140060424805
YXK,CYXK,Rimouski Airport,Rimouski,Canada,48.47809982299805,-68.49690246582031
XTL,CYBQ,Tadoule Lake Airport,Tadoule Lake,Canada,58.7061,-98.512199
XLB,CZWH,Lac Brochet Airport,Lac Brochet,Canada,58.6175003052,-101.46900177
XSI,CZSN,South Indian Lake Airport,South Indian Lake,Canada,56.7928009033,-98.9072036743
YBT,CYBT,Brochet Airport,Brochet,Canada,57.8894,-101.679001
ZGR,CZGR,Little Grand Rapids Airport,Little Grand Rapids,Canada,52.04560089111328,-95.4657974243164
YCR,CYCR,Cross Lake (Charlie Sinclair Memorial) Airport,Cross Lake,Canada,54.610599517822266,-97.76080322265624
YRS,CYRS,Red Sucker Lake Airport,Red Sucker Lake,Canada,54.16719818115234,-93.55719757080078
YOP,CYOP,Rainbow Lake Airport,Rainbow Lake,Canada,58.49140167236328,-119.40799713134766
YBY,CYBF,Bonnyville Airport,Bonnyville,Canada,54.304199,-110.744003
ZNA,CAC8,Nanaimo Harbour Water Airport,Nanaimo,Canada,49.1833000183,-123.949996948
YGG,CAX6,Ganges Seaplane Base,Ganges,Canada,48.8545,-123.4969
YDT,CZBB,Boundary Bay Airport,Boundary Bay,Canada,49.0742,-123.012001
YLY,CYNJ,Langley Airport,Langley Township,Canada,49.10079956049999,-122.630996704
YFJ,CFJ2,Wekweètì Airport,Wekweeti,Canada,64.190804,-114.077002
RNI,MNCI,Corn Island,Corn Island,Nicaragua,12.1628999710083,-83.06379699707031
BZA,MNBZ,San Pedro Airport,Bonanza,Nicaragua,13.949999809265137,-84.5999984741211
RFS,MNRT,Rosita Airport,Rosita,Nicaragua,13.889699935913086,-84.40889739990234
SIU,MNSI,Siuna,Siuna,Nicaragua,13.727222442626951,-84.77777862548828
WSP,MNWP,Waspam Airport,Waspam,Nicaragua,14.7391996383667,-83.96939849853516
NCR,MNSC,San Carlos,San Carlos,Nicaragua,11.133399963378906,-84.7699966430664
PLD,MRCR,Playa Samara/Carrillo Airport,Carrillo,Costa Rica,9.8705101013184,-85.481399536133
COZ,MDCZ,Constanza - Expedición 14 de Junio National Airport,Constanza,Dominican Republic,18.907499313354,-70.721900939941
NEG,MKNG,Negril Airport,Negril,Jamaica,18.34280014038086,-78.33209991455078
NRR,TJRV,José Aponte de la Torre Airport,Ceiba,Puerto Rico,18.245300293,-65.6434020996
SPB,VI22,Charlotte Amalie Harbor Seaplane Base,Charlotte Amalie,Virgin Islands,18.338600158691406,-64.9406967163086
ARR,SAVR,D. Casimiro Szlapelis Airport,Alto Rio Senguer,Argentina,-45.013599,-70.812202
JSM,SAWS,Jose De San Martin Airport,Jose de San Martin,Argentina,-44.0485992432,-70.4589004517
UYU,SLUY,Uyuni Airport,Uyuni,Bolivia,-20.4463005066,-66.8483963013
RBQ,SLRQ,Rurenabaque Airport,Rerrenabaque,Bolivia,-14.4279003143,-67.4968032837
ABF,NGAB,Abaiang Airport,Abaiang Atoll,Kiribati,1.798609972000122,173.04100036621094
ABN,SMBN,Albina Airport,Albina,Suriname,5.512720108032227,-54.05009841918945
DRJ,SMDA,Drietabbetje Airport,Drietabbetje,Suriname,4.111359,-54.672766
MOJ,SMMO,Moengo Airstrip,Moengo,Suriname,5.6076,-54.4003
ICK,SMNI,Nieuw Nickerie Airport,Nieuw Nickerie,Suriname,5.955560207366943,-57.039398193359375
OEM,SMPA,Vincent Fayks Airport,Paloemeu,Suriname,3.3452799320220947,-55.442501068115234
SMZ,SMST,Stoelmanseiland Airport,Stoelmans Eiland,Suriname,4.349999904632568,-54.41666793823242
TOT,SMCO,Totness Airport,Totness,Suriname,5.865829944610596,-56.32749938964844
AGI,SMWA,Wageningen Airstrip,Wageningen,Suriname,5.841128,-56.673328
ORJ,SYOR,Orinduik Airport,Orinduik,Guyana,4.725269794464111,-60.03499984741211
NAI,SYAN,Annai Airport,Annai,Guyana,3.959439992904663,-59.12419891357422
IMB,SYIB,Imbaimadai Airport,Imbaimadai,Guyana,5.708109855651856,-60.2942008972168
KAR,SYKM,Kamarang Airport,Kamarang,Guyana,5.865340232849121,-60.614200592041016
USI,SYMB,Mabaruma Airport,Mabaruma,Guyana,8.199999809265137,-59.78329849243164
MHA,SYMD,Mahdia Airport,Mahdia,Guyana,5.277490139007568,-59.151100158691406
PJC,SGPJ,Dr Augusto Roberto Fuster International Airport,Pedro Juan Caballero,Paraguay,-22.63999938964844,-55.83000183105469
ACD,SKAD,Alcides Fernández Airport,Acandi,Colombia,8.51667,-77.3
RVE,SKSA,Los Colonizadores Airport,Saravena,Colombia,6.951868,-71.857179
BQJ,UEBB,Batagay Airport,Batagay,Russia,67.648002624512,134.69500732422
VGZ,SKVG,Villa Garzón Airport,Villa Garzon,Colombia,0.978767,-76.6056
EBG,SKEB,El Bagre Airport,El Bagre,Colombia,7.59647,-74.8089
CAQ,SKCU,Juan H White Airport,Caucasia,Colombia,7.96847,-75.1985
COG,SKCD,Mandinga Airport,Condoto,Colombia,5.08333,-76.7
TLU,SKTL,Golfo de Morrosquillo Airport,Tolu,Colombia,9.50945,-75.5854
CFB,SBCB,Cabo Frio Airport,Cabo Frio,Brazil,-22.921699523900003,-42.0742988586
OPS,SWSI,Presidente João Batista Figueiredo Airport,Sinop,Brazil,-11.885000228881836,-55.58610916137695
GRP,SWGI,Gurupi Airport,Gurupi,Brazil,-11.73960018157959,-49.13219833374024
CMP,SNKE,Santana do Araguaia Airport,Santana do Araguaia,Brazil,-9.31997013092041,-50.32849884033203
BVS,SNVS,Breves Airport,Breves,Brazil,-1.6365300416946411,-50.44359970092773
SFK,SNSW,Soure Airport,Soure,Brazil,-0.6994310021400452,-48.52099990844727
PIN,SWPI,Parintins Airport,Parintins,Brazil,-2.6730198860168457,-56.77719879150391
BRA,SNBR,Barreiras Airport,Barreiras,Brazil,-12.078900337219238,-45.00899887084961
STZ,SWST,Santa Terezinha Airport,Santa Terezinha,Brazil,-10.4647216796875,-50.51861190795898
MQH,SBMC,Minaçu Airport,Minacu,Brazil,-13.5491,-48.195301
AUX,SWGN,Araguaína Airport,Araguaina,Brazil,-7.22787,-48.240501
NVP,SWNA,Novo Aripuanã Airport,Novo Aripuana,Brazil,-5.118030071258545,-60.36489868164063
FRC,SIMK,Tenente Lund Pressoto Airport,Franca,Brazil,-20.592199,-47.3829
DOU,SSDO,Dourados Airport,Dourados,Brazil,-22.2019,-54.926601
LBR,SWLB,Lábrea Airport,Labrea,Brazil,-7.278969764709473,-64.76950073242188
ROO,SWRD,Maestro Marinho Franco Airport,Rondonopolis,Brazil,-16.586,-54.7248
GPB,SBGU,Tancredo Thomas de Faria Airport,Guarapuava,Brazil,-25.3875007629,-51.520198822
JCB,SSJA,Santa Terezinha Airport,Joacaba,Brazil,-27.1714000702,-51.5532989502
RVD,SWLC,General Leite de Castro Airport,Rio Verde,Brazil,-17.8347225189209,-50.95611190795898
AAX,SBAX,Romeu Zema Airport,Araxa,Brazil,-19.563199996948,-46.960399627686
MBZ,SWMW,Maués Airport,Maues,Brazil,-3.37217,-57.7248
RBB,SWBR,Borba Airport,Borba,Brazil,-4.4063401222229,-59.60240173339844
CIZ,SWKO,Coari Airport,Coari,Brazil,-4.134059906005859,-63.132598876953125
BAZ,SWBC,Barcelos Airport,Barcelos,Brazil,-0.981292,-62.919601
DMT,SWDM,Diamantino Airport,Diamantino,Brazil,-14.37689971923828,-56.40039825439453
GNM,SNGI,Guanambi Airport,Guanambi,Brazil,-14.208200454711914,-42.74610137939453
QDJ,DAFI,Tsletsi Airport,Djelfa,Algeria,34.6657,3.351
NZA,FNZG,Nzagi Airport,Nzagi,Angola,-7.716939926149999,21.358200073200003
LBZ,FNLK,Lucapa Airport,Lucapa,Angola,-8.445727348330001,20.7320861816
KNP,FNCP,Capanda Airport,Kapanda,Angola,-9.76937007904,15.4553194046
AMC,FTTN,Am Timan Airport,Am Timan,Chad,11.0340003967,20.2740001678
GSQ,HEOW,Shark El Oweinat International Airport,Sharq Al-Owainat,Egypt,22.5856990814209,28.71660041809082
MRB,KMRB,Eastern WV Regional Airport/Shepherd Field,Martinsburg,United States,39.40190125,-77.98459625
AWA,HALA,Awassa Airport,Awasa,Ethiopia,7.066999912261963,38.5
JIJ,HAJJ,Wilwal International Airport,Jijiga,Ethiopia,9.3325,42.9121
MKS,HAMA,Mekane Selam Airport,Mekane Selam,Ethiopia,10.7254,38.7415
DBM,HADM,Debra Marcos Airport,Debre Marqos,Ethiopia,10.350000381469728,37.71699905395508
DBT,HADT,Debre Tabor Airport,Debre Tabor,Ethiopia,11.967000007629396,38.0
QHR,HAHM,Harar Meda Airport,Debre Zeyit,Ethiopia,8.7163,39.0059
GOB,HAGB,Robe Airport,Goba,Ethiopia,7.1160634,40.0463033
MYB,FOOY,Mayumba Airport,Mayumba,Gabon,-3.4584197998046875,10.674076080322266
MRE,HKMS,Mara Serena Lodge Airstrip,Masai Mara,Kenya,-1.406111,35.008057
JJM,HKMK,Mulika Lodge Airport,Meru National Park,Kenya,0.165083006024,38.1951408386
RBX,HSMK,Rumbek Airport,Rumbek,Sudan,6.82499980927,29.6690006256
CPA,GLCP,Cape Palmas Airport,Greenville,Liberia,4.3790202140808105,-7.696949958801269
IHC,FQIA,Inhaca Airport,Inhaca,Mozambique,-25.9971446991,32.9293518066
MAX,GOSM,Ouro Sogui Airport,Matam,Senegal,15.593600273132324,-13.322799682617188
BDI,FSSB,Bird Island Airport,Bird Island,Seychelles,-3.72472,55.205299
WHF,HSSW,Wadi Halfa Airport,Wadi Halfa,Sudan,21.802698135375977,31.521577835083008
NBE,DTNH,Enfidha - Hammamet International Airport,Enfidha,Tunisia,36.075833,10.438611
HTY,LTDA,Hatay Airport,Hatay,Turkey,36.36277771,36.282222747800006
RVV,NTAV,Raivavae Airport,Raivavae,French Polynesia,-23.8852005005,-147.662002563
FUO,ZGFS,Foshan Shadi Airport,Foshan,China,23.0832996368,113.069999695
HUZ,ZGHZ,Huizhou Airport,Huizhou,China,23.0499992371,114.599998474
ILD,LEDA,Lleida-Alguaire Airport,Lleida,Spain,41.728185,0.535023
BIU,BIBD,Bildudalur Airport,Bildudalur,Iceland,65.64129638671875,-23.546199798583984
GJR,BIGJ,Gjögur Airport,Gjogur,Iceland,65.99530029296875,-21.32690048217773
SAK,BIKR,Sauðárkrókur Airport,Saudarkrokur,Iceland,65.73169708249999,-19.5727996826
IIA,EIMN,Inishmaan Aerodrome,Inishmaan,Ireland,53.09299850463867,-9.568059921264648
ULG,ZMUL,Ulgii Mongolei Airport,Olgii,Mongolia,48.9933013916,89.9225006104
KQT,UTDT,Qurghonteppa International Airport,Kurgan Tyube,Tajikistan,37.86640167236328,68.86470031738281
VGD,ULWW,Vologda Airport,Vologda,Russia,59.282501220703125,39.94440078735352
ONK,UERO,Olenyok Airport,Olenyok,Russia,68.514999,112.480003
SYS,UERS,Saskylakh Airport,Saskylakh,Russia,71.92790222168,114.08000183105
LDG,ULAL,Leshukonskoye Airport,Arkhangelsk,Russia,64.8960037231,45.7229995728
HSK,LEHC,Huesca/Pirineos Airport,Huesca,Spain,42.0760993958,-0.316666990519
CQM,LERL,Ciudad Real Central Airport,Ciudad Real,Spain,38.8563888889,-3.97
NJF,ORNI,Al Najaf International Airport,Najaf,Iraq,31.989853,44.404317
CSA,EGEY,Colonsay Airstrip,Colonsay,United Kingdom,56.0574989319,-6.243060112
RKH,KUZA,Rock Hill - York County Airport,Rock Hill,United States,34.9878006,-81.05719757
AGC,KAGC,Allegheny County Airport,Pittsburgh,United States,40.354400634765625,-79.9301986694336
VQQ,KVQQ,Cecil Airport,Jacksonville,United States,30.2187004089,-81.876701355
FTY,KFTY,Fulton County Airport Brown Field,Atlanta,United States,33.7790985107,-84.5214004517
TII,OATN,Tarin Kowt Airport,Tarin Kowt,Afghanistan,32.604198455799995,65.8657989502
ZAJ,OAZJ,Zaranj Airport,Zaranj,Afghanistan,30.972222,61.865833
CCN,OACC,Chakcharan Airport,Chaghcharan,Afghanistan,34.53300094604492,65.26699829101562
FUG,ZSFY,Fuyang Xiguan Airport,Fuyang,China,32.882157,115.734364
LCX,ZSLD,Longyan Guanzhishan Airport,Longyan,China,25.6746997833,116.747001648
BSD,ZPBS,Baoshan Yunduan Airport,Baoshan,China,25.053301,99.168297
ACX,ZUYI,Xingyi Airport,Xingyi,China,25.0863888889,104.959444444
HZH,ZUNP,Liping Airport,Liping,China,26.32217,109.1499
OSU,KOSU,The Ohio State University Airport - Don Scott Field,Columbus,United States,40.0798,-83.072998
ADS,KADS,Addison Airport,Addison,United States,32.9686012268,-96.8364028931
DSI,KDTS,Destin Executive Airport,Destin,United States,30.40010071,-86.47149658
KHE,UKOH,Kherson International Airport,Kherson,Ukraine,46.6758,32.506401
SZS,NZRC,Ryan's Creek Aerodrome,Stewart Island,New Zealand,-46.8997,168.100998
HJJ,ZGCJ,Zhijiang Airport,Zhijiang,China,27.4411111111,109.7
YQI,CYQI,Yarmouth Airport,Yarmouth,Canada,43.82690048217773,-66.08809661865234
ISO,KISO,Kinston Regional Jetport At Stallings Field,Kinston,United States,35.331401825,-77.60880279540001
FFA,KFFA,First Flight Airport,Kill Devil Hills,United States,36.0181999207,-75.67130279540001
LNJ,ZPLC,Lintsang Airfield,Lincang,China,23.7381000519,100.025001526
CKS,SBCJ,Carajás Airport,Parauapebas,Brazil,-6.11527776718,-50.0013885498
MWK,WIOM,Tarempa Airport,Anambas Islands,Indonesia,3.3481199741363525,106.25800323486328
PGU,OIBP,Persian Gulf International Airport,Khalije Fars,Iran,27.379601,52.737701
YES,OISY,Yasouj Airport,Yasuj,Iran,30.700500488281,51.545101165771
OSM,ORBM,Mosul International Airport,Mosul,Iraq,36.305801,43.1474
TJH,RJBT,Tajima Airport,Toyooka,Japan,35.51279830932617,134.78700256347656
AXJ,RJDA,Amakusa Airport,Amakusa,Japan,32.482498,130.158997
KKX,RJKI,Kikai Airport,Kikai,Japan,28.3213005066,129.927993774
AGJ,RORA,Aguni Airport,Aguni,Japan,26.5925006866,127.240997314
ULZ,ZMDN,Donoi Airport,Uliastai,Mongolia,47.7093,96.5258
UGA,ZMBN,Bulgan Airport,Bulgan,Mongolia,48.85499954223633,103.47599792480467
ULO,ZMUG,Ulaangom Airport,Ulaangom,Mongolia,50.066588,91.938273
LBX,RPLU,Lubang Airport,Lubang,Philippines,13.85540008544922,120.1050033569336
TJU,UTDK,Kulob Airport,Kulyab,Tajikistan,37.98809814453125,69.80500030517578
CMJ,RCCM,Chi Mei Airport,Cimei,Taiwan,23.2131004333,119.417999268
TAZ,UTAT,Daşoguz Airport,Dasoguz,Turkmenistan,41.761101,59.826698
BWB,YBWX,Barrow Island Airport,Barrow Island,Australia,-20.86440086364746,115.40599822998048
DRB,YDBY,Derby Airport,Derby,Australia,-17.3700008392334,123.66100311279295
WGE,YWLG,Walgett Airport,Walgett,Australia,-30.03280067443848,148.12600708007812
BRT,YBTI,Bathurst Island Airport,Bathurst Island,Australia,-11.769200325012209,130.6199951171875
DKI,YDKI,Dunk Island Airport,Dunk Island,Australia,-17.9416999817,146.13999939
LZR,YLZI,Lizard Island Airport,Lizard Island,Australia,-14.673273,145.454571
HLT,YHML,Hamilton Airport,Hamilton,Australia,-37.64889907836914,142.06500244140625
HCQ,YHLC,Halls Creek Airport,Halls Creek,Australia,-18.23390007019043,127.66999816894533
FIZ,YFTZ,Fitzroy Crossing Airport,Fitzroy Crossing,Australia,-18.181900024414062,125.55899810791016
RVT,YNRV,Ravensthorpe Airport,Ravensthorpe,Australia,-33.7971992493,120.208000183
PVU,KPVU,Provo Municipal Airport,Provo,United States,40.219200134277,-111.72299957275
SBS,KSBS,Steamboat Springs Bob Adams Field,Steamboat Springs,United States,40.5163002,-106.8659973
DTA,KDTA,Delta Municipal Airport,Delta,United States,39.3805999756,-112.508003235
PUC,KPUC,Carbon County Regional/Buck Davis Field,Price,United States,39.61389923,-110.7509995
LAM,KLAM,Los Alamos Airport,Los Alamos,United States,35.8797988892,-106.268997192
HII,KHII,Lake Havasu City Airport,Lake Havasu City,United States,34.571098,-114.358002
INW,KINW,Winslow Lindbergh Regional Airport,Winslow,United States,35.021900177,-110.722999573
DGL,KDGL,Douglas Municipal Airport,Douglas,United States,31.3425998688,-109.505996704
MZK,NGMK,Marakei Airport,Marakei,Kiribati,2.058609962463379,173.27099609375
AEA,NGTB,Abemama Atoll Airport,Abemama,Kiribati,0.4908330142498016,173.82899475097656
AAK,NGUK,Buariki Airport,Buariki,Kiribati,0.1852779984474182,173.63699340820312
KUC,NGKT,Kuria Airport,Kuria,Kiribati,0.2186110019683838,173.44200134277344
AIS,NGTR,Arorae Island Airport,Arorae,Kiribati,-2.61611008644104,176.80299377441406
TMN,NGTM,Tamana Island Airport,Tamana,Kiribati,-2.485830068588257,175.97000122070312
BEZ,NGBR,Beru Airport,Beru Island,Kiribati,-1.3547199964523315,176.0070037841797
NIG,NGNU,Nikunau Airport,Nikunau,Kiribati,-1.31444001198,176.410003662
BBG,NGTU,Butaritari Atoll Airport,Butaritari,Kiribati,3.08583,172.811005
MTK,NGMN,Makin Island Airport,Makin,Kiribati,3.3744399547576904,172.99200439453125
MNK,NGMA,Maiana Airport,Maiana,Kiribati,1.0036100149154663,173.031005859375
NON,NGTO,Nonouti Airport,Nonouti,Kiribati,-0.6397219896316528,174.42799377441406
TSU,NGTS,Tabiteuea South Airport,Tabiteuea,Kiribati,-1.4744399785995483,175.06399536132812
WTZ,NZWT,Whitianga Airport,Whitianga,New Zealand,-36.83169937133789,175.6790008544922
KTF,NZTK,Takaka Airport,Takaka,New Zealand,-40.81330108642578,172.77499389648438
AFT,AGAF,Afutara Aerodrome,Afutara,Solomon Islands,-9.19138888889,160.948611111
RNA,AGAR,Ulawa Airport,Ulawa,Solomon Islands,-9.86054358262,161.979546547
CHY,AGGC,Choiseul Bay Airport,Choiseul Bay,Solomon Islands,-6.711944,156.396111
NNB,AGGT,Santa Ana Airport,Santa Ana,Solomon Islands,-10.847994,162.454108
XYA,AGGY,Yandina Airport,Yandina,Solomon Islands,-9.092816,159.21841
BPF,AGBT,Batuna Aerodrome,Batuna,Solomon Islands,-8.56202777778,158.119305556
BOW,KBOW,Bartow Municipal Airport,Bartow,United States,27.9433994293,-81.78340148930002
FTI,NSFQ,Fitiuta Airport,Fiti\'uta,American Samoa,-14.2172,-169.425003
LVK,KLVK,Livermore Municipal Airport,Livermore,United States,37.6934013367,-121.819999695
RMY,KMPI,Mariposa Yosemite Airport,Mariposa,United States,37.5108985901,-120.040000916
GFY,FYGF,Grootfontein Airport,Grootfontein,Namibia,-19.60219955444336,18.122699737548828
NDU,FYRU,Rundu Airport,Rundu,Namibia,-17.956499099731,19.719400405884
TRM,KTRM,Jacqueline Cochran Regional Airport,Palm Springs,United States,33.62670135498,-116.16000366211
SMO,KSMO,Santa Monica Municipal Airport,Santa Monica,United States,34.015800476100004,-118.450996399
UDD,KUDD,Bermuda Dunes Airport,Palm Springs,United States,33.748401641846,-116.27500152588
SCF,KSDL,Scottsdale Airport,Scottsdale,United States,33.622898101807,-111.91100311279
OLM,KOLM,Olympia Regional Airport,Olympia,United States,46.9693985,-122.9029999
RIL,KRIL,Garfield County Regional Airport,Rifle,United States,39.526299,-107.726997
SAA,KSAA,Shively Field,SARATOGA,United States,41.444901,-106.823997
PDK,KPDK,DeKalb Peachtree Airport,Atlanta,United States,33.8755989075,-84.3020019531
BMG,KBMG,Monroe County Airport,Bloomington,United States,39.14599990844727,-86.61669921875
SUA,KSUA,Witham Field,Stuart,United States,27.18169975,-80.22109985
MMU,KMMU,Morristown Municipal Airport,Morristown,United States,40.79940032958984,-74.41490173339844
APC,KAPC,Napa County Airport,Napa,United States,38.2132,-122.280998
SDM,KSDM,Brown Field Municipal Airport,San Diego,United States,32.572299957275,-116.98000335693
VNC,KVNC,Venice Municipal Airport,Venice,United States,27.071599960327,-82.440299987793
PHK,KPHK,Palm Beach County Glades Airport,Pahokee,United States,26.78499985,-80.69339752
ECP,KECP,Northwest Florida Beaches International Airport,Panama City,United States,30.357106,-85.795414
SBD,KSBD,San Bernardino International Airport,San Bernardino,United States,34.0954017639,-117.23500061
VAL,SNVB,Valença Airport,Valenca,Brazil,-13.2965,-38.992401
CAU,SNRU,Caruaru Airport,Caruaru,Brazil,-8.282389640808105,-36.01350021362305
AWK,PWAK,Wake Island Airfield,Wake island,Wake Island,19.282100677490234,166.63600158691406
QNV,SDNY,Aeroclube Airport,Nova Iguacu,Brazil,-22.74530029296875,-43.46030044555664
SQL,KSQL,San Carlos Airport,San Carlos,United States,37.511901855469,-122.25
RWI,KRWI,Rocky Mount Wilson Regional Airport,Rocky Mount,United States,35.856300354003906,-77.89189910888672
SXQ,PASX,Soldotna Airport,Soldotna,United States,60.47570037841797,-151.03399658203125
SEE,KSEE,Gillespie Field,El Cajon,United States,32.826198577881,-116.97200012207
PHA,VVPR,Phan Rang Airport,Phan Rang,Vietnam,11.6335000992,108.952003479
SQH,VVNS,Na-San Airport,Son-La,Vietnam,21.21699905395508,104.03299713134766
TKF,KTRK,Truckee Tahoe Airport,Truckee,United States,39.3199996948,-120.13999939
FRJ,LFTU,Fréjus Airport,Frejus,France,43.4175,6.7357
GEX,YGLG,Geelong Airport,Geelong,Australia,-38.22499847412109,144.33299255371094
LVM,KLVM,Mission Field,Livingston-Montana,United States,45.6994018555,-110.447998047
GMV,UT25,Monument Valley Airport,Monument Valley,United States,37.0167007446,-110.200996399
JRA,KJRA,West 30th St. Heliport,New York,United States,40.754501,-74.007103
LAL,KLAL,Lakeland Linder International Airport,Lakeland,United States,27.988899,-82.018602
SYH,VNSB,Syangboche Airport,Syangboche,Nepal,27.8112,86.7124
RBK,KF70,French Valley Airport,Murrieta-Temecula,United States,33.5741996765,-117.127998352
FNU,LIER,Oristano-Fenosu Airport,Oristano,Italy,39.895308,8.642661
MYQ,VOMY,Mysore Airport,Mysore,India,12.23,76.655833
MGY,KMGY,Dayton-Wright Brothers Airport,Dayton,United States,39.5890007019,-84.224899292
FDY,KFDY,Findlay Airport,Findley,United States,41.0135002136,-83.66870117190001
PEA,YPSH,Penneshaw Airport,Penneshaw,Australia,-35.7558462874,137.962875366
EMP,KEMP,Emporia Municipal Airport,Kempten,Germany,38.3320999146,-96.1912002563
HYC,EGTB,Wycombe Air Park,Wycombe,United Kingdom,51.6116981506,-0.8083329796790001
BBP,EGHJ,Bembridge Airport,Bembridge,United Kingdom,50.6781005859,-1.10943996906
SPF,KSPF,Black Hills Airport-Clyde Ice Field,Spearfish-South Dakota,United States,44.48030090332,-103.78299713135
QYD,EPOK,Oksywie Military Air Base,Gdynia,Poland,54.57970047,18.51720047
OLV,KOLV,Olive Branch Airport,Olive Branch,United States,34.9786987305,-89.78690338130001
KNA,SCVM,Viña del mar Airport,Vina del Mar,Chile,-32.9496,-71.4786
ONQ,LTAS,Zonguldak Airport,Zonguldak,Turkey,41.506401062,32.0886001587
BJC,KBJC,Rocky Mountain Metropolitan Airport,Broomfield-CO,United States,39.90879822,-105.1169968
SLE,KSLE,Salem Municipal Airport/McNary Field,Salem,United States,44.90950012,-123.0029984
UTM,KUTA,Tunica Municipal Airport,Tunica,United States,34.680999755859,-90.346702575684
ZKB,FLKY,Kasaba Bay Airport,Kasaba Bay,Zambia,-8.524999618530273,30.663000106811523
LND,KLND,Hunt Field,Lindau,Germany,42.8152008057,-108.730003357
MWC,KMWC,Lawrence J Timmerman Airport,Milwaukee,United States,43.110401,-88.034401
JVL,KJVL,Southern Wisconsin Regional Airport,Janesville,United States,42.620300293,-89.0416030884
LZU,KLZU,Gwinnett County Briscoe Field,Lawrenceville,United States,33.97809982,-83.96240234
BWG,KBWG,Bowling Green Warren County Regional Airport,Bowling Green,United States,36.9645004272,-86.41970062259999
RVS,KRVS,Richard Lloyd Jones Jr Airport,Tulsa,United States,36.039600372314,-95.984596252441
NHD,OMDM,Al Minhad Air Base,Minhad AB,United Arab Emirates,25.0268001556,55.3661994934
KGO,UKKG,Kirovograd Airport,Kirovograd,Ukraine,48.54280090332031,32.28499984741211
DBB,HEAL,El Alamein International Airport,Dabaa City,Egypt,30.92449951171875,28.46139907836914
BCE,KBCE,Bryce Canyon Airport,Bryce Canyon,United States,37.706401825,-112.144996643
CKL,UUMU,Chkalovskiy Air Base,Shchyolkovo,Russia,55.8783,38.061699
TCZ,ZUTC,Tengchong Tuofeng Airport,Tengchong,China,24.9380555556,98.4858333333
UKS,UKFB,Belbek Airport,Sevastopol,Ukraine,44.688999176,33.570999145500004
OAZ,OAZI,Camp Bastion Airport,Camp Bastion,Afghanistan,31.8638000488,64.2246017456
JCI,KIXD,New Century Aircenter Airport,Olathe,United States,38.8308982849,-94.890296936
ESN,KESN,Easton Newnam Field,Easton,United States,38.8041992188,-76.06900024410001
HMR,ENHA,Stafsberg Airport,Hamar,Norway,60.81809997558594,11.067999839782717
MYV,KMYV,Yuba County Airport,Yuba City,United States,39.09780121,-121.5699997
DUC,KDUC,Halliburton Field,Duncan,United States,34.47090149,-97.9598999
UVA,KUVA,Garner Field,Uvalde,United States,29.2112998962,-99.743598938
LOT,KLOT,Lewis University Airport,Lockport,United States,41.6072998,-88.09619904
CCR,KCCR,Buchanan Field,Concord,United States,37.9897003174,-122.056999207
OCA,07FA,Ocean Reef Club Airport,Ocean Reef Club Airport,United States,25.325399398804,-80.274803161621
YUS,ZYLS,Yushu Batang Airport,Yushu,China,32.836388888900004,97.0363888889
HIA,ZSSH,Lianshui Airport,Huai An,China,33.7908333333,119.125
YOO,CYOO,Toronto/Oshawa Executive Airport,Oshawa,Canada,43.922798,-78.894997
LHA,EDTL,Lahr Airport,Lahr,Germany,48.3693008423,7.82772016525
NYW,VYMY,Monywar Airport,Monywa,Burma,22.221638,95.093479
ATO,KUNI,Ohio University Snyder Field,Athens,United States,39.2109985352,-82.23139953610001
SGH,KSGH,Springfield-Beckley Municipal Airport,Springfield,United States,39.840301513672,-83.840202331543
HEX,MDHE,Herrera Airport,Santo Domingo,Dominican Republic,18.4696998596,-69.9693984985
CDA,YCOO,Cooinda Airport,Cooinda,Australia,-12.903300285339355,132.53199768066406
JAB,YJAB,Jabiru Airport,Jabiru,Australia,-12.658300399780272,132.89300537109375
HGS,GFHA,Hastings Airport,Freetown,Sierra Leone,8.397130012512207,-13.12909984588623
TOP,KTOP,Philip Billard Municipal Airport,Topeka,United States,39.068698883057,-95.622497558594
MQY,KMQY,Smyrna Airport,Smyrna,United States,36.0089988708,-86.5201034546
UOS,KUOS,Franklin County Airport,Sewanee,United States,35.205101013184,-85.898101806641
NGQ,ZUAL,Ngari Gunsa Airport,Shiquanhe,China,32.1,80.0530555556
CSO,EDBC,Cochstedt Airport,Cochstedt,Germany,51.8563995361,11.42029953
PWK,KPWK,Chicago Executive Airport,Chicago-Wheeling,United States,42.114222,-87.901494
KLS,KKLS,Southwest Washington Regional Airport,Kelso,United States,46.11800003049999,-122.898002625
ZTA,NTGY,Tureia Airport,Tureia,French Polynesia,-20.78969955444336,-138.57000732421875
PUE,MPOA,Puerto Obaldia Airport,Puerto Obaldia,Panama,8.667,-77.418
KHC,UKFK,Kerch Airport,Kerch,Ukraine,45.372501373291016,36.40140151977539
UKA,HKUK,Ukunda Airstrip,Ukunda,Kenya,-4.29333,39.571098
ILN,KILN,Wilmington Airpark,Wilmington,United States,39.427898407,-83.792098999
AVW,KAVQ,Marana Regional Airport,Tucson,United States,32.4095993042,-111.218002319
CGZ,KCGZ,Casa Grande Municipal Airport,Casa Grande,United States,32.954899,-111.766998
BXK,KBXK,Buckeye Municipal Airport,Buckeye,United States,33.42039871,-112.685997
MMI,KMMI,McMinn County Airport,Athens,United States,35.39730072,-84.56259918
STK,KSTK,Sterling Municipal Airport,Sterling,United States,40.61529922,-103.2649994
RWL,KRWL,Rawlins Municipal Airport/Harvey Field,Rawlins,United States,41.80559921,-107.1999969
CDW,KCDW,Essex County Airport,Caldwell,United States,40.875198364300005,-74.2814025879
AIZ,KAIZ,Lee C Fine Memorial Airport,Kaiser Lake Ozark,United States,38.0960006714,-92.54949951170002
TVI,KTVI,Thomasville Regional Airport,Thomasville,United States,30.901599884033,-83.881301879883
HSH,KHND,Henderson Executive Airport,Henderson,United States,35.9728012085,-115.134002686
GML,UKKM,Gostomel Airport,Kiev,Ukraine,50.60350036621094,30.1919002532959
TMA,KTMA,Henry Tift Myers Airport,Tifton,United States,31.4290008545,-83.4885025024
RDO,EPRA,Radom Airport,RADOM,Poland,51.3891983032,21.213300705
DVT,KDVT,Phoenix Deer Valley Airport,Phoenix ,United States,33.6883010864,-112.083000183
YRV,CYRV,Revelstoke Airport,Revelstoke,Canada,50.9667015076,-118.182998657
FRG,KFRG,Republic Airport,Farmingdale,United States,40.7288017273,-73.4133987427
ZHY,ZLZW,Zhongwei Shapotou Airport,Zhongwei,China,37.573125,105.154454
MCL,PAIN,McKinley National Park Airport,McKinley Park,United States,63.7326011658,-148.910995483
PPC,PAPR,Prospect Creek Airport,Prospect Creek,United States,66.814102172852,-150.64399719238
KHW,FBKR,Khwai River Lodge Airport,Khwai River,Botswana,-19.149999618530277,23.78300094604492
TXG,RCLG,Taichung Airport,Taichung,Taiwan,24.18630027770996,120.65399932861328
HLG,KHLG,Wheeling Ohio County Airport,Wheeling,United States,40.1749992371,-80.6463012695
XYE,VYYE,Ye Airport,Ye,Burma,15.300000190734863,97.86699676513672
DWC,OMDW,Al Maktoum International Airport,Dubai,United Arab Emirates,24.896356,55.161389
RKP,KRKP,Aransas County Airport,Rockport,United States,28.0867996216,-97.0446014404
MVV,LFHM,Megève Airport,Verdun,France,45.82080078125,6.652219772338867
MFX,LFKX,Méribel Altiport,Ajaccio,France,45.407003,6.577942
AEB,ZGBS,Baise Youjiang Airport,Baise,China,23.7206001282,106.959999084
OKF,FYOO,Okaukuejo Airport,Okaukuejo,Namibia,-19.149200439453125,15.91189956665039
OKU,FYMO,Mokuti Lodge Airport,Mokuti Lodge,Namibia,-18.81279945373535,17.05940055847168
KOQ,EDCK,Köthen Airport,Koethen,Germany,51.7211112976,11.9527778625
PSH,EDXO,St. Peter-Ording Airport,Sankt Peter-Ording,Germany,54.30888748168945,8.686944007873535
TTD,KTTD,Portland Troutdale Airport,Troutdale,United States,45.54940032959,-122.40100097656
HIO,KHIO,Portland Hillsboro Airport,Hillsboro,United States,45.540401,-122.949997
KHT,OAKS,Khost Airport,Khost,Afghanistan,33.3334007263,69.952003479
NMT,VYNT,Namtu Airport,Naypyidaw,Burma,23.083,97.383003
BNO,KBNO,Burns Municipal Airport,Burns,United States,43.5918998718,-118.955001831
PRZ,KS39,Prineville Airport,Prineville,United States,44.286998748779,-120.90399932861
RBL,KRBL,Red Bluff Municipal Airport,Red Bluff,United States,40.1506996155,-122.251998901
NOT,KDVO,Marin County Airport - Gnoss Field,Novato,United States,38.143600463867,-122.55599975586
LKV,KLKV,Lake County Airport,Lakeview,United States,42.1610984802,-120.399002075
OTK,KTMK,Tillamook Airport,Tillamook,United States,45.4182014465,-123.814002991
ONO,KONO,Ontario Municipal Airport,Ontario,United States,44.020500183105,-117.01399993896
DLS,KDLS,Columbia Gorge Regional the Dalles Municipal Airport,The Dalles,United States,45.6184997559,-121.166999817
GAI,KGAI,Montgomery County Airpark,Gaithersburg,United States,39.1683006287,-77.1660003662
OAS,OASA,Sharana Airstrip,Sharona,Afghanistan,33.12575,68.838517
YTA,CYTA,Pembroke Airport,Pembroke,Canada,45.86439895629883,-77.25170135498047
TSB,FYTM,Tsumeb Airport,Tsumeb,Namibia,-19.26189994812,17.732500076294
YSD,CYSD,Suffield Heliport,Suffield,Canada,50.266700744628906,-111.18299865722656
BNU,SSBL,Blumenau Airport,BLUMENAU,Brazil,-26.83060073852539,-49.09030151367188
YCC,CYCC,Cornwall Regional Airport,Cornwall,Canada,45.09280014038086,-74.56330108642578
IZA,SDZY,Zona da Mata Regional Airport,Juiz de Fora,Brazil,-21.5130558014,-43.1730575562
MVL,KMVL,Morrisville Stowe State Airport,Morrisville,United States,44.53459930419999,-72.6139984131
RBD,KRBD,Dallas Executive Airport,Dallas,United States,32.6809005737,-96.8682022095
BXY,UAOL,Krainiy Airport,Baikonur,Kazakhstan,45.621994,63.210773
WST,KWST,Westerly State Airport,Washington County,United States,41.3496017456,-71.8033981323
BID,KBID,Block Island State Airport,Block Island,United States,41.1680984497,-71.577796936
NME,PAGT,Nightmute Airport,Nightmute,United States,60.471000671387,-164.70100402832
OOK,PAOO,Toksook Bay Airport,Toksook Bay,United States,60.54140091,-165.0870056
OBY,BGSC,Ittoqqortoormiit Heliport,Ittoqqortoormiit,Greenland,70.4882288244,-21.9716799259
VIN,UKWW,Vinnytsia/Gavyryshivka Airport,Vinnitsa,Ukraine,49.242531,28.613778
BGE,KBGE,Decatur County Industrial Air Park,Bainbridge,United States,30.9715004,-84.63739777
ZGS,CTT5,La Romaine Airport,La Romaine,Canada,50.259701,-60.679401
ZKG,CTK6,Kegaska Airport,Kegaska,Canada,50.1958007812,-61.2658004761
YBI,CCE4,Black Tickle Airport,Black Tickle,Canada,53.4693984985,-55.7849998474
WHP,KWHP,Whiteman Airport,Los Angeles,United States,34.2593002319,-118.413002014
MAE,KMAE,Madera Municipal Airport,Madera,United States,36.9886016846,-120.111999512
YZZ,CAD4,Trail Airport,Trail,Canada,49.0555992126,-117.60900116
YAB,CJX7,Old Arctic Bay Airport,Arctic Bay,Canada,73.0058922479,-85.0325489044
GSI,SOGS,Grand-Santi Airport,Grand-Santi,French Guiana,4.285833,-54.373056
MPY,SOOA,Maripasoula Airport,Maripasoula,French Guiana,3.6575,-54.037201
LDX,SOOM,Saint-Laurent-du-Maroni Airport,Saint-Laurent-du-Maroni,French Guiana,5.48306,-54.034401
KJI,ZWKN,Kanas Airport,Burqin,China,48.2223,86.9959
CPB,SKCA,Capurganá Airport,Capurgana,Colombia,8.63333,-77.35
HMB,HEMK,Sohag International Airport,Sohag,Egypt,26.342778,31.742778
RVY,SURV,Presidente General Don Oscar D. Gestido International Airport,Rivera,Uruguay,-30.97459983825684,-55.476200103759766
POJ,SNPD,Patos de Minas Airport,Patos de Minas,Brazil,-18.672800064086918,-46.4911994934082
JTC,SJTC,Bauru - Arealva Airport,Bauru,Brazil,-22.1668591409,-49.0502866745
OIA,SDOW,Ourilândia do Norte Airport,Ourilandia do Norte,Brazil,-6.763100147250001,-51.0499000549
RDC,SNDC,Redenção Airport,Redencao,Brazil,-8.033289909362793,-49.97990036010742
SXX,SNFX,São Félix do Xingu Airport,Sao Felix do Xingu,Brazil,-6.6413,-51.9523
BYO,SJDB,Bonito Airport,Bointo,Brazil,-21.247299,-56.452499
SXO,SWFX,São Félix do Araguaia Airport,Sao Felix do Araguaia,Brazil,-11.632399559020996,-50.68960189819336
CFC,SBCD,Caçador Airport,Cacador,Brazil,-26.78840065,-50.9398002625
CAF,SWCA,Carauari Airport,Carauari,Brazil,-4.871520042419434,-66.89749908447266
ERN,SWEI,Eirunepé Airport,Eirunepe,Brazil,-6.639530181884766,-69.87979888916016
CCI,SSCK,Concórdia Airport,Concordia,Brazil,-27.180599212646484,-52.05270004272461
FBE,SSFB,Francisco Beltrão Airport,Francisco Beltrao,Brazil,-26.059200286865234,-53.0634994506836
CFO,SJHG,Confresa Airport,Confresa,Brazil,-10.634400367736816,-51.5635986328125
AAF,KAAF,Apalachicola Regional Airport,Apalachicola,United States,29.72750092,-85.02749634
UMU,SSUM,Umuarama Airport,Umuarama,Brazil,-23.7987003326416,-53.31380081176758
DTI,SNDT,Diamantina Airport,Diamantina,Brazil,-18.232000351,-43.6503982544
FBA,SWOB,Fonte Boa Airport,Fonte Boa,Brazil,-2.5326099395800004,-66.0831985474
OLC,SDCG,Senadora Eunice Micheles Airport,Sao Paulo de Olivenca,Brazil,-3.46792950765,-68.9204120636
HUW,SWHT,Humaitá Airport,Humaita,Brazil,-7.532120227810001,-63.072101593
IRZ,SWTP,Tapuruquara Airport,Santa Isabel do Rio Negro,Brazil,-0.3786,-64.9923
ORX,SNOX,Oriximiná Airport,Oriximina,Brazil,-1.714079976081848,-55.83620071411133
UNA,SBTC,Hotel Transamérica Airport,Una,Brazil,-15.3551998138,-38.9990005493
TEF,YTEF,Telfer Airport,Telfer,Australia,-21.71500015258789,122.22899627685548
GZP,LTGP,Gazipaşa Airport,Alanya,Turkey,36.299217,32.300598
OAA,OASH,Shank Air Base,Shank,Afghanistan,33.9225,69.07722222219999
FPR,KFPR,St Lucie County International Airport,Fort Pierce,United States,27.49510002,-80.36830139
PYM,KPYM,Plymouth Municipal Airport,Plymouth,United States,41.909,-70.728798
NCO,KOQU,Quonset State Airport,North Kingstown,United States,41.597099304199,-71.412101745605
OWD,KOWD,Norwood Memorial Airport,Norwood,United States,42.1904983521,-71.1728973389
BAF,KBAF,Westfield-Barnes Regional Airport,Westfield,United States,42.157799,-72.715599
MGJ,KMGJ,Orange County Airport,Montgomery,United States,41.50999832,-74.26460266
HAR,KCXY,Capital City Airport,Harrisburg,United States,40.2170982361,-76.85150146480001
DXR,KDXR,Danbury Municipal Airport,Danbury,United States,41.3714981079,-73.48220062259999
ASH,KASH,Boire Field,Nashua,United States,42.7817001343,-71.51480102539999
LWM,KLWM,Lawrence Municipal Airport,Lawrence,United States,42.7172012329,-71.1233978271
OXC,KOXC,Waterbury Oxford Airport,Oxford,United States,41.47859954834,-73.135200500488
RMG,KRMG,Richard B Russell Airport,Rome,United States,34.3506011963,-85.15799713130001
GAD,KGAD,Northeast Alabama Regional Airport,Gadsden,United States,33.972599,-86.088996
WDR,KWDR,Barrow County Airport,Winder,United States,33.98289871,-83.66739655
DNN,KDNN,Dalton Municipal Airport,Dalton,United States,34.72290039,-84.87020111
LGC,KLGC,LaGrange Callaway Airport,LaGrange,United States,33.0089,-85.072601
PIM,KPIM,Harris County Airport,Pine Mountain,United States,32.8406982422,-84.8824005127
GVL,KGVL,Lee Gilmer Memorial Airport,Gainesville,United States,34.27259827,-83.8302002
PHD,KPHD,Harry Clever Field,New Philadelpha,United States,40.470901489258,-81.419700622559
HHH,KHXD,Hilton Head Airport,Hilton Head Island,United States,32.2243995667,-80.6975021362
DNL,KDNL,Daniel Field,Augusta,United States,33.4664993286,-82.0393981934
MRN,KMRN,Foothills Regional Airport,Morganton,United States,35.820202,-81.611397
PVL,KPBX,Pike County-Hatcher Field,Pikeville,United States,37.5617981,-82.56639862
TOC,KTOC,Toccoa Airport - R.G. Letourneau Field,Toccoa,United States,34.59379959,-83.29579926
PLV,UKHP,Suprunovka Airport,Poltava,Ukraine,49.56859970092773,34.39720153808594
WUU,HSWW,Wau Airport,Wau,Sudan,7.725830078119999,27.9750003815
HUE,HAHU,Humera Airport,Humera,Ethiopia,14.25,36.58300018310547
OYL,HKMY,Moyale Airport,Moyale,Kenya,3.46972,39.101398
OZG,GMAZ,Zagora Airport,Zagora,Morocco,30.3202991486,-5.86667013168
WYE,GFYE,Yengema Airport,Yengema,Sierra Leone,8.610469818115234,-11.04539966583252
GBK,GFGK,Gbangbatok Airport,Gbangbatok,Sierra Leone,7.767000198364258,-12.383000373840332
THX,UOTT,Turukhansk Airport,Turukhansk,Russia,65.797203064,87.9353027344
TGP,UNIP,Podkamennaya Tunguska Airport,Bor,Russia,61.589699,89.994003
AFW,KAFW,Fort Worth Alliance Airport,Fort Worth,United States,32.9875984192,-97.3188018799
RMK,YREN,Renmark Airport,Renmark,Australia,-34.1963996887207,140.6739959716797
LGH,YLEC,Leigh Creek Airport,Leigh Creek,Australia,-30.59830093383789,138.42599487304688
RTS,YRTI,Rottnest Island Airport,Rottnest Island,Australia,-32.006699,115.540001
FOS,YFRT,Forrest Airport,Forrest,Australia,-30.83810043334961,128.11500549316406
KEW,CPV8,Keewaywin Airport,Keewaywin,Canada,52.9911003113,-92.8364028931
YSP,CYSP,Marathon Airport,Marathon,Canada,48.75529861450195,-86.34439849853516
YHF,CYHF,Hearst René Fontaine Municipal Airport,Hearst,Canada,49.71419906616211,-83.68609619140625
YHN,CYHN,Hornepayne Municipal Airport,Hornepayne,Canada,49.19309997558594,-84.75890350341797
YKX,CYKX,Kirkland Lake Airport,Kirkland Lake,Canada,48.21030044555664,-79.98139953613281
YMG,CYMG,Manitouwadge Airport,Manitouwadge,Canada,49.08390045166016,-85.86060333251953
YXZ,CYXZ,Wawa Airport,Wawa,Canada,47.96670150756836,-84.78669738769531
YEM,CYEM,Manitoulin East Municipal Airport,Manitowaning,Canada,45.84280014038086,-81.85810089111328
LWC,KLWC,Lawrence Municipal Airport,Lawrence,United States,39.01119995,-95.21659851
PPM,KPMP,Pompano Beach Airpark,Pompano Beach,United States,26.247100830078,-80.111099243164
XMC,YMCO,Mallacoota Airport,Mallacoota,Australia,-37.59830093383789,149.72000122070312
ULH,OEAO,Majeed Bin Abdulaziz Airport,Al-Ula,Saudi Arabia,26.48,38.1288888889
YUE,YYND,Yuendumu Airport,Yuendumu ,Australia,-22.254199981689453,131.78199768066406
LOP,WADL,Lombok International Airport,Praya,Indonesia,-8.757322,116.276675
ZMH,CZML,South Cariboo Region / 108 Mile Airport,108 Mile Ranch,Canada,51.7360992432,-121.333000183
HDG,ZBHD,Handan Airport,Handan,China,36.5258333333,114.425555556
LOZ,KLOZ,London-Corbin Airport/Magee Field,London,United States,37.0821990967,-84.08489990230001
FBG,KFBG,Simmons Army Air Field,Fredericksburg,United States,35.13180161,-78.93669891
WMI,EPMO,Modlin Airport,Warsaw,Poland,52.451099,20.6518
JXA,ZYJX,Jixi Xingkaihu Airport,Jixi,China,45.293,131.193
JDG,RKPD,Jeongseok Airport,Seogwipo,South Korea,33.3996009827,126.711997986
YGM,CYGM,Gimli Industrial Park Airport,Gimli,Canada,50.62810134887695,-97.04329681396484
EYK,USHY,Beloyarskiy Airport,Beloyarsky,Russia,63.686901,66.698601
RAC,KRAC,John H Batten Airport,Racine,United States,42.7606010437,-87.8152008057
RZP,RPSD,Cesar Lim Rodriguez Airport,Taytay,Philippines,10.81874,119.507697
RKZ,ZURK,Shigatse Air Base,Shigatse,China,29.3519,89.311401
TIW,KTIW,Tacoma Narrows Airport,Tacoma,United States,47.26789856,-122.5780029
GUF,KJKA,Jack Edwards Airport,Gulf Shores,United States,30.29050064,-87.67179871
IBB,SEII,General Villamil Airport,Isabela,Ecuador,-0.942628026009,-90.9530029297
HMJ,UKLH,Khmelnytskyi Airport,Khmeinitskiy,Ukraine,49.359699,26.933399
HIW,RJBH,Hiroshimanishi Airport,Hiroshima,Japan,34.36690139770508,132.41400146484375
KYI,YYTA,Yalata Mission Airport,Yalata,Australia,-31.470600128173828,131.8249969482422
HZL,KHZL,Hazleton Municipal Airport,Hazleton,United States,40.9868011475,-75.9949035645
CBE,KCBE,Greater Cumberland Regional Airport,Cumberland,United States,39.615398407,-78.7609024048
WYN,YWYM,Wyndham Airport,Wyndham,Australia,-15.51140022277832,128.1529998779297
YBO,CBW4,Bob Quinn Lake Airport,Bob Quinn Lake,Canada,56.9667015076,-130.25
KLF,UUBC,Grabtsevo Airport,Kaluga,Russia,54.5499992371,36.3666687012
LNR,KLNR,Tri-County Regional Airport,Lone Rock,United States,43.2117004395,-90.181602478
JOT,KJOT,Joliet Regional Airport,Joliet,United States,41.51779938,-88.17549896
VYS,KVYS,Illinois Valley Regional Airport-Walter A Duncan Field,Peru,United States,41.351898,-89.153099
JXN,KJXN,Jackson County Reynolds Field,Jackson,United States,42.2597999573,-84.45939636230001
BBX,KLOM,Wings Field,Philadelphia,United States,40.1375007629,-75.2650985718
OBE,KOBE,Okeechobee County Airport,Okeechobee,United States,27.2628002167,-80.8498001099
SEF,KSEF,Sebring Regional Airport,Sebring,United States,27.45639992,-81.3423996
AVO,KAVO,Avon Park Executive Airport,Avon Park,United States,27.59119987,-81.52780151
GIF,KGIF,Winter Haven Regional Airport - Gilbert Field,Winter Haven,United States,28.062901,-81.753304
ZPH,KZPH,Zephyrhills Municipal Airport,Zephyrhills,United States,28.2282009125,-82.15589904790001
OCF,KOCF,Ocala International Airport - Jim Taylor Field,Ocala,United States,29.17259979,-82.22419739
AIK,KAIK,Aiken Regional Airport,Aiken,United States,33.649399,-81.684998
CDN,KCDN,Woodward Field,Camden,United States,34.2835998535,-80.56490325930001
LBT,KLBT,Lumberton Regional Airport,Lumberton,United States,34.6099014282,-79.05940246579999
SOP,KSOP,Moore County Airport,Pinehurst-Southern Pines,United States,35.23740005,-79.3911972
SVH,KSVH,Statesville Regional Airport,Statesville,United States,35.765300750732,-80.953903198242
LHV,KLHV,William T. Piper Memorial Airport,Lock Haven,United States,41.13560104,-77.42230225
BKL,KBKL,Burke Lakefront Airport,Cleveland,United States,41.51750183105469,-81.68329620361328
DKK,KDKK,Chautauqua County-Dunkirk Airport,Dunkirk,United States,42.49330139,-79.27200317
LLY,KVAY,South Jersey Regional Airport,Mount Holly,United States,39.9429016113,-74.845703125
LDJ,KLDJ,Linden Airport,Linden,United States,40.617401123,-74.2445983887
ANQ,KANQ,Tri State Steuben County Airport,Angola,United States,41.639702,-85.083504
CLW,KCLW,Clearwater Air Park,Clearwater,United States,27.9766998291,-82.7586975098
CGX,KCGX,Chicago Meigs Airport,Chicago,United States,41.85879898071289,-87.60790252685547
CRE,KCRE,Grand Strand Airport,North Myrtle Beach,United States,33.8116989136,-78.72389984130001
BXO,LSZC,Buochs Airport,Buochs,Switzerland,46.974444,8.396944
WBW,KWBW,Wilkes Barre Wyoming Valley Airport,Wilkes-Barre,United States,41.2971992493,-75.8511962891
LNN,KLNN,Willoughby Lost Nation Municipal Airport,Willoughby,United States,41.6839981079,-81.3897018433
UMD,BGUM,Uummannaq Heliport,Uummannaq,Greenland,70.6804279261,-52.1116304398
RLK,ZBYZ,Bayannur Tianjitai Airport,Bayannur,China,40.926,107.7428
FFT,KFFT,Capital City Airport,Frankfort,United States,38.18249893,-84.90470123
LEW,KLEW,Auburn Lewiston Municipal Airport,Lewiston,United States,44.048500061,-70.2835006714
MRK,KMKY,Marco Island Executive Airport,Marco Island Airport,United States,25.995001,-81.672501
DRE,KDRM,Drummond Island Airport,Drummond Island,United States,46.0093002319,-83.74389648440001
GDW,KGDW,Gladwin Zettel Memorial Airport,Gladwin,United States,43.9706001282,-84.47499847410002
MFI,KMFI,Marshfield Municipal Airport,Marshfield,United States,44.6369018555,-90.1893005371
ISW,KISW,Alexander Field South Wood County Airport,Wisconsin Rapids,United States,44.3602981567,-89.83899688720001
CWI,KCWI,Clinton Municipal Airport,Clinton,United States,41.8311004639,-90.3291015625
BVY,KBVY,Beverly Municipal Airport,Beverly,United States,42.5842018127,-70.91649627689999
OSF,UUMO,Ostafyevo International Airport,Moscow,Russia,55.511667,37.507222
YRQ,CYRQ,Trois-Rivières Airport,Trois Rivieres,Canada,46.35279846191406,-72.67939758300781
POF,KPOF,Poplar Bluff Municipal Airport,Poplar Bluff,United States,36.773899078369,-90.324897766113
EOK,KEOK,Keokuk Municipal Airport,Keokuk,United States,40.4598999023,-91.4284973145
PSL,EGPT,Perth/Scone Airport,Perth,United Kingdom,56.43920135498047,-3.372220039367676
STP,KSTP,St Paul Downtown Holman Field,St. Paul,United States,44.93450164794922,-93.05999755859376
SOO,ESNY,Söderhamn Airport,Soderhamn,Sweden,61.26150131225586,17.09910011291504
VNA,VLSV,Saravane Airport,Saravane,Laos,15.7094392077,106.410698891
DKS,UODD,Dikson Airport,Dikson,Russia,73.51780700683594,80.37966918945312
BYT,EIBN,Bantry Aerodrome,Bantry,Ireland,51.66859817504883,-9.484169960021973
ADY,FAAL,Alldays Airport,Alldays,South Africa,-22.6790008545,29.0555000305
HAO,KHAO,Butler Co Regional Airport - Hogan Field,Hamilton,United States,39.3638000488,-84.5220031738
GAS,HKGA,Garissa Airport,Garissa,Kenya,-0.4635080099105835,39.64830017089844
HOA,HKHO,Hola Airport,Hola,Kenya,-1.5219999551773071,40.00400161743164
KEY,HKKR,Kericho Airport,Kericho,Kenya,-0.3899,35.242093
ILU,HKKL,Kilaguni Airport,Kilaguni,Kenya,-2.9106099605560303,38.06520080566406
ATJ,FMME,Antsirabe Airport,Antsirabe,Madagascar,-19.8392214824,47.0637130737
OVA,FMSL,Bekily Airport,Bekily,Madagascar,-24.235694754699995,45.3045272827
UTS,UUYX,Ust-Tsylma Airport,Ust-Tsylma,Russia,65.43729400630001,52.20033645629999
RGK,UNBG,Gorno-Altaysk Airport,Gorno-Altaysk,Russia,51.9667015076,85.8332977295
FLD,KFLD,Fond du Lac County Airport,Fond du Lac,United States,43.7711982727,-88.48840332030001
STE,KSTE,Stevens Point Municipal Airport,Stevens Point,United States,44.5452003479,-89.530296325684
MQJ,UEMA,Moma Airport,Honuu,Russia,66.450861,143.261551
PEF,EDCP,Peenemünde Airport,Peenemunde,Germany,54.1577796936,13.774443626399998
CJN,WI1A,Nusawiru Airport,Nusawiru,Indonesia,-7.719895,108.488995
GQQ,KGQQ,Galion Municipal Airport,Galion,United States,40.7533988953,-82.7238006592
TPN,SETI,Tiputini Airport,Tiputini,Ecuador,-0.7761110067367554,-75.52639770507812
PTZ,SESM,Rio Amazonas Airport,Pastaza,Ecuador,-1.5052399635299998,-78.0626983643
CKV,KCKV,Clarksville–Montgomery County Regional Airport,Clarksville,United States,36.6218986511,-87.4150009155
LPC,KLPC,Lompoc Airport,Lompoc,United States,34.665599823,-120.468002319
CTH,KMQS,Chester County G O Carlson Airport,Coatesville,United States,39.97900009,-75.8655014
BST,OABT,Bost Airport,Lashkar Gah,Afghanistan,31.55970001220703,64.36499786376953
LLK,UBBL,Lankaran International Airport,Lankaran,Azerbaijan,38.7463989258,48.8180007935
GBB,UBBQ,Gabala International Airport,Qabala,Azerbaijan,40.826667,47.7125
ZTU,UBBY,Zaqatala International Airport,Zaqatala,Azerbaijan,41.562222,46.667221
LKP,KLKP,Lake Placid Airport,Lake Placid,United States,44.2644996643,-73.96189880370001
KDY,UEMH,Typliy Klyuch Airport,Khandyga,Russia,62.7890014648,136.854995728
GYG,UEMM,Magan Airport,Yakutsk,Russia,62.103484,129.545288
JIQ,ZUQJ,Qianjiang Wulingshan Airport,Qianjiang,China,29.5133333333,108.831111111
AOH,KAOH,Lima Allen County Airport,Lima,United States,40.706902,-84.026703
DSO,ZKSD,Sondok Airport,Hamhung,North Korea,39.745201,127.473999
SSI,KSSI,Malcolm McKinnon Airport,Brunswick,United States,31.15180016,-81.39129639
BFP,KBVI,Beaver County Airport,Beaver Falls,United States,40.7724990845,-80.39140319820001
GGE,KGGE,Georgetown County Airport,Georgetown,United States,33.3116989136,-79.3196029663
HDI,KHDI,Hardwick Field,Cleveland,United States,35.22010040283203,-84.8323974609375
RNT,KRNT,Renton Municipal Airport,Renton,United States,47.4930992126,-122.216003418
POC,KPOC,Brackett Field,La Verne,United States,34.091598510742,-117.78199768066
CTY,KCTY,Cross City Airport,Cross City,United States,29.6354999542,-83.10479736330001
CEU,KCEU,Oconee County Regional Airport,Clemson,United States,34.6719017,-82.8864975
BEC,KBEC,Beech Factory Airport,Wichita,United States,37.6944999695,-97.21499633790002
QFO,EGSU,Duxford Aerodrome,Duxford,United Kingdom,52.090801,0.131944
SNY,KSNY,Sidney Municipal-Lloyd W Carr Field,Sidney,United States,41.10129929,-102.9850006
GKL,YGKL,Great Keppel Is Airport,Great Keppel Island,Australia,-23.1833000183,150.942001343
RPB,YRRB,Roper Bar Airport,Roper Bar,Australia,-14.734814,134.525485
IFL,YIFL,Innisfail Airport,Innisfail,Australia,-17.55940055847168,146.01199340820312
JRF,PHJR,Kalaeloa Airport,Kapolei,United States,21.3074,-158.070009
BIN,OABN,Bamiyan Airport,Bamyan,Afghanistan,34.81700134277344,67.81700134277344
NBS,ZYBS,Changbaishan Airport,Baishan,China,42.066944,127.602222
RGO,ZKHM,Orang Airport,Chongjin,North Korea,41.428538,129.647555
MOO,YOOM,Moomba Airport,Moomba,Australia,-28.09939956665039,140.19700622558594
LUZ,EPLB,Lublin Airport,Lublin,Poland,51.240278,22.713611
ECA,K6D9,Iosco County Airport,East Tawas,United States,44.312801,-83.422302
VAM,VRMV,Villa Airport,Maamigili,Maldives,3.47055555556,72.8358333333
LLF,ZGLG,Lingling Airport,Yongzhou,China,26.338661,111.610043
LSZ,LDLO,Lošinj Island Airport,Mali Losinj,Croatia,44.5657997131,14.3930997849
ONS,YOLW,Onslow Airport,Onslow,Australia,-21.668300628662,115.1129989624
TDR,YTDR,Theodore Airport,Theodore,Australia,-24.99329948425293,150.09300231933594
WBU,KBDU,Boulder Municipal Airport,Boulder,United States,40.0393981934,-105.225997925
BBJ,EDRB,Bitburg Airport,Birburg,Germany,49.945278,6.565
PAO,KPAO,Palo Alto Airport of Santa Clara County,Palo Alto,United States,37.461101532,-122.114997864
USR,UEMT,Ust-Nera Airport,Ust-Nera,Russia,64.550003051758,143.11500549316
MSC,KFFZ,Falcon Field,Mesa,United States,33.4608001709,-111.727996826
YTY,ZSYA,Yangzhou Taizhou Airport,Yangzhou,China,32.5634,119.7198
PTK,KPTK,Oakland County International Airport,Pontiac,United States,42.665500640869,-83.420097351074
KSI,GUKU,Kissidougou Airport,Kissidougou,Guinea,9.1605596542358,-10.124400138855
EEN,KEEN,Dillant Hopkins Airport,Keene,United States,42.898399353027344,-72.27079772949219
THQ,ZLTS,Tianshui Maijishan Airport,Tianshui,China,34.5593986511,105.86000061
VRO,MUKW,Kawama Airport,Kawama,Cuba,23.1240005493,-81.3015975952
GKK,VRMO,Kooddoo Airport,Kooddoo,Maldives,0.7324,73.4336
RCS,EGTO,Rochester Airport,Rochester,United Kingdom,51.351898193359375,0.5033329725265503
RHD,SANR,Termas de Río Hondo international Airport,Rio Hondo,Argentina,-27.4966,-64.93595
KMP,FYKT,Keetmanshoop Airport,Keetmanshoop,Namibia,-26.5398006439209,18.111400604248047
KGT,ZUKD,Kangding Airport,Kangding,China,30.1575,101.734722
VUS,ULWU,Velikiy Ustyug Airport,Veliky Ustyug,Russia,60.78829956054688,46.2599983215332
IOW,KIOW,Iowa City Municipal Airport,Iowa City,United States,41.6391983032,-91.5465011597
TLQ,ZWTP,Turpan Jiaohe Airport,Turpan,China,43.0308,89.0987
ANP,KANP,Lee Airport,Annapolis,United States,38.942902,-76.568398
FXO,FQCB,Cuamba Airport,Cuamba,Mozambique,-14.815,36.529999
ODO,UIKB,Bodaybo Airport,Bodaibo,Russia,57.8661003113,114.242996216
ZTR,UKKV,Zhytomyr Airport,Zhytomyr,Ukraine,50.270556,28.738611
HRI,VCRI,Mattala Rajapaksa International Airport,Mattala,Sri Lanka,6.284467,81.124128
PEQ,KPEQ,Pecos Municipal Airport,Pecos,United States,31.382400512695,-103.51100158691
HBG,KHBG,Hattiesburg Bobby L Chain Municipal Airport,Hattiesburg,United States,31.26479912,-89.25279999
QCJ,SDBK,Botucatu - Tancredo de Almeida Neves Airport,Botucatu,Brazil,-22.939501,-48.467999
QSC,SDSC,Mário Pereira Lopes–São Carlos Airport,Sao Carlos,Brazil,-21.875401,-47.903703
YKN,KYKN,Chan Gurney Municipal Airport,Yankton,United States,42.916698455811,-97.385902404785
XSB,OMBY,Sir Bani Yas Airport,Sir Bani Yas Island,United Arab Emirates,24.283611,52.580278
ZBM,CZBM,Bromont (Roland Desourdy) Airport,Bromont,Canada,45.2907981873,-72.74140167239999
KTI,VDKT,Kratie Airport,Kratie,Cambodia,12.48799991607666,106.05500030517578
GYU,ZLGY,Guyuan Liupanshan Airport,Guyuan,China,36.0788888889,106.216944444
CNI,ZYCH,Changhai Airport,Changhai,China,39.2666666667,122.666944444
KRH,EGKR,Redhill Aerodrome,Redhill,United Kingdom,51.2136001587,-0.138611003757
JGD,ZYJD,Jiagedaqi Airport,Jiagedaqi District,China,50.371389,124.1175
CCL,YCCA,Chinchilla Airport,Chinchilla,Australia,-26.774999618530277,150.61700439453125
HWD,KHWD,Hayward Executive Airport,Hayward,United States,37.659198761,-122.122001648
MZP,NZMK,Motueka Airport,Motueka,New Zealand,-41.12329864501953,172.98899841308594
JHQ,YSHR,Shute Harbour Airport,Shute Harbour,Australia,-20.277221,148.755556
ARB,KARB,Ann Arbor Municipal Airport,Ann Arbor,United States,42.2229995728,-83.74559783939999
SHT,YSHT,Shepparton Airport,Shepparton,Australia,-36.42890167236328,145.39300537109375
TEM,YTEM,Temora Airport,Temora,Australia,-34.4213981628418,147.51199340820312
GAH,YGAY,Gayndah Airport,Gayndah,Australia,-25.61440086364746,151.61900329589844
WIO,YWCA,Wilcannia Airport,Wilcannia,Australia,-31.52639961242676,143.375
BFJ,ZUBJ,Bijie Feixiong Airport,Bijie,China,27.267066,105.472097
ULK,UERL,Lensk Airport,Lensk,Russia,60.7206001282,114.825996399
KVR,UHWK,Kavalerovo Airport,Kavalerovo,Russia,44.2726,135.029
IGD,LTCT,Iğdır Airport,Igdir,Turkey,39.9766273499,43.8766479492
GNY,LTCS,Şanlıurfa GAP Airport,Sanliurfa,Turkey,37.445663,38.895592
KZR,LTBZ,Zafer Airport,Kutahya,Turkey,39.113079,30.128111
VLU,ULOL,Velikiye Luki Airport,Velikiye Luki,Russia,56.38109970092773,30.60810089111328
BEO,YPEC,Lake Macquarie Airport,Lake Macquarie,Australia,-33.0667,151.647995
BMP,YBPI,Brampton Island Airport,Brampton Island,Australia,-20.803300857543945,149.27000427246094
NGZ,KNGZ,Alameda Naval Air Station,Alameda,United States,37.78889846801758,-122.31999969482422
YCN,CYCN,Cochrane Airport,Cochrane,Canada,49.10559844970703,-81.01360321044922
BJP,SBBP,Estadual Arthur Siqueira Airport,Braganca Paulista,Brazil,-22.979162,-46.537508
BQB,YBLN,Busselton Regional Airport,Brusselton,Australia,-33.6884231567,115.401596069
SEK,UESK,Srednekolymsk Airport,Srednekolymsk,Russia,67.4805,153.7364
IVR,YIVL,Inverell Airport,Inverell,Australia,-29.888299942,151.143997192
GLI,YGLI,Glen Innes Airport,Glen Innes,Australia,-29.674999237060547,151.68899536132812
IMM,KIMM,Immokalee Regional Airport,Immokalee ,United States,26.43320084,-81.40100098
TQQ,WA44,Maranggo Airport,Sulawesi Tenggara,Indonesia,-5.7645702362061,123.91699981689
YIC,ZSYC,Yichun Mingyueshan Airport,Yichun,China,27.8025,114.3062
PTB,KPTB,Dinwiddie County Airport,Petersburg,United States,37.183799743652,-77.507400512695
SBM,KSBM,Sheboygan County Memorial Airport,Sheboygan,United States,43.76959991,-87.85140228
KFE,YFDF,Fortescue - Dave Forrest Aerodrome,Cloudbreak,Australia,-22.290754,119.437143
BJU,VNBR,Bajura Airport,Bajura,Nepal,29.50200080871582,81.66899871826172
MZJ,KMZJ,Pinal Airpark,Marana,United States,32.5106010437,-111.32800293
SAD,KSAD,Safford Regional Airport,Safford,United States,32.85480118,-109.6350021
SLJ,YSOL,Solomon Airport,Solomon,Australia,-22.2554,117.7627
KJP,ROKR,Kerama Airport,Kerama,Japan,26.1683006287,127.292999268
EKB,UASB,Ekibastuz Airport,Ekibastuz,Kazakhstan,51.59099960327149,75.21499633789062
SIK,KSIK,Sikeston Memorial Municipal Airport,Sikeston,United States,36.898899078369,-89.561798095703
TTI,NTTE,Tetiaroa Airport,Tetiaroa,French Polynesia,-17.0132999420166,-149.58700561523438
GFL,KGFL,Floyd Bennett Memorial Airport,Queensbury,United States,43.3412017822,-73.6102981567
MTN,KMTN,Martin State Airport,Baltimore,United States,39.325699,-76.413803
FRY,KIZG,Eastern Slopes Regional Airport,Fryeburg,United States,43.9911003113,-70.9478988647
NEW,KNEW,Lakefront Airport,New Orleans,United States,30.042400360107,-90.028297424316
COE,KCOE,Coeur D'Alene - Pappy Boyington Field,Coeur d'Alene,United States,47.77429962,-116.8199997
BMT,KBMT,Beaumont Municipal Airport,Beaumont,United States,30.0706996918,-94.21579742430002
DNV,KDNV,Vermilion Regional Airport,Danville,United States,40.19919968,-87.59590149
COJ,YCBB,Coonabarabran Airport,Coonabarabran,Australia,-31.332500457763672,149.26699829101562
TIX,KTIX,Space Coast Regional Airport,Titusville,United States,28.514799118042,-80.799201965332
BZH,FVBM,Bumi Airport,Bumi Hills,Zimbabwe,-16.8169994354,28.3500003815
UAR,GMFB,Bouarfa Airport,Bouarfa,Morocco,32.5143055556,-1.98305555556
NYE,HKNI,Nyeri Airport,NYERI,Kenya,-0.3644140064716339,36.97848510742188
AAP,KAAP,Andrau Airpark,Houston,United States,29.7224998474,-95.5883026123
FCM,KFCM,Flying Cloud Airport,Eden Prairie,United States,44.8272018433,-93.4570999146
LIX,FWLK,Likoma Island Airport,Likoma Island,Malawi,-12.075833,34.737222
OJC,KOJC,Johnson County Executive Airport,Olathe,United States,38.84759903,-94.73760223
GIU,VCCS,Sigiriya Air Force Base,Sigiriya,Sri Lanka,7.956669807430001,80.7285003662
EUM,EDHN,Neumünster Airport,Neumuenster,Germany,54.07944488525391,9.941389083862305
TKT,VTPT,Tak Airport,Tak,Thailand,16.895999908447266,99.25330352783205
YLK,CYLS,Barrie-Orillia (Lake Simcoe Regional Airport),Barrie-Orillia,Canada,44.4852981567,-79.55560302730001
YCM,CYSN,Niagara District Airport,Saint Catherines,Canada,43.19169998168945,-79.17169952392578
YPD,CNK4,Parry Sound Area Municipal Airport,Parry Sound,Canada,45.2575,-79.829697
MNZ,KHEF,Manassas Regional Airport/Harry P. Davis Field,Manassas,United States,38.72140121,-77.51540375
LJN,KLBX,Texas Gulf Coast Regional Airport,Angleton,United States,29.1086006165,-95.462097168
BGG,LTCU,Bingöl Çeltiksuyu Airport,Bingol,Turkey,38.8592605591,40.5959625244
KFS,LTAL,Kastamonu Airport,Kastamonu,Turkey,41.31420135498047,33.795799255371094
LLV,ZBLL,Lüliang Airport,Lvliang,China,37.683333,111.142778
DCY,ZUDC,Daocheng Yading Airport,Daocheng,China,29.323056,100.053333
GXH,ZLXH,Gannan Xiahe Airport,Xiahe city,China,34.8105,102.6447
CIY,LICB,Comiso Airport,Comiso,Italy,36.994601,14.607182
KVM,UHMO,Markovo Airport,Markovo,Russia,64.667,170.417007
ZKP,UESU,Zyryanka Airport,Zyryanka,Russia,65.7485,150.8889
UMS,UEMU,Ust-Maya Airport,Ust-Maya,Russia,60.356998443604,134.43499755859
ADH,UEEA,Aldan Airport,Aldan,Russia,58.60279846191406,125.40899658203124
OLZ,UEMO,Olyokminsk Airport,Olekminsk,Russia,60.397499,120.471001
NLT,ZWNL,Xinyuan Nalati Airport,Xinyuan,China,43.4318,83.3786
PTA,PALJ,Port Alsworth Airport,Port alsworth,United States,60.201681,-154.325863
BOR,LFSQ,Fontaine Airport,Belfort,France,47.655601501465,7.0108299255371
OBC,HDOB,Obock Airport,Obock,Djibouti,11.967000007629396,43.266998291015625
TDJ,HDTJ,Tadjoura Airport,Tadjoura,Djibouti,11.782999992370604,42.91699981689453
AQB,MGQC,Santa Cruz del Quiche Airport,Santa Cruz des Quiche,Guatemala,15.012200355529783,-91.15059661865234
NOR,BINF,Norðfjörður Airport,Nordfjordur,Iceland,65.13189697265625,-13.746399879455566
BTZ,LTBE,Bursa Airport,Bursa,Turkey,40.23329925537109,29.00919914245605
WAR,WAJR,Waris Airport,Waris-Papua Island,Indonesia,-3.235,140.994
EWK,KEWK,Newton City-County Airport,Newton,United States,38.0582008362,-97.2744979858
BSJ,YBNS,Bairnsdale Airport,Bairnsdale,Australia,-37.88750076293945,147.5679931640625
TZR,LHTA,Taszár Air Base,Columbus,United States,46.39310073852539,17.917499542236328
FBR,KFBR,Fort Bridger Airport,Fort Bridger,United States,41.3918991089,-110.406997681
CLS,KCLS,Chehalis Centralia Airport,Chehalis,United States,46.6769981384,-122.983001709
EVW,KEVW,Evanston-Uinta County Airport-Burns Field,Evanston,United States,41.27479935,-111.0350037
EUF,KEUF,Weedon Field,Eufala,United States,31.9512996674,-85.1288986206
MEO,KMQI,Dare County Regional Airport,Manteo,United States,35.91899872,-75.69550323
AUO,KAUO,Auburn University Regional Airport,Auburn,United States,32.615101,-85.433998
DBN,KDBN,W H 'Bud' Barron Airport,Dublin,United States,32.56439972,-82.98529816
PUK,NTGQ,Pukarua Airport,Pukarua,French Polynesia,-18.29560089111328,-137.01699829101562
CVO,KCVO,Corvallis Municipal Airport,Corvallis,United States,44.49720001,-123.2900009
PXH,YPMH,Prominent Hill Airport,Prominent Hill,Australia,-29.716,135.5244
CWT,YCWR,Cowra Airport,Chatsworth,Australia,-33.84469985961914,148.6490020751953
OGD,KOGD,Ogden Hinckley Airport,Ogden,United States,41.195899963379,-112.0120010376
AKO,KAKO,Colorado Plains Regional Airport,Akron,United States,40.1755981445,-103.222000122
SHN,KSHN,Sanderson Field,Shelton,United States,47.233600616455,-123.14800262451
WNA,PANA,Napakiak Airport,Napakiak,United States,60.69029998779297,-161.97900390625
PKA,PAPK,Napaskiak Airport,Napaskiak,United States,60.70289993,-161.7779999
YBW,CAB3,Bedwell Harbour Seaplane Base,Bedwell Harbour,Canada,48.75,-123.233001709
WSO,SMWS,Washabo Airport,Washabo,Suriname,5.215277,-57.185302
WKR,MYAW,Abaco I Walker C Airport,Walker's Cay,Bahamas,27.266700744628903,-78.39969635009766
GFO,SYBT,Bartica A Airport,Bartica,Guyana,6.358864,-58.655207
DYL,KDYL,Doylestown Airport,Doylestown,United States,40.3330001831,-75.1222991943
TGI,SPGM,Tingo Maria Airport,Tingo Maria,Peru,-9.133000373840332,-75.94999694824219
TJL,SSTL,Plínio Alarcom Airport,Tres Lagoas,Brazil,-20.754199981689,-51.684200286865
YZY,ZLZY,Zhangye Ganzhou Airport,Zhangye,China,38.8018989563,100.675003052
OAL,SSKW,Cacoal Airport,Cacoal,Brazil,-11.496,-61.4508
OCW,KOCW,Warren Field,Washington,United States,35.570499420166,-77.049797058105
MHC,SCPQ,Mocopulli Airport,Castro,Chile,-42.340388,-73.715693
SWO,KSWO,Stillwater Regional Airport,Stillwater,United States,36.161201477051,-97.08570098877
OKM,KOKM,Okmulgee Regional Airport,Okmulgee,United States,35.668098449707,-95.948699951172
CUH,KCUH,Cushing Municipal Airport,Cushing,United States,35.9499015808,-96.7731018066
CSM,KCSM,Clinton Sherman Airport,Clinton,United States,35.3398017883,-99.2005004883
WLD,KWLD,Strother Field,Winfield,United States,37.168598175,-97.0375976562
PWA,KPWA,Wiley Post Airport,Oklahoma City,United States,35.53419876,-97.64710236
DTN,KDTN,Shreveport Downtown Airport,Shreveport,United States,32.5401992798,-93.7450027466
SEP,KSEP,Stephenville Clark Regional Airport,Stephenville,United States,32.215301513672,-98.177696228027
ADT,KADH,Ada Regional Airport,Ada,United States,34.804298,-96.671303
IRB,K2F0,Iraan Municipal Airport,Iraan,United States,30.9057006836,-101.891998291
YEL,CYEL,Elliot Lake Municipal Airport,ELLIOT LAKE,Canada,46.351398468,-82.5614013672
IKB,KUKF,Wilkes County Airport,North Wilkesboro,United States,36.2228012085,-81.09829711910001
DAN,KDAN,Danville Regional Airport,Danville,United States,36.572898864746094,-79.33609771728516
ERG,UIKE,Yerbogachen Airport,Yerbogachen,Russia,61.2750015259,108.029998779
HCW,KCQW,Cheraw Municipal Airport/Lynch Bellinger Field,Cheraw,United States,34.71289825,-79.95700073
BEM,GMMD,Beni Mellal Airport,Beni Mellal,Morocco,32.401895,-6.315905
NKT,LTCV,Şırnak Şerafettin Elçi Airport,Cizre,Turkey,37.3647,42.0582
SUY,UENS,Suntar Airport,Suntar,Russia,62.185001373291,117.63500213623
OUZ,GQPZ,Tazadit Airport,Zouerat,Mauritania,22.75639915466309,-12.483599662780762
ABB,DNAS,Asaba International Airport,Asaba,Nigeria,6.204167,6.665278
QUO,DNAI,Akwa Ibom International Airport,Uyo,Nigeria,4.8725,8.093
KAA,FLKS,Kasama Airport,Kasama,Zambia,-10.216699600219728,31.13330078125
SGX,HTSO,Songea Airport,Songea,Tanzania,-10.68299961090088,35.58300018310547
JUH,ZSJH,Jiuhuashan Airport,Chizhou,China,30.7403,117.6856
AOG,ZYAS,Anshan Air Base,Anshan,China,41.105301,122.853996
DQA,ZYDQ,Saertu Airport,Daqing,China,46.7463888889,125.140555556
ZYI,ZUZY,Zunyi Xinzhou Airport,Zunyi,China,27.5895,107.0007
LDS,ZYLD,Lindu Airport,Yinchun,China,47.7520555556,129.019125
AVA,ZUAS,Anshun Huangguoshu Airport,Anshun,China,26.2605555556,105.873333333
KSS,GASK,Sikasso Airport,Sikasso,Mali,11.333000183105469,-5.699999809265137
WTB,YBWW,Toowoomba Wellcamp Airport,Toowoomba,Australia,-27.558332,151.793335
TNH,ZYTN,Tonghua Sanyuanpu Airport,Tonghua,China,42.2538888889,125.703333333
SZV,ZSSZ,Suzhou Guangfu Airport,Suzhou,China,31.2631,120.401001
LII,WAJM,Mulia Airport,Mulia,Indonesia,-3.7018,137.957
NTI,WASB,Stenkol Airport,Bintuni,Indonesia,-2.1033,133.5164
WSR,WASW,Wasior Airport,Wasior,Indonesia,-2.721,134.5061
DTB,WIMN,Silangit Airport,Siborong-Borong,Indonesia,2.25973,98.991898
MEQ,WITC,Seunagan Airport,Nagan Raya,Indonesia,4.25,96.21700286865234
BUW,WAWB,Betoambari Airport,Bau-Bau,Indonesia,-5.486879825592041,122.56900024414062
KAZ,WAMK,Kao Airport,Kao,Indonesia,1.1852799654006958,127.89600372314452
MNA,WAMN,Melangguane Airport,Melonguane,Indonesia,4.00694,126.672997
SGQ,WRLA,Sanggata/Sangkimah Airport,Sanggata,Indonesia,0.3847,117.543
BUU,WIPI,Muara Bungo Airport,Muara Bungo,Indonesia,-1.1278,102.135
ILA,WABL,Illaga Airport,Illaga,Indonesia,-3.97648,137.6225
OKL,WAJO,Oksibil Airport,Oksibil,Indonesia,-4.9071,140.6277
KOX,WABN,Kokonau Airport,Kokonau,Indonesia,-4.71075,136.43515
CMQ,YCMT,Clermont Airport,Clermont,Australia,-22.773099899291992,147.62100219726562
WMB,YWBL,Warrnambool Airport,Warrnambool,Australia,-38.2952995300293,142.44700622558594
RCM,YRMD,Richmond Airport,Richmond,Australia,-20.70190048217773,143.11500549316406
DCN,YCIN,RAAF Base Curtin,Derby,Australia,-17.5813999176,123.82800293
KNO,WIMM,Kualanamu International Airport,Medan,Indonesia,3.642222,98.885278
AMN,KAMN,Gratiot Community Airport,Kamloops,Canada,43.322101593,-84.68800354
HMY,RKTP,Seosan Air Base,Seosan,South Korea,36.703999,126.486
EMT,KEMT,San Gabriel Valley Airport,El Monte,United States,34.086102,-118.035004
FAH,OAFR,Farah Airport,Farah,Afghanistan,32.367000579833984,62.18299865722656
IXT,VEPG,Pasighat Airport,Pasighat,India,28.06609916687012,95.33560180664062
KRQ,UKCK,Kramatorsk Airport,Kramatorsk,Ukraine,48.70560073852539,37.62889862060547
QKX,ENKA,Kautokeino Air Base,Kautokeino,Norway,69.04029846191406,23.03400039672852
SSF,KSSF,Stinson Municipal Airport,Stinson,United States,29.336999893188,-98.471099853516
JAS,KJAS,Jasper County Airport-Bell Field,Jasper,United States,30.88570023,-94.03489685
MRF,KMRF,Marfa Municipal Airport,Marfa,United States,30.371099,-104.017997
ALE,KE38,Alpine Casparis Municipal Airport,Alpine,United States,30.3841991425,-103.683998108
BQE,GGBU,Bubaque Airport,Bubaque,Guinea-Bissau,11.297355651855469,-15.838079452514648
CZA,MMCT,Chichen Itza International Airport,Chichen Itza,Mexico,20.6413002014,-88.4461975098
BUY,YBUN,Bunbury Airport,Bunbury,Australia,-33.378299713134766,115.677001953125
CCB,KCCB,Cable Airport,Upland,United States,34.1115989685,-117.68800354
EKI,KEKM,Elkhart Municipal Airport,Elkhart,United States,41.7193984985,-86.00319671630001
CUB,KCUB,Jim Hamilton L.B. Owens Airport,Columbia,United States,33.970500946,-80.9952011108
GDC,KGYH,Donaldson Field Airport,Greenville,United States,34.758301,-82.376404
HVS,KHVS,Hartsville Regional Airport,Hartsville,United States,34.4030990601,-80.11920166019999
SZT,MMSC,San Cristobal de las Casas Airport,San Cristobal de las Casas,Mexico,16.690299987793,-92.530097961426
DU9,CDU9,Dunnville Airport,Dunnville,Canada,42.8722000122,-79.5958023071
RIH,MPRH,Scarlett Martinez International Airport,Rio Hato,Panama,8.375880241394,-80.127899169922
LEE,KLEE,Leesburg International Airport,Leesburg,United States,28.82309914,-81.80870056
PPY,SNZA,Pouso Alegre Airport,Pouso Alegre,Brazil,-22.28919982910156,-45.91910171508789
DIQ,SNDV,Brigadeiro Cabral Airport,Divinopolis,Brazil,-20.180700302124,-44.870899200439
EIK,URKE,Yeysk Airport,Eysk,Russia,46.68,38.21
ERD,UKDB,Berdyansk Airport,Berdyansk,Ukraine,46.81499862670898,36.75809860229492
BWX,WARB,Blimbingsari Airport,Banyuwangi,Indonesia,-8.31015,114.3401
ERL,ZBER,Erenhot Saiwusu International Airport,Erenhot,China,43.4225,112.096667
CNO,KCNO,Chino Airport,Chino,United States,33.97470093,-117.637001
HTR,RORH,Hateruma Airport,Taketomi,Japan,24.0589008331,123.805999756
BWW,MUBR,Las Brujas Airport,Cayo Santa Maria,Cuba,22.6212997437,-79.1472015381
PRB,KPRB,Paso Robles Municipal Airport,Paso Robles,United States,35.67290115,-120.6269989
PKX,ZBAD,Beijing Daxing International Airport,Beijing,China,39.509945,116.41092
HAF,KHAF,Half Moon Bay Airport,Half Moon Bay,United States,37.5134010315,-122.500999451
HCJ,ZGHC,Hechi Jinchengjiang Airport,Hechi,China,24.805,107.6997
WJF,KWJF,General WM J Fox Airfield,Lancaster,United States,34.74110031,-118.2190018
CJF,YCWA,Coondewanna Airport,Coondewanna,Australia,-22.96669960022,118.81300354004
GUZ,SNGA,Guarapari Airport,Guarapari,Brazil,-20.646499633800005,-40.491901397700005
UBT,SDUB,Ubatuba Airport,Ubatuba,Brazil,-23.44109916687012,-45.07559967041016
BOX,YBRL,Borroloola Airport,Borroloola,Australia,-16.075300216674805,136.302001953125
QUG,EGHR,Chichester/Goodwood Airport,Goodwood,United Kingdom,50.85940170288086,-0.7591670155525208
TNW,SEJD,Jumandy Airport,Tena,Ecuador,-1.059722,-77.583333
FYJ,ZYFY,Dongji Aiport,Fuyuan,China,48.199494,134.366447
PZL,FADQ,Zulu Inyala Airport,Phinda,South Africa,-27.84939956665039,32.30970001220703
LPF,ZUPS,Liupanshui Yuezhao Airport,Liupanshui,China,26.609417,104.979
KJH,ZUKJ,Kaili Airport,Kaili,China,26.972,107.988
HPG,ZHSN,Shennongjia Hongping Airport,Shennongjia,China,31.626,110.34
ZQZ,ZBZJ,Zhangjiakou Ningyuan Airport,Zhangjiakou,China,40.7386016846,114.930000305
YIE,ZBES,Arxan Yi'ershi Airport,Arxan,China,47.3106,119.9117
HNY,ZGHY,Hengyang Nanyue Airport,Hengyang,China,26.9053,112.627998
AHJ,ZUHY,Hongyuan Airport,Ngawa,China,32.53154,102.35224
WOS,ZKWS,Wonsan Kalma International Airport,Wonsan,North Korea,39.166801,127.486
IGT,URMS,Magas Airport,Magas,Russia,43.3222999573,45.0125999451
ASN,KASN,Talladega Municipal Airport,Talladega,United States,33.569900512699995,-86.05090332030001
GMU,KGMU,Greenville Downtown Airport,Greenville,United States,34.8479003906,-82.34999847410002
NGD,TUPA,Captain Auguste George Airport,Anegada,British Virgin Islands,18.72719955444336,-64.32969665527344
TOI,KTOI,Troy Municipal Airport at N Kenneth Campbell Field,Troy,United States,31.860399,-86.012101
ETS,KEDN,Enterprise Municipal Airport,Enterprise,United States,31.29969978,-85.89990234
EFG,AYEF,Efogi Airport,Efogi,Papua New Guinea,-9.15380555556,147.659805556
KGW,AYKQ,Kagi Airport,Kagi,Papua New Guinea,-9.13591666667,147.669444444
NDN,AYNC,Nadunumu Airport,Nadunumu,Papua New Guinea,-9.14355555556,147.68425
BNM,AYBD,Bodinumu Airport,Bodinumu,Papua New Guinea,-9.10777777778,147.666722222
ALX,KALX,Thomas C Russell Field,Alexander City,United States,32.914699554399995,-85.9629974365
PKT,YPKT,Port Keats Airport,Wadeye,Australia,-14.25,129.5290069580078
GPN,YGPT,Garden Point Airport,Pirlangimpi,Australia,-11.40250015258789,130.4219970703125
DOH,OTHH,Hamad International Airport,Doha,Qatar,25.273056,51.608056
HZP,CYNR,Fort Mackay / Horizon Airport,Wood Buffalo,Canada,57.3816986084,-111.700996399
HDE,KHDE,Brewster Field,Holdredge,United States,40.452099,-99.336502
PTT,KPTT,Pratt Regional Airport,Pratt,United States,37.70159912,-98.74690247
LXN,KLXN,Jim Kelly Field,Lexington,United States,40.7910003662,-99.7772979736
CBF,KCBF,Council Bluffs Municipal Airport,Council Bluffs,United States,41.2592010498,-95.760597229
OKK,KOKK,Kokomo Municipal Airport,Kokomo,United States,40.528198242188,-86.05899810791
GBG,KGBG,Galesburg Municipal Airport,Galesburg,United States,40.9379997253,-90.431098938
GUY,KGUY,Guymon Municipal Airport,Guymon,United States,36.6851005554,-101.508003235
IDP,KIDP,Independence Municipal Airport,Independence,United States,37.1584014893,-95.7783966064
BBC,KBYY,Bay City Municipal Airport,Bay City,United States,28.9733009338,-95.8635025024
PRX,KPRX,Cox Field,Paris,United States,33.636600494385,-95.450798034668
CFV,KCFV,Coffeyville Municipal Airport,Coffeyville,United States,37.09400177,-95.5718994141
GXY,KGXY,Greeley–Weld County Airport,Greeley,United States,40.4374008179,-104.633003235
OEL,UUOR,Oryol Yuzhny Airport,Oakley,United States,52.9347000122,36.0022010803
FET,KFET,Fremont Municipal Airport,Fremont,United States,41.44910049,-96.52020264
LGD,KLGD,La Grande/Union County Airport,La Grande,United States,45.2901992798,-118.007003784
SZY,EPSY,Olsztyn-Mazury Airport,Szczytno-Szymany,Poland,53.481899,20.9377
MPO,KMPO,Pocono Mountains Municipal Airport,Mount Pocono,United States,41.137503,-75.378897
UKT,KUKT,Quakertown Airport,Quakertown,United States,40.435199737549,-75.381896972656
YBA,CYBA,Banff Airport,Banff,Canada,51.2073404699,-115.541861057
BNG,KBNG,Banning Municipal Airport,Banning,United States,33.9230995178,-116.850997925
OFK,KOFK,Karl Stefan Memorial Airport,Norfolk  Nebraska,United States,41.985500335693,-97.435096740723
TFL,SNTO,Juscelino Kubitscheck Airport,Teofilo Otoni,Brazil,-17.89229965209961,-41.51359939575195
TPF,KTPF,Peter O Knight Airport,Tampa,United States,27.915599822998,-82.44930267334
BZC,SBBZ,Umberto Modiano Airport,Buzios,Brazil,-22.770999908447266,-41.96289825439453
ITP,SDUN,Itaperuna Airport,Itaperuna,Brazil,-21.2192993164,-41.8759002686
REZ,SDRS,Resende Airport,Resende,Brazil,-22.4785003662,-44.4803009033
KBN,FZWT,Tunta Airport,Kabinda,Congo (Kinshasa),-6.132999897,24.4829998016
IKL,FZGV,Ikela Airport,Ikela,Congo (Kinshasa),-1.048109,23.372501
AIR,SWRP,Aripuanã Airport,Aripuana,Brazil,-10.188278,-59.457273
JRN,SWJU,Juruena Airport,Juruena,Brazil,-10.305832862854004,-58.489444732666016
JIA,SWJN,Juína Airport,Juina,Brazil,-11.419444,-58.701668
VLP,SWVC,Vila Rica Airport,Vila Rica,Brazil,-9.979443550109863,-51.1422233581543
JUA,SIZX,Inácio Luís do Nascimento Airport,Juara,Brazil,-11.2966,-57.5495
CCX,SWKC,Cáceres Airport,Caceres,Brazil,-16.04360008239746,-57.62990188598633
TGQ,SWTS,Tangará da Serra Airport,Tangara da Serra,Brazil,-14.6619997025,-57.4435005188
CQA,SWEK,Canarana Airport,Canarana,Brazil,-13.574443817138672,-52.27055740356445
MTG,SWVB,Vila Bela da Santíssima Trindade Airport,Vila Bela da Santissima Trindade ,Brazil,-14.9942,-59.9458
BMB,FZFU,Bumbar Airport,Bumba,Congo (Kinshasa),2.18278,22.481701
APQ,SNAL,Arapiraca Airport,Arapiraca,Brazil,-9.775360107421877,-36.62919998168945
FLB,SNQG,Cangapara Airport,Floriano,Brazil,-6.8463897705078125,-43.07730102539063
PCS,SNPC,Picos Airport,Picos,Brazil,-7.0620598793029785,-41.52370071411133
BNC,FZNP,Beni Airport,Beni,Congo (Kinshasa),0.575,29.4739
BNB,FZGN,Boende Airport,Boende,Congo (Kinshasa),-0.2169999927282333,20.850000381469727
MTP,KMTP,Montauk Airport,Montauk,United States,41.0765,-71.920797
VPZ,KVPZ,Porter County Municipal Airport,Valparaiso IN,United States,41.45399857,-87.00710297
DRV,VRMD,Dharavandhoo Airport,DHARAVANDHOO,Maldives,5.1561,73.1302
SXK,WAPI,Saumlaki/Olilit Airport,Saumlaki,Indonesia,-7.9886097908,131.305999756
MLZ,SUMO,Cerro Largo International Airport,Melo,Uruguay,-32.33789825439453,-54.21670150756836
PDU,SUPU,Tydeo Larre Borges Airport,Paysandu,Uruguay,-32.36330032348633,-58.0619010925293
ATI,SUAG,Artigas International Airport,Artigas ,Uruguay,-30.40069961547852,-56.50790023803711
HSM,YHSM,Horsham Airport,Horsham,Australia,-36.669700622558594,142.17300415039062
SWH,YSWH,Swan Hill Airport,Swan Hill,Australia,-35.37580108642578,143.5330047607422
TTL,NFUL,Turtle Island Seaplane Base,Turtle Island,Fiji,-16.966,177.368
KWB,WARU,Dewadaru - Kemujan Island,Karimunjawa,Indonesia,-5.80091,110.47838
KOO,FZRQ,Kongolo Airport,Kongolo,Congo (Kinshasa),-5.39444,26.99
AOU,VLAP,Attopeu Airport,Attopeu,Laos,14.814715357,106.821699142
SQX,SSOE,São Miguel do Oeste Airport,Sao Miguel do Oeste,Brazil,-26.78160095214844,-53.50350189208984
LDM,KLDM,Mason County Airport,Ludington,United States,43.96250153,-86.40789795
RHV,KRHV,Reid-Hillview Airport of Santa Clara County,San Jose,United States,37.332901001,-121.819000244
OHS,OOSH,Sohar Airport,Sohar,Oman,24.38604,56.62541
KCF,OPKW,Kadanwari Airport,Kadanwari,Pakistan,27.1667003632,69.31670379639999
RZS,OPSW,Sawan Airport,Sindh,Pakistan,26.9662,68.878098
TMF,VRNT,Thimarafushi Airport,Thimarafushi,Maldives,2.211,73.1533
IFU,VREI,Ifuru Airport,Ifuru,Maldives,5.7083,73.025
KZF,AYKT,Kaintiba Airport,Kieta,Papua New Guinea,-7.50025,146.033833333
OGU,LTCB,Ordu Giresun Airport,Ordu-Giresun,Turkey,40.966047,38.080994
YKO,LTCW,Hakkari Yüksekova Airport,Hakkari,Turkey,37.5497,44.2381
BUT,VQBT,Bathpalathang Airport,Jakar,Bhutan,27.5622,90.7471
TLI,WAMI,Sultan Bantilan Airport,Toli-Toli,Indonesia,1.123428,120.793658
TQL,USDS,Tarko-Sale Airport,Tarko-Sale,Russia,64.9308013916,77.81809997559999
JIC,ZLJC,Jinchuan Airport,Jinchuan,China,38.5422222222,102.348333333
BPL,ZWAX,Alashankou Bole (Bortala) airport,Bole,China,44.895,82.3
FYN,ZWFY,Fuyun Koktokay Airport,Fuyun,China,46.804169,89.512006
ACS,UNKS,Achinsk Airport,Achinsk,Russia,56.2682991027832,90.57080078125
LFQ,ZBLF,Linfen Qiaoli Airport,LINFEN,China,36.132629,111.641236
YJP,CEC4,Hinton/Jasper-Hinton Airport,Hinton,Canada,53.3191986084,-117.752998352
WVI,KWVI,Watsonville Municipal Airport,Watsonville,United States,36.9356994629,-121.790000916
GLU,VQGP,Gelephu Airport,Gelephu,Bhutan,26.88456,90.46412
HLI,KCVH,Hollister Municipal Airport,Hollister,United States,36.8932991028,-121.410003662
DLK,YDLK,Dulkaninna Airport,Dulkaninna,Australia,-29.0132999420166,138.4810028076172
YBS,CKM8,Opapimiskan Lake Airport,Musselwhite Mine,Canada,52.6067008972,-90.3768997192
RIZ,ZSRZ,Rizhao Shanzihe Airport,Rizhao,China,35.405033,119.324403
SQJ,ZSSM,Shaxian Airport,Sanming,China,26.4263,117.8336
XTO,YTAM,Taroom Airport,Taroom,Australia,-25.801700592041016,149.89999389648438
YSE,CYSE,Squamish Airport,Squamish,Canada,49.7817001343,-123.162002563
YAH,CYAH,La Grande-4 Airport,La Grande-4,Canada,53.754699707,-73.6753005981
YAL,CYAL,Alert Bay Airport,Alert Bay,Canada,50.58219909667969,-126.91600036621094
YCE,CYCE,Centralia / James T. Field Memorial Aerodrome,Centralia,Canada,43.285599,-81.508301
YCQ,CYCQ,Chetwynd Airport,Chetwynd,Canada,55.687198638916016,-121.6269989013672
XRR,CYDM,Ross River Airport,Ross River,Canada,61.9706001282,-132.42300415
YDO,CYDO,Dolbeau St Felicien Airport,Dolbeau-St-Félicien,Canada,48.778499603271,-72.375
YEY,CYEY,Amos/Magny Airport,Amos,Canada,48.563903,-78.249702
YHE,CYHE,Hope Airport,Hope,Canada,49.3683013916,-121.498001099
YHT,CYHT,Haines Junction Airport,Haines Junction,Canada,60.78919982910156,-137.54600524902344
YDG,CYID,Digby / Annapolis Regional Airport,Digby,Canada,44.5458450365,-65.7854247093
YJF,CYJF,Fort Liard Airport,Fort Liard,Canada,60.2358016968,-123.46900177
YKJ,CYKJ,Key Lake Airport,Key Lake,Canada,57.25609970092773,-105.61799621582033
YLR,CYLR,Leaf Rapids Airport,Leaf Rapids,Canada,56.513301849365234,-99.98529815673828
YME,CYME,Matane Airport,Matane,Canada,48.85689926147461,-67.45330047607422
YML,CYML,Charlevoix Airport,Charlevoix,Canada,47.59749984741211,-70.2238998413086
YOS,CYOS,Owen Sound / Billy Bishop Regional Airport,Owen Sound,Canada,44.5903015137,-80.8375015259
YPS,CYPD,Port Hawkesbury Airport,Port Hawkesbury,Canada,45.6567001343,-61.3680992126
YQS,CYQS,St Thomas Municipal Airport,St Thomas,Canada,42.77000045776367,-81.11080169677734
YRO,CYRO,Ottawa / Rockcliffe Airport,Ottawa,Canada,45.4603004456,-75.64610290530001
YSH,CYSH,Smiths Falls-Montague (Russ Beach) Airport,Smiths Falls,Canada,44.94580078125,-75.94059753417969
YSL,CYSL,St Leonard Airport,St Leonard,Canada,47.157501220703125,-67.83470153808594
YVE,CYVK,Vernon Airport,Vernon,Canada,50.24810028076172,-119.33100128173828
YXQ,CYXQ,Beaver Creek Airport,Beaver Creek,Canada,62.410301208496094,-140.86700439453125
YSN,CZAM,Shuswap Regional Airport,Salmon Arm,Canada,50.682802,-119.228996
KES,CZEE,Kelsey Airport,Kelsey,Canada,56.0374984741,-96.5096969604
XPK,CZFG,Pukatawagan Airport,Pukatawagan,Canada,55.7491989136,-101.26599884
ZGF,CZGF,Grand Forks Airport,Grand Forks,Canada,49.01559829711914,-118.43099975585938
ZJG,CZJG,Jenpeg Airport,Jenpeg,Canada,54.51890182495117,-98.0460968017578
YTD,CZLQ,Thicket Portage Airport,Thicket Portage,Canada,55.31890106201172,-97.70780181884766
PIW,CZMN,Pikwitonei Airport,Pikwitonei,Canada,55.58890151977539,-97.16419982910156
XPP,CZNG,Poplar River Airport,Poplar River,Canada,52.9965258788,-97.2741937637
WPC,CZPC,Pincher Creek Airport,Pincher Creek,Canada,49.520599365200006,-113.997001648
ZST,CZST,Stewart Airport,Stewart,Canada,55.935410448,-129.982434511
ZUC,CZUC,Ignace Municipal Airport,Ignace,Canada,49.4296989440918,-91.7177963256836
FNB,EDBN,Neubrandenburg Airport,Neubrandenburg,Germany,53.6022,13.306
FSS,EGQK,RAF Kinloss,Kinloss,United Kingdom,57.6493988037,-3.56064009666
BXP,EPBP,Biała Podlaska Airfield,Biała Podlaska,Poland,52.00078,23.1325278
DGP,EVDA,Daugavpils Intrenational Airport,Daugavpils,Latvia,55.9447212219,26.6650009155
LMR,FALC,Lime Acres Finsch Mine Airport,Lime Acres,South Africa,-28.36009979248047,23.43910026550293
SXN,FBSN,Sua Pan Airport,Sowa,Botswana,-20.5534,26.115801
NDD,FNSU,Sumbe Airport,Sumbe,Angola,-11.16790008544922,13.84749984741211
MAI,FWMG,Mangochi Airport,Mangochi,Malawi,-14.482999801635742,35.266998291015625
ADI,FYAR,Arandis Airport,Arandis,Namibia,-22.46220016479492,14.979999542236328
MWE,HSMN,Merowe New Airport,Merowe,Sudan,18.4433333333,31.8433333333
ALN,KALN,St Louis Regional Airport,Alton/St Louis,United States,38.89030075069999,-90.0459976196
AXN,KAXN,Chandler Field,Alexandria,United States,45.8662986755,-95.3946990967
CLU,KBAK,Columbus Municipal Airport,Columbus,United States,39.2619018555,-85.8963012695
BBD,KBBD,Curtis Field,Brady,United States,31.1793003082,-99.3238983154
BIH,KBIH,Eastern Sierra Regional Airport,Bishop,United States,37.3731002808,-118.363998413
BKE,KBKE,Baker City Municipal Airport,Baker City,United States,44.8372993469,-117.808998108
BPI,KBPI,Miley Memorial Field,Big Piney,United States,42.58509827,-110.1110001
WMH,KBPK,Ozark Regional Airport,Mountain Home,United States,36.3689002991,-92.4704971313
BTL,KBTL,W K Kellogg Airport,Battle Creek,United States,42.3073005676,-85.2515029907
BYI,KBYI,Burley Municipal Airport,Burley,United States,42.5425987244,-113.772003174
CCY,KCCY,Northeast Iowa Regional Airport,Charles City,United States,43.0726013184,-92.6108016968
CNU,KCNU,Chanute Martin Johnson Airport,Chanute,United States,37.668800354,-95.4850997925
CRG,KCRG,Jacksonville Executive at Craig Airport,Jacksonville,United States,30.3362998962,-81.51439666750001
CSV,KCSV,Crossville Memorial Whitson Field,Crossville,United States,35.9513015747,-85.08499908450001
DAA,KDAA,Davison Army Air Field,Fort Belvoir,United States,38.715000152600005,-77.1809997559
DAG,KDAG,Barstow Daggett Airport,Daggett,United States,34.85369873,-116.7870026
DMN,KDMN,Deming Municipal Airport,Deming,United States,32.262298584,-107.721000671
DRA,KDRA,Desert Rock Airport,Mercury,United States,36.6194,-116.032997
EED,KEED,Needles Airport,Needles,United States,34.7663002014,-114.623001099
EGI,KEGI,Duke Field,Crestview,United States,30.65040016,-86.52290344
EKA,KEKA,Murray Field,Eureka,United States,40.8033981323,-124.112998962
HYR,KHYR,Sawyer County Airport,Hayward,United States,46.025199890100005,-91.44429779050002
JCT,KJCT,Kimble County Airport,Junction,United States,30.5112991333,-99.7634963989
LOL,KLOL,Derby Field,Lovelock,United States,40.0663986206,-118.565002441
MBG,KMBG,Mobridge Municipal Airport,Mobridge,United States,45.54650116,-100.4079971
MCB,KMCB,Mc Comb/Pike County Airport/John E Lewis Field,Mc Comb,United States,31.17849922,-90.47190094
MDH,KMDH,Southern Illinois Airport,Carbondale/Murphysboro,United States,37.778099060058594,-89.25199890136719
MMT,KMMT,Mc Entire Joint National Guard Base,Eastover,United States,33.92079926,-80.80130005
NHZ,KNHZ,Brunswick Executive Airport,Brunswick,United States,43.89220047,-69.93859863
NRB,KNRB,Naval Station Mayport (Admiral David L. Mcdonald Field),Mayport,United States,30.39109993,-81.42469788
OGB,KOGB,Orangeburg Municipal Airport,Orangeburg,United States,33.456798553467,-80.859497070312
OTM,KOTM,Ottumwa Regional Airport,Ottumwa,United States,41.10660172,-92.44789886
OZR,KOZR,Cairns AAF (Fort Rucker) Air Field,Fort Rucker/Ozark,United States,31.27569962,-85.71340179
PWY,KPNA,Ralph Wenz Field,Pinedale,United States,42.79550171,-109.8069992
POU,KPOU,Dutchess County Airport,Poughkeepsie,United States,41.6265983581543,-73.88420104980469
RSL,KRSL,Russell Municipal Airport,Russell,United States,38.872100830078,-98.811798095703
RWF,KRWF,Redwood Falls Municipal Airport,Redwood Falls,United States,44.54719925,-95.08229828
SNS,KSNS,Salinas Municipal Airport,Salinas,United States,36.662799835205,-121.60600280762
TPH,KTPH,Tonopah Airport,Tonopah,United States,38.06019974,-117.086998
UKI,KUKI,Ukiah Municipal Airport,Ukiah,United States,39.125999450684,-123.20099639893
UOX,KUOX,University Oxford Airport,Oxford,United States,34.384300231934,-89.536796569824
HTV,KUTS,Huntsville Regional Airport,Huntsville,United States,30.7469005585,-95.5871963501
VTN,KVTN,Miller Field,Valentine,United States,42.85779953,-100.5479965
WMC,KWMC,Winnemucca Municipal Airport,Winnemucca,United States,40.8965988159,-117.805999756
WWR,KWWR,West Woodward Airport,Woodward,United States,36.438,-99.5226667
ZZV,KZZV,Zanesville Municipal Airport,Zanesville,United States,39.9444007874,-81.89209747310001
ECV,LECU,Cuatro Vientos Airport,Madrid,Spain,40.370701,-3.78514
CDT,LEDS,Castellón-Costa Azahar Airport,Castellón de la Plana,Spain,40.213889,0.073333
TEV,LETL,Teruel Airport,Teruel,Spain,40.403,-1.2183
QLP,LIQW,Sarzana-Luni Air Base,Sarzana (SP),Italy,44.088001,9.98795
BJY,LYBT,Batajnica Air Base,Batajnica,Serbia,44.935299,20.2575
RUV,MGRB,Rubelsanto Airport,Rubelsanto,Guatemala,15.991999626159668,-90.44529724121094
XPL,MHSC,Coronel Enrique Soto Cano Air Base,Comayagua,Honduras,14.3824,-87.621201
UPL,MRUP,Upala Airport,Upala,Costa Rica,10.8922,-85.016197
QSN,MUNB,San Nicolas De Bari Airport,San Nicolás,Cuba,22.75609970092773,-81.9208984375
SNJ,MUSJ,San Julian Air Base,Pinar Del Rio,Cuba,22.09530067443848,-84.1520004272461
DWD,OEDM,King Salman Abdulaziz Airport,,Saudi Arabia,24.4499,44.121201
KMX,OEKM,King Khaled Air Base,,Saudi Arabia,18.29730033874512,42.80350112915039
XXN,OERY,Riyadh Air Base,Riyadh,Saudi Arabia,24.709800720214844,46.72520065307617
KNR,OIBJ,Jam Airport,Kangan,Iran,27.820499420166016,52.35219955444336
PYK,OIIP,Payam International Airport,Karaj,Iran,35.776100158691,50.826698303223
XIJ,OKAJ,Ahmed Al Jaber Air Base,Ahmed Al Jaber AB,Kuwait,28.9347991943,47.7919006348
ATG,OPMS,Minhas Air Base,Kamra,Pakistan,33.8690986633,72.4009017944
SGI,OPSR,Mushaf Air Base,Sargodha,Pakistan,32.04859924316406,72.66500091552734
RQW,ORQW,Qayyarah West Airport,Qayyarah,Iraq,35.76720047,43.1250991821
ENN,PANN,Nenana Municipal Airport,Nenana,United States,64.54730224609375,-149.07400512695312
WWA,PAWS,Wasilla Airport,Wasilla,United States,61.5717010498,-149.539993286
IWK,RJOI,Iwakuni Marine Corps Air Station,Iwakuni,Japan,34.143902,132.235992
IEJ,RORE,Ie Jima Airport,Ie,Japan,26.7220001221,127.785003662
AAV,RPMA,Allah Valley Airport,Surallah,Philippines,6.366819858551025,124.7509994506836
BPH,RPMF,Bislig Airport,,Philippines,8.19594955444336,126.3219985961914
MXI,RPMQ,Mati National Airport,,Philippines,6.949091,126.27368
BAT,SBBT,Chafei Amsei Airport,Barretos,Brazil,-20.584499359131,-48.594100952148
QHP,SBTA,Base de Aviação de Taubaté Airport,Taubaté,Brazil,-23.04010009765625,-45.51599884033203
TOQ,SCBE,Barriles Airport,Tocopilla,Chile,-22.14109992980957,-70.06289672851562
CNR,SCRA,Chañaral Airport,Chañaral,Chile,-26.332500457763672,-70.6072998046875
TLX,SCTL,Panguilemo Airport,Talca,Chile,-35.37779998779297,-71.60169982910156
ZIC,SCTO,Victoria Airport,Victoria,Chile,-38.245601654052734,-72.34860229492188
TTC,SCTT,Las Breas Airport,Taltal,Chile,-25.56430053710937,-70.37590026855469
API,SKAP,Gomez Nino Apiay Air Base,Apiay,Colombia,4.07607,-73.5627
CVE,SKCV,Coveñas Airport,Coveñas,Colombia,9.40092,-75.6913
PAL,SKPQ,German Olano Air Base,La Dorada,Colombia,5.48361,-74.6574
PZA,SKPZ,Paz De Ariporo Airport,Paz De Ariporo,Colombia,5.87615,-71.8866
TQS,SKTQ,Tres Esquinas Air Base,Tres Esquinas,Colombia,0.7459,-75.234
RIJ,SPJA,Juan Simons Vela Airport,Rioja,Peru,-6.067860126495361,-77.16000366210938
JAE,SPJE,Shumba Airport,Jaén,Peru,-5.59248,-78.774002
IKU,UAFL,Issyk-Kul International Airport,Tamchy,Kyrgyzstan,42.58792,76.713046
VYI,UENW,Vilyuisk Airport,Vilyuisk,Russia,63.75666809082,121.69333648682
BGN,UESG,Belaya Gora Airport,,Russia,68.556602,146.231506
GVN,UHKM,Maygatka Airport.,Sovetskaya Gavan,Russia,48.9269981384,140.033996582
NLI,UHNN,Nikolayevsk-na-Amure Airport,Nikolayevsk-na-Amure Airport,Russia,53.154999,140.649994
VLK,URRY,Volgodonsk Airport,,Russia,47.68209838867188,42.07279968261719
INA,UUYI,Inta Airport,Inta,Russia,66.0548324584961,60.11032104492188
ZIX,UWKV,Zhigansk Airport,Zhigansk,Russia,66.7965011597,123.361000061
RTC,VARG,Ratnagiri Airport,,India,17.013599,73.327797
HIM,VCCH,Hingurakgoda Air Force Base,Polonnaruwa Town,Sri Lanka,8.04981,80.9814
RDP,VEDG,Kazi Nazrul Islam Airport,Durgapur,India,23.6225,87.243
PUT,VOPN,Sri Sathya Sai Airport,Puttaparthi,India,14.1492996216,77.7910995483
LNX,XUBS,Smolensk North Airport,Smolensk,Russia,54.824,32.025
ABH,YAPH,Alpha Airport,Alpha,Australia,-23.646099,146.584
ARY,YARA,Ararat Airport,,Australia,-37.30939865112305,142.98899841308594
BLN,YBLA,Benalla Airport,,Australia,-36.55189895629883,146.0070037841797
BZD,YBRN,Balranald Airport,,Australia,-34.62360000610352,143.5780029296875
BWQ,YBRW,Brewarrina Airport,,Australia,-29.973899841308597,146.81700134277344
CVC,YCEE,Cleve Airport,,Australia,-33.70970153808594,136.5050048828125
CWW,YCOR,Corowa Airport,,Australia,-35.99470138549805,146.35699462890625
CYG,YCRG,Corryong Airport,,Australia,-36.18280029296875,147.88800048828125
CMD,YCTM,Cootamundra Airport,,Australia,-34.6239013671875,148.0279998779297
DRN,YDBI,Dirranbandi Airport,,Australia,-28.591699600219727,148.2169952392578
DNQ,YDLQ,Deniliquin Airport,Deniliquin,Australia,-35.5593986511,144.945999146
DYA,YDYS,Dysart Airport,,Australia,-22.62220001220703,148.36399841308594
ECH,YECH,Echuca Airport,,Australia,-36.15719985961914,144.76199340820312
FRB,YFBS,Forbes Airport,Forbes,Australia,-33.363602,147.934998
GUH,YGDH,Gunnedah Airport,,Australia,-30.96109962463379,150.25100708007812
HXX,YHAY,Hay Airport,,Australia,-34.53139877319336,144.8300018310547
HTU,YHPN,Hopetoun Airport,,Australia,-35.715301513671875,142.36000061035156
KRA,YKER,Kerang Airport,,Australia,-35.751399993896484,143.93899536132812
KPS,YKMP,Kempsey Airport,,Australia,-31.07439994812012,152.77000427246094
KGY,YKRY,Kingaroy Airport,,Australia,-26.580799102783203,151.84100341796875
TGN,YLTV,Latrobe Valley Airport,Morwell,Australia,-38.207199,146.470001
MRG,YMBA,Mareeba Airport,,Australia,-17.06920051574707,145.41900634765625
RPM,YNGU,Ngukurr Airport,,Australia,-14.722800254821776,134.7469940185547
QRM,YNRM,Narromine Airport,,Australia,-32.214698791503906,148.22500610351562
PPI,YPIR,Port Pirie Airport,,Australia,-33.23889923095703,137.9949951171875
SIO,YSMI,Smithton Airport,,Australia,-40.834999084472656,145.08399963378906
SNB,YSNB,Snake Bay Airport,,Australia,-11.422800064086914,130.6540069580078
SWC,YSWL,Stawell Airport,,Australia,-37.07170104980469,142.74099731445312
TYB,YTIB,Tibooburra Airport,,Australia,-29.451099395751957,142.05799865722656
TUM,YTMU,Tumut Airport,,Australia,-35.26279830932617,148.24099731445312
WGT,YWGT,Wangaratta Airport,,Australia,-36.41579818725586,146.3070068359375
WKB,YWKB,Warracknabeal Airport,,Australia,-36.32109832763672,142.41900634765625
QRR,YWRN,Warren Airport,,Australia,-31.733299255371094,147.80299377441406
SXE,YWSL,West Sale Airport,Sale,Australia,-38.090827,146.965335
WWY,YWWL,West Wyalong Airport,West Wyalong,Australia,-33.9371986389,147.190994263
NGA,YYNG,Young Airport,,Australia,-34.25559997558594,148.2480010986328
LHK,ZHGH,Guangzhou MR Air Base,Guanghua,China,32.389400482177734,111.69499969482422
WDS,ZHSY,Shiyan Wudangshan Airport,Shiyan,China,32.591667,110.907778
HTT,ZLHX,Huatugou Airport,Mengnai,China,38.201984,90.841495
UUN,ZMBU,Baruun Urt Airport,,Mongolia,46.660301208496094,113.28500366210938
BFU,ZSBB,Bengbu Airport,Bengbu,China,32.8477333333,117.320244444
RUG,ZSRG,Rugao Air Base,Rugao,China,32.25788497924805,120.50165557861328
WHU,ZSWU,Wuhu Air Base,Wuhu,China,31.3906,118.408997
SXJ,ZWSS,Shanshan Airport,Shanshan,China,42.91170120239258,90.24749755859376
YKH,ZYYK,Yingkou Lanqi Airport,Yingkou,China,40.542524,122.3586
BQG,UHNB,Bogorodskoye Airport,Bogorodskoe,Russia,52.38,140.448
HYD,VOHS,Rajiv Gandhi International Airport,Hyderabad,India,17.2313175201,78.4298553467
PKO,DBBP,Parakou Airport,Parakou,Benin,9.35768985748291,2.609679937362671
KDC,DBBK,Kandi Airport,Kandi,Benin,11.14479,2.940381
HMG,YHMB,Hermannsburg Airport,Hermannsburg,Australia,-23.93000030517578,132.80499267578125
BIB,HCMB,Baidoa Airport,Baidoa,Somalia,3.102220058441162,43.62860107421875
KCS,YKCS,Kings Creek Airport,Petermann,Australia,-24.42329978942871,131.8350067138672
BMR,EDWZ,Baltrum Airport,Baltrum,Germany,53.72472381591797,7.373332977294922
MVW,KBVS,Skagit Regional Airport,Skagit,United States,48.4709014893,-122.42099762
GOO,YGDI,Goondiwindi Airport,Goondiwindi,Australia,-28.52140045166016,150.32000732421875
APT,KAPT,Marion County Brown Field,Jasper,United States,35.060699,-85.585297
DCU,KDCU,Pryor Field Regional Airport,Decatur,United States,34.652698516799994,-86.94539642330001
GLW,KGLW,Glasgow Municipal Airport,Glasgow,United States,37.03179932,-85.9536972
DKV,YDVR,Docker River Airport,Docker River,Australia,-24.86000061035156,129.07000732421875
RNZ,KRZL,Jasper County Airport,Rensselaer,United States,40.9478988647,-87.1826019287
SBT,USDA,Sabetta International Airport,Sabetta,Russia,71.219167,72.052222
AXF,ZBAL,Alxa Left Banner Bayanhot Airport,Alxa Left Banner,China,38.74831,105.58858
NIS,AYSE,Simberi Airport,Simberi Island,Papua New Guinea,-2.66222222222,151.997777778
BUL,AYBU,Bulolo Airport,Bulolo,Papua New Guinea,-7.216286671410001,146.649541855
TBR,KTBR,Statesboro Bulloch County Airport,Statesboro,United States,32.4827003479,-81.73690032959999
AMT,YAMT,Amata Airport,Amata,Australia,-26.108299255371094,131.20700073242188
EDD,YERL,Erldunda Airport,Erldunda,Australia,-25.205799102800004,133.253997803
FIK,YFNE,Finke Airport,Finke,Australia,-25.5946998596,134.582992554
JJG,SBJA,Humberto Ghizzo Bortoluzzi Regional Airport,Jaguaruna,Brazil,-28.6753,-49.0596
WKI,FVWT,Hwange (Town) Airport,Hwange,Zimbabwe,-18.362967,26.519791
KLJ,EYKL,Klaipėda Airport,Klaipeda,Lithuania,55.7118988037,21.2427997589
ETB,KETB,West Bend Municipal Airport,WEST BEND,United States,43.4221992493,-88.1278991699
GLR,KGLR,Gaylord Regional Airport,GAYLORD,United States,45.0135002136,-84.7035980225
AID,KAID,Anderson Municipal Darlington Field,ANDERSON,United States,40.10860061649999,-85.6129989624
QND,LYNS,Cenej Airport,Novi Sad,Serbia,45.385799,19.839199
GUU,BIGF,Grundarfjörður Airport,Grundarfjordur,Iceland,64.99140167236328,-23.22470092773437
PCD,KPDC,Prairie Du Chien Municipal Airport,Prairie du Chien,United States,43.019298553467,-91.12370300293
OTJ,FYOW,Otjiwarongo Airport,Otjiwarongo,Namibia,-20.434700012207,16.660800933838
TSM,KSKX,Taos Regional Airport,Taos,United States,36.45819855,-105.6719971
RTN,KRTN,Raton Municipal-Crews Field,Raton,United States,36.74150085,-104.5019989
PPA,KPPA,Perry Lefors Field,Pampa,United States,35.612998962402,-100.99600219727
FLP,KFLP,Marion County Regional Airport,Flippin,United States,36.29090118,-92.59030151
BGD,KBGD,Hutchinson County Airport,Borger,United States,35.700901031499995,-101.393997192
HLE,FHSH,St. Helena Airport,Longwood,United Kingdom,-15.957725,-5.645943
BNJ,EDKB,Bonn-Hangelar Airport,Sankt-Augustin,Germany,50.7688903809,7.16333293915
NGK,UHSN,Nogliki Airport,Nogliki,Russia,51.780102,143.139008
SQA,KIZA,Santa Ynez Airport,Santa Ynez,United States,34.60680008,-120.0759964
HXD,ZLDL,Delingha Airport,Haixi,China,37.125286,97.268658
BAR,ZJQH,Qionghai Bo'ao Airport,Qionghai,China,19.13824,110.454775
ZBO,YBWN,Bowen Airport,Bowen,Australia,-20.018299102783203,148.21499633789062
UCB,ZBUC,Ulanqab Jining Airport,Wulanchabu,China,41.129722,113.108056
KEO,DIOD,Odienne Airport,Odienne,Cote d'Ivoire,9.5,-7.566999912261963
GII,GUSI,Siguiri Airport,Siguiri,Guinea,11.432999610901,-9.1669998168945
NZE,GUNZ,Nzérékoré Airport,Nzerekore,Guinea,7.8060193061829,-8.7017974853516
OCM,YBGD,Boolgeeda,Brockman,Australia,-22.54,117.275
WGN,ZGSY,Shaoyang Wugang Airport,Shaoyang,China,26.802,110.642
TXF,SNTF,9 de Maio - Teixeira de Freitas Airport,Teixeira de Freitas,Brazil,-17.524499893188,-39.66849899292
SPA,KSPA,Spartanburg Downtown Memorial Airport,Spartangurg,United States,34.915699005127,-81.956497192383
BJW,WATB,Bajawa Soa Airport,Bajawa,Indonesia,-8.70743498008,121.057426929
NBN,FGAB,Annobón Airport,San Antonio de Pale,Equatorial Guinea,-1.410277,5.621944
OLL,FCOD,Oyo Ollombo Airport,Oyo,Congo (Brazzaville),-1.226666,15.91
PPF,KPPF,Tri-City Airport,Parsons,United States,37.32989883,-95.5062027
PCQ,VLFL,Boun Neau Airport,Phongsaly,Laos,21.6475,101.9
AYS,KAYS,Waycross Ware County Airport,Waycross,United States,31.2490997314,-82.39550018310001
DSS,GOBD,Blaise Diagne International Airport,Diass,Senegal,14.67,-17.073333
PMH,KPMH,Greater Portsmouth Regional Airport,Portsmouth,United States,38.8404998779,-82.84729766850002
NAC,YNRC,Naracoorte Airport,Naracoorte,Australia,-36.98529815673828,140.72500610351562
PGZ,SSZW,Ponta Grossa Airport - Comandante Antonio Amilton Beraldo,Ponta Grossa,Brazil,-25.1847,-50.1441
PQM,MMPQ,Palenque International Airport,Palenque,Mexico,17.533153,-92.015484
CUD,YCDR,Caloundra Airport,Caloundra,Australia,-26.799999237060547,153.10000610351562
CLP,PFCL,Clarks Point Airport,Clarks Point,United States,58.83369827,-158.529007
JOJ,CDL7,Doris Lake,Doris Lake,Canada,68.1252746582,-106.585281372
ECI,MNCE,Costa Esmeralda Airport,Tola,Nicaragua,11.427542,-86.033361
QGQ,BGAT,Attu Heliport,Attu,Greenland,67.9406628551,-53.6218696833
QPW,BGKA,Kangaatsiaq Heliport,Kangaatsiaq,Greenland,68.3126574861,-53.4602075815
QJE,BGKT,Kitsissuarsuit Heliport,Kitsissuarsuit,Greenland,68.85792599759999,-53.1232953072
XIQ,BGIL,Ilimanaq Heliport,Ilimanaq,Greenland,69.0809150007,-51.1143153906
QQT,BGQE,Qeqertaq Heliport,Qeqertaq,Greenland,69.9958611087,-51.3009166718
QJI,BGIT,Ikamiut Heliport,Ikamiut,Greenland,68.6342530984,-51.8322622776
QFG,BGET,Eqalugaarsuit Heliport,Eqalugaarsuit,Greenland,60.6197196536,-45.9140619636
QRY,BGIK,Ikerassaarsuk Heliport,Ikerasaarsuk,Greenland,68.14088100629999,-53.4414589405
NPR,SJNP,Novo Progresso Airport,Novo Progresso,Brazil,-7.125833,-55.400833
SMT,SBSO,Adolino Bedin Regional Airport,Sorriso,Brazil,-12.479177,-55.672341
ENO,SGEN,Encarnación Airport,Encarnacion,Paraguay,-27.227366,-55.837495
UZR,UASU,Urzhar Airport,Urzhar,Kazakhstan,47.09115,81.66521
NYR,UENN,Nyurba Airport,Nyurba,Russia,63.294998,118.336998
SUK,UEBS,Sakkyryr Airport,Batagay-Alyta,Russia,67.792,130.394
UKG,UEBT,Ust-Kuyga Airport,Ust-Kuyga,Russia,70.011001586914,135.64500427246
VHV,UENI,Verkhnevilyuisk Airport,Verkhnevilyuysk,Russia,63.458057403564,120.26916503906
DEE,UHSM,Mendeleyevo Airport,Yuzhno-Kurilsk,Russia,43.9584007263,145.682998657
EKS,UHSK,Shakhtyorsk Airport,Shakhtyorsk,Russia,49.1903,142.082993
TLK,UECT,Talakan Airport,Talakan,Russia,59.876389,111.044444
RDB,PADG,Red Dog Airport,Red Dog,United States,68.03209686279999,-162.899002075
ION,FCOI,Impfondo Airport,Impfondo,Congo (Brazzaville),1.6169999837875366,18.066999435424805
EBH,DAOY,El Bayadh Airport,El Bayadh,Algeria,33.7216666667,1.0925
ZIS,HLZN,Alzintan Airport,Zintan,Libya,31.774878,12.25006
MYZ,FWMY,Monkey Bay Airport,Monkey Bay,Malawi,-14.0836000443,34.9197006226
BCU,DNBC,Sir Abubakar Tafawa Balewa International Airport,Bauchi,Nigeria,10.482833,9.744
GMO,DNGO,Gombe Lawanti International Airport,Gombe,Nigeria,10.2983333333,10.8963888889
KDA,GODK,Kolda North Airport,Kolda,Senegal,12.898500442504885,-14.968099594116213
SHO,FDSK,King Mswati III International Airport,Manzini,Swaziland,-26.358611,31.716944
KIY,HTKI,Kilwa Masoko Airport,Kilwa Masoko,Tanzania,-8.91123,39.508619
QSI,HTMS,Moshi Airport,Moshi,Tanzania,-3.3633298873901367,37.32690048217773
MNS,FLMA,Mansa Airport,Mansa,Zambia,-11.13700008392334,28.87260055541992
GZI,OAGN,Ghazni Airport,Ghazni,Afghanistan,33.5312004089,68.412902832
DBC,ZYBA,Baicheng Chang'an Airport,Baicheng,China,45.505278,123.019722
LNL,ZLLN,Longnan Chengzhou Airport,Longnan,China,33.788,105.797
SQD,ZSSR,Shangrao Sanqingshan Airport,Shangrao,China,28.3797,117.9643
YSQ,ZYSQ,Songyuan Chaganhu Airport,Songyuan,China,44.938114,124.550178
JSJ,ZYJS,Jiansanjiang Airport,Jiansanjiang,China,47.11,132.660278
WMT,ZUMT,Zunyi Maotai Airport,Zunyi,China,27.81638,106.33268
LLB,ZULB,Libo Airport,Libo,China,25.4525,107.961667
CDE,ZBCD,Chengde Puning Airport,Chengde,China,41.1225,118.073889
DTU,ZYDU,Wudalianchi Dedu Airport,Wudalianchi,China,48.445,126.133
EJN,ZBEN,Ejin Banner-Taolai Airport,Ejin Banner,China,42.0155,101.0005
RHT,ZBAR,Alxa Right Banner Badanjilin Airport,Alxa Right Banner,China,39.225,101.546
HUO,ZBHZ,Holingol Huolinhe Airport,Holingol,China,45.487222,119.407222
GMQ,ZLGL,Golog Maqin Airport,Golog,China,34.418066,100.301144
QSZ,ZWSC,Yeerqiang Airport,Yarkant,China,38.281055,77.075192
TEI,VETJ,Tezu Airport,Tezu,India,27.9412002563,96.1343994141
CWJ,ZPCW,Cangyuan Washan Airport,Cangyuan,China,23.273889,99.373611
JMJ,ZPJM,Lancang Jingmai Airport,Lancang Lahu,China,22.415833,99.786389
NLH,ZPNL,Ninglang Luguhu Airport,Ninglang,China,27.5403,100.7593
PBQ,SWPM,Pimenta Bueno Airport,Pimenta Bueno,Brazil,-11.641599655151367,-61.17910003662109
WUT,ZBXZ,Xinzhou Wutaishan Airport,Xinzhou,China,38.597456,112.969173
NZL,ZBZL,Chengjisihan Airport,Zhalantun,China,47.865833,122.767503
AIP,VIAX,Adampur Airport,Adampur,India,31.4338,75.758797
VDY,VOJV,Vijayanagar Aerodrome (JSW),Toranagallu,India,15.1749666667,76.6349472222
SAG,VASD,Shirdi Airport,Shirdi,India,19.688611,74.378889
PYB,VEJP,Jeypore Airport,Jeypore,India,18.8799991607666,82.552001953125
SUP,WART,Trunojoyo Airport,Sumenep,Indonesia,-7.0242,113.89023
RKO,WIBR,Rokot Airport,Sipora,Indonesia,-2.0991199016571045,99.70069885253906
PPR,WIDE,Pasir Pangaraan Airport,Pasir Pangaraian,Indonesia,0.8454310297966003,100.37000274658205
TJB,WIBT,Sei Bati Airport,Tanjung Balai Karimun,Indonesia,1.0527,103.3931
KRC,WIPH,Departi Parbo Airport,Kerinci Regency,Indonesia,-2.093,101.4683
NRE,WAPG,Namrole Airport,Buru Island,Indonesia,-3.8548,126.7012
NAM,WAPR,Namlea Airport,Namlea,Indonesia,-3.235569953918457,127.0999984741211
DOB,WAPD,Rar Gwamar Airport,Dobo,Indonesia,-5.77222013474,134.212005615
SQN,WAPN,Emalamo Sanana Airport,Sanana,Indonesia,-2.080509901046753,125.96700286865234
AYW,WASA,Ayawasi Airport,Ayawasi,Indonesia,-1.1593,132.4633
BYQ,WALV,Bunyu Airport,Bunyu,Indonesia,3.45571994781,117.866996765
UOL,WAMY,Buol Airport,Buol,Indonesia,1.1027,121.4141
RAQ,WAWR,Sugimanuru Airport,Raha,Indonesia,-4.760557,122.569371
JSK,OIZJ,Jask Airport,Jask,Iran,25.653601,57.799301
ZBY,VLSB,Sayaboury Airport,Sainyabuli,Laos,19.2436,101.7093
BGL,VNBL,Baglung Airport,Baglung,Nepal,28.212799072265625,83.66629791259766
RJB,VNRB,Rajbiraj Airport,Rajbiraj,Nepal,26.510066,86.733902
DQM,OODQ,Duqm International Airport,Duqm,Oman,19.501944,57.634167
CKI,YCKI,Croker Island Airport,Croker Island,Australia,-11.164999961853027,132.48300170898438
BYP,YBRY,Barimunya Airport,Barimunya,Australia,-22.673900604248,119.16600036621
LUC,NFNH,Laucala Island Airport,Laucala,Fiji,-16.74810028076172,-179.66700744628906
YAS,NFSW,Yasawa Island Airport,Yasawa Island,Fiji,-16.758899688720703,177.5449981689453
WIK,NZKE,Waiheke Reeve Airport,Waiheke Island,New Zealand,-36.80889892578125,175.08599853515625
DEX,WAVD,Nop Goliat Airport,Dekai,Indonesia,-4.8557,139.482006
NAU,NTGN,Napuka Island Airport,Napuka,French Polynesia,-14.176799774169922,-141.26699829101562
FAC,NTKF,Faaite Airport,Faaite,French Polynesia,-16.68670082092285,-145.32899475097656
NUK,NTGW,Nukutavake Airport,Nukutavake,French Polynesia,-19.28499984741211,-138.77200317382812
VHZ,NTUV,Vahitahi Airport,Vahitahi,French Polynesia,-18.780000686645508,-138.85299682617188
HHZ,NTGH,Hikueru Atoll Airport,Hikueru,French Polynesia,-17.544700622558594,-142.61399841308594
RRR,NTKO,Raroia Airport,Raroia,French Polynesia,-16.045,-142.476944
KHZ,NTKA,Kauehi Airport,Kauehi,French Polynesia,-15.780799865722656,-145.12399291992188
TKV,NTGO,Tatakoto Airport,Tatakoto,French Polynesia,-17.355300903320312,-138.44500732421875
TDS,AYSS,Sasereme Airport,Sasereme,Papua New Guinea,-7.6217,142.868
TMH,WAKT,Tanah Merah Airport,Boven Digoel,Indonesia,-6.099219799041748,140.29800415039062
NKB,YNKA,Noonkanbah Airport,Noonkanbah,Australia,-18.4946994781,124.851997375
AEI,LEAG,Algeciras Heliport,Algeciras,Spain,36.12888,-5.441118
KSE,HUKS,Kasese Airport,Kasese,Uganda,0.1829999983310699,30.100000381469727
NCJ,SAFS,Sunchales Aeroclub Airport,Sunchales,Argentina,-30.9575,-61.5283
IST,LTFM,Istanbul Airport,Istanbul,Turkey,41.275278,28.751944
SOV,PASO,Seldovia Airport,Seldovia,United States,59.442401885986,-151.70399475098
YSG,CYLK,Lutselk'e Airport,Lutselk'e,Canada,62.418303,-110.681998
DWA,FWDW,Dwangwa Airport,Dwangwa,Malawi,-12.5183,34.131901
HGI,HSFA,"Paloich Airport, Heliport",Higleig,South Sudan,10.529167,32.500556
KQH,VIKG,Kishangarh Airport,Ajmer,India,26.601473,74.814147
CNN,VOKN,Kannur International Airport,Kannur,India,11.918614,75.547211
ZCO,SCQP,La Araucanía Airport,Temuco,Chile,-38.9259,-72.6515
ASS,FACC,Arathusa Safari Lodge Airport,Arathusa,South Africa,-24.744165,31.522499
VDI,KVDI,Vidalia Regional Airport,Vidalia,United States,32.192699432373,-82.371200561523
ISB,OPIS,New Islamabad International Airport,Islamabad,Pakistan,33.560713,72.851613
MHE,KMHE,Mitchell Municipal Airport,Mitchell,United States,43.7747993469,-98.0385971069
GIT,HTRU,Mchauru Airport,Geita,Tanzania,-2.813667,32.172472
GID,HBBE,Gitega Airport,Gitega,Burundi,-3.417209,29.911308
RMU,LEMI,Región de Murcia International Airport,Murcia,Spain,37.803,-1.125
CQS,SWCQ,Costa Marques Airport,COSTA MARQUES,Brazil,-12.421099662780762,-64.25160217285156
ZXT,UBTT,Zabrat Airport,Baku,Azerbaijan,40.4955422161,49.9768066406
JAM,LBIA,Bezmer Air Base,Yambol,Bulgaria,42.4548988342,26.3521995544
YUA,ZPYM,Yuanmou Air Base,Yuanmou,China,25.737499237061,101.88200378418
XEN,ZYXC,Xingcheng Air Base,,China,40.5802993774,120.697998047
GEC,LCGK,Lefkoniko Airport,Geçitkale,Cyprus,35.235947,33.724358
MBI,HTGW,Songwe Airport,Mbeya,Tanzania,-8.919942,33.273981
UGU,WABV,Bilogai-Sugapa Airport,Sugapa-Papua Island,Indonesia,-3.73956,137.031998
ETM,LLER,Ramon Airport,Eilat,Israel,29.723694,35.011416
MNH,OORQ,Rustaq Airport,Al Masna'ah,Oman,23.640556,57.4875
CGY,RPMY,Laguindingan Airport,Cagayan de Oro City,Philippines,8.612203,124.456496
CPO,SCAT,Desierto de Atacama Airport,Copiapo,Chile,-27.2611999512,-70.7791976929
