IATA,ICAO,Name,Country,Active
,GNL,135 Airways,United States,N
1T,RNX,1Time Airline,South Africa,Y
,WYT,2 Sqn No 1 Elementary Flying Training School,United Kingdom,N
,TFU,213 Flight Unit,Russia,N
,CHD,223 Flight Unit State Airline,Russia,N
,TTF,224th Flight Unit,Russia,N
,TWF,247 Jet Ltd,United Kingdom,N
,SEC,3D Aviation,United States,N
Q5,MLA,40-Mile Air,United States,Y
,QRT,4D Air,Thailand,N
,THD,611897 Alberta Limited,Canada,N
AN,AAA,Ansett Australia,Australia,Y
1B,,Abacus International,Singapore,Y
W9,AAB,Abelag Aviation,Belgium,N
,AAC,Army Air Corps,United Kingdom,N
,AAD,Aero Aviation Centre Ltd.,Canada,N
,SII,Aero Servicios Ejecutivos Internacionales,Mexico,N
,BZS,Aero Biniza,Mexico,N
,ABM,Aero Albatros,Spain,N
ZI,AAF,Aigle Azur,France,Y
AQ,AAH,Aloha Airlines,United States,Y
,AAK,Alaska Island Air,United States,N
AA,AAL,American Airlines,United States,Y
,AAM,Aviation Management Corporation,United States,N
,AAO,Atlantis Airlines (USA),United States,N
,AAP,Aerovista Airlines,United Arab Emirates,N
OZ,AAR,Asiana Airlines,Republic of Korea,Y
4K,AAS,Askari Aviation,Pakistan,Y
,AAU,Australia Asia Airlines,Australia,N
,AAV,Astro Air International,United States,N
8U,AAW,Afriqiyah Airways,Libya,Y
Q9,AFU,Afrinat International Airlines,Gambia,N
,AAX,Afric'air Express,Ivory Coast,N
G4,AAY,Allegiant Air,United States,Y
,AAZ,Angus Aviation,Canada,N
,ABA,Artem-Avia,Ukraine,N
,ABB,African Business and Transportations,Democratic Republic of the Congo,N
K5,ABE,Aban Air,Iran,n
,ABF,Aerial Oy,Finland,N
,ABG,Abakan-Avia,Russia,N
M3,TUS,ABSA - Aerolinhas Brasileiras,Brazil,Y
,ABJ,Abaet,Brazil,N
,ABK,Alberta Citylink,Canada,N
,ABO,APSA Colombia,Colombia,N
,ABU,Aerovias Bueno,Colombia,N
,ACR,Aerocenter,AEROCENTER,N
04,ABV,Antrak Air,Ghana,N
GB,ABX,Airborne Express,United States,N
GB,ABX,ABX Air,United States,N
,ABZ,ATA Brasil,Brazil,N
,ACC,Avcard Services,United Kingdom,N
,ACD,Academy Airlines,United States,N
,ACO,Aero Comondu,Mexico,N
8V,ACP,Astral Aviation,Kenya,Y
,ACS,Air Cess,Liberia,N
,AAI,Air Aurora,United States,N
,ACU,Air Cargo Transportation System,Kenya,N
,ACV,Air Charter Service,United Kingdom,N
E4,RSO,Aero Asia International,Pakistan,N
,ACX,Air Charters,Canada,N
YT,TGA,Air Togo,Togo,N
,RSM,Air Somalia,Somali Republic,N
,ACY,Atlas Cargo Lines,Morocco,N
,ADA,Airservices Australia,Australia,N
4G,,Advance Leasing Company,United States,N
7A,,Aztec Worldwide Airlines,United States,N
8T,,Air Tindi,Canadian Territories,Y
,ADB,Antonov Airlines,Ukraine,N
,ADC,Air Atlantic Dominicana,Dominican Republic,N
,ADD,Advanced Air Co.,Japan,N
ZY,ADE,Ada Air,Albania,Y
,ADG,Aerea Flying Training Organization,Spain,N
,ADI,Audeli Air,Spain,N
,ADJ,Abicar,Ivory Coast,N
Z7,ADK,ADC Airlines,Nigeria,N
,ADL,Aero Dynamics,United Kingdom,N
,ADM,Aerolineas Dominicanas,Dominican Republic,N
,ADN,Aerodienst GmbH,Germany,N
,ADP,Aerodiplomatic,Mexico,N
,ADY,Aerodyne,United States,N
,ADQ,Avion Taxi,Canada,N
JP,ADR,Adria Airways,Slovenia,Y
,ADS,Aviones de Sonora,Mexico,N
,ADT,Air Dorval,Canada,N
,ADU,Airdeal Oy,Finland,N
,ADV,Advance Air Charters,Canada,N
,ADW,Air Andaman,Thailand,N
,ADX,Anderson Aviation,United States,N
UX,AEA,Air Europa,Spain,Y
,ASW,Air Southwest Ltd.,Canada,N
,ASX,Air Special,Czech Republic,N
EM,AEB,Aero Benin,Benin,Y
,AEC,Aerocesar,AEROCESAR,N
,AED,Aerotrans Airlines,Russia,N
A3,AEE,Aegean Airlines,Greece,Y
,AEG,Aerofumigaciones Sam,Chile,N
,AEI,Aeroexpreso Interamericano,Colombia,N
,AEJ,Air Express,Tanzania,N
,AEK,Aerocon,Bolivia,N
,AEM,Aero Madrid,Spain,N
,AEN,Aeroenlaces Nacionales,Mexico,N
,AEO,Aeroservicios Ejecutivos Del Occidente,Mexico,N
,AEP,Aerotec,Spain,N
KI,AAG,Air Atlantique,United Kingdom,N
PE,AEL,Air Europe,Italy,Y
,AAJ,Air Alma,Canada,N
,AEQ,Air Express,Sweden,N
KO,AER,Alaska Central Express,United States,Y
,AES,ACES Colombia,Colombia,Y
,AET,Aeronautical Radio of Thailand,Thailand,N
5W,AEU,Astraeus,United Kingdom,Y
,AEV,Aeroventas,Mexico,N
VV,AEW,Aerosvit Airlines,Ukraine,Y
,AEX,Airway Express,United States,N
I9,AEY,Air Italy,Italy,Y
,AEZ,Aerial Transit Company,United States,N
,AFA,Alfa Air,Czech Republic,N
WK,AFB,American Falcon,Argentina,N
QQ,UTY,Alliance Airlines,Australia,Y
,UVS,Air Universal,Sierra Leone,N
,UVT,Auvia Air,Indonesia,N
,AFC,African West Air,Senegal,N
,AFE,Airfast Indonesia,Indonesia,N
FG,AFG,Ariana Afghan Airlines,Afghanistan,Y
,AFH,Air Fecteau,Canada,N
,AFI,Africaone,Uganda,N
,AFJ,Alliance,Uganda,N
,AFK,Africa Air Links,Sierra Leone,N
SU,AFL,Aeroflot Russian Airlines,Russia,Y
,AFO,Aero Empresa Mexicana,Mexico,N
JA,BON,Air Bosna,Bosnia and Herzegovina,Y
,BRF,Air Bravo,Uganda,N
,BRL,Air Brasd'or,Canada,N
,BRM,Air 500,Canada,N
,AFQ,Alba Servizi Aerotrasporti,Italy,N
AF,AFR,Air France,France,Y
,ACG,Air Partner,United Kingdom,N
SB,ACI,Air Caledonie International,France,Y
,ACM,Air Caledonia,Canada,N
,AGM,Air Guam,United States,N
GN,AGN,Air Gabon,Gabon,N
,AFS,Air Data,United Kingdom,N
,AFV,Air Afrique Vacancies,Ivory Coast,N
,MVM,Air Cargo America,United States,N
2O,,Air Salone,Sierra Leone,Y
,NGO,Air-Angol,Angola,N
,NGP,Air Nigeria,Nigeria,N
2Q,SNC,Air Cargo Carriers,United States,Y
,SND,Air Samarkand,Uzbekistan,N
V7,SNG,Air Senegal International,Senegal,N
,SNY,Air Sandy,Canada,N
SW,NMB,Air Namibia,Namibia,Y
,NSK,Air Intersalonika,Greece,N
,NTL,Air Anatolia,Turkey,N
,SGA,Air Saigon,Vietnam,N
,AFW,Afrique Regional Airways,Ivory Coast,N
,AFX,Airfreight Express,United Kingdom,N
,AFY,Africa Chartered Services,Nigeria,N
,AFZ,Africa Freight Services,Zambia,N
,AGA,Aeronaves Del Centro,Venezuela,N
G8,AGB,Air Service Gabon,Gabon,N
,AGC,Arab Agricultural Aviation Company,Egypt,N
,AGF,Atlantic Gulf Airlines,United States,N
5D,SLI,Aerolitoral,Mexico,Y
,AGG,Algoma Airways,Canada,N
,AGH,Altagna,France,N
,AGO,Angola Air Charter,Angola,N
,AGP,AERFI Group,Ireland,N
,AGQ,Aerogala,Chile,N
1A,AGT,Amadeus Global Travel Distribution,Spain,N
,AGU,Angara Airlines,Russia,N
7T,AGV,Air Glaciers,Switzerland,Y
,AGW,Aero Gambia,Gambia,N
,AGX,Aviogenex,Serbia,Y
,BLR,Atlantic Coast Airlines,United States,N
,BLZ,Aero Barloz,Mexico,N
PL,PLI,Aeroper,Peru,Y
8A,BMM,Atlas Blue,Morocco,Y
,BNB,Aero Banobras,Mexico,N
,AGY,Aero Flight Service,United States,N
,AGZ,Agrolet-Mci,Slovakia,N
GD,AHA,Air Alpha Greenland,Denmark,N
,AHC,Azal Avia Cargo,Azerbaijan,N
,AHE,Airport Helicopter Basel,AIRPORT HELICOPTER,N
,CJE,Aeroservices Corporate,France,N
,AHF,Aspen Helicopters,United States,N
,AHG,Aerochago Airlines,Dominican Republic,N
,AHH,Airplanes Holdings,Ireland,N
LD,AHK,Air Hong Kong,Hong Kong,N
,AHP,Aerochiapas,Mexico,N
,AHR,Air Adriatic,Croatia,N
,AHS,Air Viggi San Raffaele,Italy,N
,AHU,ABC Air Hungary,Hungary,N
HT,AHW,Aeromist-Kharkiv,Ukraine,N
J2,AHY,Azerbaijan Airlines,Azerbaijan,Y
U3,AIA,Avies,Estonia,Y
AP,AIB,Airbus Industrie,France,N
,AIH,Alpine Air Chile,Chile,N
,AII,Air Integra,Canada,N
,AIJ,ABC Aerolineas,Mexico,N
,AIK,African Airlines International Limited,Kenya,N
,AIN,African International Airways,Swaziland,N
5A,AIP,Alpine Air Express,United States,N
,AIU,Alicante Internacional Airlines,Spain,N
,ABP,Aba Air,Czech Republic,N
ED,ABQ,Airblue,Pakistan,Y
,THM,Airmark Aviation,Thailand,N
,AIR,Airlift International,United States,Y
,AIT,Airest,Estonia,N
,BFF,Air Baffin,Canada,N
,BDM,Air Bandama,Ivory Coast,N
AB,BER,Air Berlin,Germany,Y
,ABT,Air Brousse,Canada,N
AG,ABR,Air Contractors,Ireland,N
,AIL,Air Illinois,United States,N
AI,AIC,Air India Limited,India,Y
,AIG,Air Inter Gabon,Gabon,N
ZB,BUB,Air Bourbon,Reunion,Y
CC,ABD,Air Atlanta Icelandic,Iceland,Y
,AIE,Air Inuit,Canada,N
,AIS,Air Sureste,Spain,N
RB,SBK,Air Srpska,Bosnia and Herzegovina,N
TN,THT,Air Tahiti Nui,France,Y
,AIV,Airvias S/A Linhas Aereas,Brazil,N
W4,BES,Aero Services Executive,France,N
,AIW,Atlantic Island Airways,Canada,N
,AIX,Aircruising Australia,Australia,N
,AIY,Aircrew Check and Training Australia,Australia,N
IZ,AIZ,Arkia Israel Airlines,Israel,Y
,AJA,A J Services,United Kingdom,N
,AJB,Aero JBR,Mexico,N
,AJE,Aero Jet Express,Mexico,N
,AJF,Avia Consult Flugbetriebs,Austria,N
,AJI,Ameristar Jet Charter,United States,N
,AJJ,A2 Jet Leasing,United States,N
,AJK,Allied Air,Nigeria,N
JM,AJM,Air Jamaica,Jamaica,Y
AP,ADH,Air One,Italy,Y
S2,RSH,Air Sahara,India,Y
KM,AMC,Air Malta,Malta,Y
,AJO,Aeroejecutivo,Mexico,N
,AJP,Aero Jets Corporativos,Mexico,N
,AJS,Aeroejecutivos Colombia,Colombia,N
M6,AJT,Amerijet International,United States,N
,AJU,Air Jetsul,Portugal,N
,AJV,ANA & JP Express,Japan,N
,AJW,Alpha Jet International,United States,N
NQ,AJX,Air Japan,Japan,Y
,AJY,Ajet,Cyprus,N
,AKA,Air Korea Co. Ltd.,Republic of Korea,Y
,LIV,Air Livonia,Estonia,N
,ABL,Air BC,Canada,N
,ABN,Air Fret Senegal,Senegal,N
,LJA,Air Jamahiriya Company,Libya,N
,AKB,Aktjubavia,Kazakhstan,N
,AKC,Arca Aerovias Colombianas Ltda.,Colombia,N
,AKF,Anikay Air Company,Kyrgyzstan,N
,AKH,Akhal,Turkmenistan,N
,MNI,Aeromilenio,Mexico,N
,AKK,Aklak Air,Canada,N
4A,AKL,Air Kiribati,Kiribati,Y
,AKN,Alkan Air,Canada,N
,AKW,Angkor Airways,Cambodia,N
EH,AKX,Air Nippon Network Co. Ltd.,Japan,N
,AKZ,AK Navigator LLC,Kazakhstan,N
,ALB,Aero Albatros,Mexico,N
,ALD,Albion Aviation,United Kingdom,N
,ALE,Aeroalas Colombia,Colombia,N
,ALF,Allied Command Europe (Mobile Force),Belgium,N
,BTS,Aerotaxis Albatros,Mexico,N
,FYS,American Flyers,United States,N
,DFA,Aero Coach Aviation,United States,N
,CAA,Atlantic Southeast Airlines,United States,N
,BVR,ACM Air Charter,Germany,N
,ALG,Air Logistics,United States,N
,ALL,Aerovallarta,Mexico,N
,ALM,Air ALM,Netherlands Antilles,N
,ALN,Air Lincoln,United States,N
HP,AWE,America West Airlines,United States,Y
ZW,AWI,Air Wisconsin,United States,Y
,TNO,Aerotransporte de Carga Union,Mexico,N
,TND,Aero Taxis Cessna,Mexico,N
,TMP,Arizona Express Airlines,United States,N
U9,TAK,Tatarstan Airlines,Russia,Y
,ALO,Allegheny Commuter Airlines,United States,Y
,ALP,Alpliner AG,Switzerland,N
,ALQ,Altair Aviation (1986),Canada,N
,ALU,Air Luxor STP,Sao Tome and Principe,N
,ALV,Alas de Venezuela,Venezuela,N
,ALW,Alas Nacionales,ALNACIONAL,N
,ALY,Alyeska Air Service,United States,N
,ALZ,Alta Flights (Charters) Ltd.,Canada,N
,RSI,Air Sunshine,United States,Y
,AMA,ATMA,Kazakhstan,N
,AMD,Aerolineas Medellin,Colombia,N
,AMF,Ameriflight,United States,N
VD,,Air Libert,France,Y
TT,KLA,Air Lithuania,Lithuania,N
,AMG,Air Minas Linhas A,Brazil,N
,AMH,Alan Mann Helicopters Ltd.,United Kingdom,N
,AMI,Air Maldives,Maldives,N
,AMJ,Aviation Amos,Canada,N
,AMK,Amerer Air,Austria,N
QM,AML,Air Malawi,Malawi,Y
,AMM,Aeroputul International Marculesti,Moldova,N
,AMN,Air Montenegro,Montenegro,N
,AMO,Air Montreal (Air Holdings Inc.),Canada,N
,AMP,Aero Transporte S.A. (ATSA),Peru,N
,AMQ,Aeromedicare Ltd.,United Kingdom,N
BM,,Air Sicilia,Italy,Y
,AMR,Air Specialties Corporation,United States,N
,AMS,Air Muskoka,Canada,N
,AMT,ATA Airlines,United States,Y
NX,AMU,Air Macau,Macao,Y
,AMV,AMC Airlines,Egypt,Y
ZV,AMW,Air Midwest,United States,N
HM,SEY,Air Seychelles,Seychelles,Y
,SFB,Air Sofia,Bulgaria,N
AM,AMX,AeroMéxico,Mexico,Y
,AMY,Air Ambar,Dominican Republic,N
,AMZ,Amiya Airline,Nigeria,N
NH,ANA,All Nippon Airways,Japan,Y
,ANB,Air Navigation And Trading Co. Ltd.,United Kingdom,N
,ANC,Anglo Cargo,United Kingdom,N
YW,ANE,Air Nostrum,Spain,Y
PX,ANG,Air Niugini,Papua New Guinea,Y
G9,ABY,Air Arabia,United Arab Emirates,Y
AC,ACA,Air Canada,Canada,Y
,BRP,Airport Bratsk,Russia,N
,BSB,Air Wings,Moldova,N
BT,BTI,Air Baltic,Latvia,Y
,ANH,Alajnihah for Air Transport,Libya,N
,ANI,Air Atlantic (Nig) Limited,Nigeria,N
EL,ANK,Air Nippon,Japan,Y
,ANM,Antares Airtransport,ANTARES,N
TL,ANO,Airnorth,Australia,Y
,ANQ,Aerol,Colombia,N
,ANS,Andes Lineas Aereas,Argentina,N
4N,ANT,Air North Charter - Canada,Canada,Y
,ANV,Air Nevada,United States,N
IW,AOM,AOM French Airlines,France,N
,ANW,Aviacion Del Noroeste,AVINOR,N
NZ,ANZ,Air New Zealand,New Zealand,Y
,SAP,Avia Jaynar,Kazakhstan,N
,EMS,Aero Servicios Empresariales,Mexico,N
,AOA,Alcon Servicios Aereos,ALCON,N
J6,AOC,AVCOM,Russia,N
,AOD,Aero Vodochody,Czech Republic,N
,AOE,Air One Executive,Italy,N
,AOF,Atair Pty Ltd.,South Africa,N
2D,AOG,Aero VIP,Argentina,N
,MUN,Aeromundo Ejecutivo,Mexico,N
,MUR,Aerolinea Muri,Mexico,N
,AOI,Astoria,ASTORIA,N
,NRO,Aero Rent JSC,Russia,N
,NRP,Aeronord-Grup,Moldova,N
,AOK,Aeroatlantico Colombia,Colombia,N
,AOL,Angkor Airlines,Cambodia,N
,AON,Aero Entreprise,France,N
,AOO,As,COMPANY AS,N
,AOP,Aeropiloto,Portugal,N
,VIV,Aeroenlaces Nacionales,Mexico,N
,VIZ,Aerovis Airlines,Ukraine,N
,VJE,Avjet International (FZE),United Arab Emirates,N
,VGF,Aerovista Gulf Express,United Arab Emirates,N
6V,VGA,Air Vegas,United States,N
,VER,Almaver,Mexico,N
,AOR,Afro International Ent. Limited,Nigeria,N
XM,SMX,Alitalia Express,Italy,Y
OE,AOT,Asia Overnight Express,Philippines,N
,AOU,Air Tractor,Croatia,N
,AOV,Aero Vision,France,N
,AOX,Aerotaxi Del Valle,Colombia,N
,APA,Air Park Aviation Ltd.,Canada,N
,APC,Airpac Airlines,AIRPAC,N
,SVM,Aeroservicios Monterrey,Mexico,N
,APF,Amapola Flyg AB,Sweden,N
,APG,Air People International,Thailand,N
,APH,Alpha Aviation,AIRFLIGHT,N
,API,ASA Pesada,ASA PESADA,N
,APJ,Air Print,AIR PRINT,N
,BJK,Atlantic Airlines,United States,N
,PET,Aerotransporte Petrolero,Colombia,N
GV,ARF,Aero Flight,Germany,Y
,BJT,ACM Aviation,United States,N
,BKL,Aircompany Barcol,Russia,N
,BLA,All Charter Limited,United Kingdom,N
,APL,Appalachian Flying Service,APPALACHIAN,N
,APM,Airpac,ALASKA PACIFIC,N
,APO,Aeropro,Canada,N
,APP,Aerolineas Pacifico Atlantico,AEROPERLAS,N
,APQ,Aspen Aviation,United States,N
,APU,Aeropuma,AEROPUMA,N
,APV,Air Plan International,Democratic Republic of the Congo,N
JW,APW,Arrow Air,United States,Y
,APX,Apex Air Cargo,United States,N
,APY,APA Internacional,Dominican Republic,N
,AQA,Aeroatlas,ATCO,N
,AQL,Aquila Air Ltd.,Canada,N
,AQN,Air Queensland,Australia,N
,AQO,Aluminum Company Of America,United States,N
,AQT,Aviones de Renta de Quintana Roo,AVIOQUINTANA,N
,AQU,AirQuarius Aviation,South Africa,N
,AQZ,Aerodyne Charter Company,United States,N
W3,ARA,Arik Air,Nigeria,N
,ARB,Avia Air N.V.,Aruba,N
,ARC,Air Routing International Corp.,United States,N
2B,ARD,Aerocondor,Portugal,Y
4C,ARE,Aires,S.A.,Y
AR,ARG,Aerolineas Argentinas,Argentina,Y
,ARH,Arrowhead Airways,United States,N
,ARI,Aero Vics,Mexico,N
,ARJ,Aerojet de Costa Rica,,N
,SUN,Antillana De Navegacion Aerea,Dominican Republic,N
,SUO,Aeroservicios De San Luis,Mexico,N
,SUP,Aerosuper,Mexico,N
,ARK,Aero Link Air Services S.L.,Spain,N
,ARL,Airlec - Air Aquitaine Transport,France,N
,ARM,Aeromarket Express,Spain,N
,ARO,Arrow Aviation Ltd.,Canada,N
,ARP,RPA-Aviataxi Ltd.,Russia,N
,KLD,Air Klaipeda,Lithuania,N
,ARQ,Armstrong Air,ARMSTRONG,N
QN,ARR,Air Armenia,Armenia,N
,ARS,Aeromet Servicios,Chile,N
,ART,Aerotal Aerolineas Territoriales de Colombia Ltda,Colombia,N
,ARV,Aravco Ltd.,United Kingdom,N
,ARW,Aria,France,N
,ARX,Air Xpress,AIREX,N
,OST,Airline Alania,Russia,N
,HTT,Air Tchad,Chad,N
,HUC,Aerloineas de Techuacan,Mexico,N
,HUT,Aerotransportes Huitzilin,Mexico,N
,HUY,Aero Transportes Del Humaya,Mexico,N
,ARY,Argosy Airways,United States,N
,ARZ,Air Resorts,United States,N
AS,ASA,Alaska Airlines,ALASKA,Y
,ASB,Air-Spray 1967 Ltd.,Canada,N
,ASC,Air Star Corporation,Canada,N
4D,ASD,Air Sinai,Egypt,Y
PL,ASE,Airstars,Russia,N
,ASF,Air Schefferville,SCHEFF,N
,ASG,African Star Airways (PTY) Ltd.,South Africa,N
,ASI,Aerosun International,AEROSUN,N
,ASJ,Air Satellite,Canada,N
,ASM,Awesome Flight Services (PTY) Ltd.,South Africa,N
,ASN,Air and Sea Transport,Russia,N
,ASO,Aero Slovakia,Slovakia,N
,ASP,Airsprint,Canada,N
EV,ASQ,Atlantic Southeast Airlines,United States,Y
,ASR,All Star Airlines,ALL STAR,N
,ASS,Air Class,AIR CLASS,N
,AST,Aerlineas Del Oeste,Mexico,N
,NRE,Aviones Are,Mexico,N
,NPL,Air Nepal International,Nepal,N
,NPR,Air Napier,New Zealand,N
,WAM,Air Taxi & Cargo,Sudan,N
,WAP,Arrow Panama,Panama,N
,ASV,Astravia-Bissau Air Transports Ltd.,Guinea-Bissau,N
OB,ASZ,Astrakhan Airlines,Russia,Y
,ATA,Air Transport Association,United States,N
,ATB,Atlantair Ltd.,Canada,N
TC,ATC,Air Tanzania,Tanzania,Y
,ATD,Aerotours Dominicana,Dominican Republic,N
,ATE,Atlantis Transportation Services,ATLANTIS CANADA,N
,ATG,Aerotrans Airline,Kazakhstan,N
,XAC,Air Charter World,United States,N
2J,VBW,Air Burkina,Burkina Faso,Y
,ATH,Air Travel Corp.,United States,N
HC,ATI,Aero-Tropics Air Services,Australia,N
,ATJ,Air Traffic GmbH,Germany,N
,ATK,AeroTACA,Colombia,N
,ATL,Aerocentral,Mexico,N
FO,ATM,Airlines Of Tasmania,Australia,Y
PJ,SPM,Air Saint Pierre,France,Y
8C,ATN,Air Transport International,United States,N
,ATP,ASTRAL Colombia - Aerotransportes Especiales Ltda.,Colombia,N
,ATQ,Air Transport Schiphol,Netherlands,N
,FEO,Aeroferinco,Mexico,N
,FES,Aero Taxis Y Servicios Alfe,Mexico,N
,FFA,Avialesookhrana,Russia,N
,FFB,Africair Service,Senegal,N
,ATR,Atlas Airlines,United States,N
,ATS,Air Transport Service,Democratic Republic of the Congo,N
,ATT,Aer Turas,Ireland,N
,ATU,Atlant Aerobatics Ltd.,Hungary,N
,ATV,Avanti Air,Germany,N
,ATW,Aero Trades (Western) Ltd.,Canada,N
OS,AUA,Austrian Airlines,Austria,Y
,WOW,Air Southwest,United Kingdom,Y
IQ,AUB,Augsburg Airways,Germany,Y
,CPV,Air Corporate,Italy,N
,TUP,Aviastar-Tu,Russia,N
RU,ABW,AirBridge Cargo,Russia,N
,TUR,ATUR,Ecuador,Y
,TXU,ATESA Aerotaxis Ecuatorianos,Ecuador,N
,TXX,Austin Express,United States,N
,AUD,Audi Air,AUDI AIR,N
,AUF,Augusta Air Luftfahrtunternehmen,Germany,N
MO,AUH,Abu Dhabi Amiri Flight,United Arab Emirates,Y
5N,AUL,Aeroflot-Nord,Russia,Y
,AUM,Air Atlantic Uruguay,Uruguay,N
,AUN,Aviones Unidos,Mexico,N
,AUP,Avia Business Group,Russia,N
,SVE,Aero Servicios Expecializados,Mexico,N
GR,AUR,Aurigny Air Services,United Kingdom,Y
NO,AUS,Aus-Air,Australia,N
AU,AUT,Austral Lineas Aereas,Argentina,Y
,AUU,Aurora Aviation,AURORA AIR,N
,AUX,Air Uganda International Ltd.,Uganda,N
,AUY,Aerolineas Uruguayas,AUSA,N
AO,AUZ,Australian Airlines,Australia,N
AV,AVA,Avianca - Aerovias Nacionales de Colombia,AVIANCA,Y
,AVB,Aviation Beaufort,United Kingdom,N
,AVD,Alamo Aviacion,ALAMO,N
,AVF,Aviair Aviation Ltd.,Canada,N
,AVG,Air Falcon,Djibouti,N
,AVH,AV8 Helicopters,United Kingdom,N
,AVJ,Avia Traffic Company,Kyrgyzstan,N
,AVK,AV8 Helicopters,South Africa,N
,AVM,Aviacion Ejecutiva Mexicana,AVEMEX,N
NF,AVN,Air Vanuatu,Vanuatu,Y
,AVO,Aviation at Work,South Africa,N
,AVP,Avcorp Registrations,United Kingdom,N
,LFP,Alfa Aerospace,Australia,N
,LFR,Atlantic Airfreight Aviation,Sao Tome and Principe,N
,LFT,Aerolift Company,Sierra Leone,N
,AVQ,Aviation Services,AQUILINE,N
,AVR,Active Aero Charter,ACTIVE AERO,N
,AVS,Avialsa T-35,Spain,N
,AVT,Asia Avia Airlines,Indonesia,N
,AVU,Avia Sud A,France,N
,AVV,Airvantage Incorporated,United States,N
,AVW,Aviator Airways,Greece,N
,AVX,Aviapaslauga,Lithuania,N
,XXX,ASL,Belgium,N
,YRG,Air Yugoslavia,Serbia,N
K8,ZAK,Airlink Zambia,Zambia,N
,ZZM,Agence Nationale des Aerodromes et de la Meteorologie,Ivory Coast,N
,BGA,Airbus Transport International,France,N
B9,BGD,Air Bangladesh,Bangladesh,Y
,BGF,Aviodetachment-28,Bulgaria,N
,BGG,Aero BG,Mexico,N
,BHC,Aerotaxis De La Bahia,Mexico,N
DR,BIE,Air Mediterranee,France,Y
,BIV,Aviaservice,Georgia,N
,SZA,Aerolineas De El Salvador,El Salvador,N
,SZL,Swaziland Airlink,Swaziland,N
,TAH,Air Moorea,France,Y
,AVY,Aerovaradero,AEROVARADERO,N
,AVZ,Air Valencia,Spain,N
,AWB,Airways International,AIRNAT,N
,AWK,Airwork,New Zealand,N
,AWL,Australian Wetleasing,Australia,N
,AWN,Air Niamey,Niger,N
,AWO,Awood Air Ltd.,Canada,N
,AWR,Arctic Wings And Rotors Ltd.,Canada,N
,ISM,Auo Airclub AIST-M,Russia,N
,AWS,Arab Wings,Jordan,N
,AWT,Air West,Canada,N
7E,AWU,Aeroline GmbH,Germany,Y
,AWV,Airwave Transport,AIRWAVE,N
6G,AWW,Air Wales,United Kingdom,Y
,AWY,Aeroway,AEROWEE,N
TX,FWI,Air Caraïbes,France,Y
,AWZ,AirWest,Sudan,N
IX,AXB,Air India Express,India,Y
,AXD,Air Express,Sudan,N
HJ,AXF,Asian Express Airlines,Australia,N
,AXH,Aeromexhaga,Mexico,N
,AXI,Aeron International Airlines,AIR FREIGHTER,N
,AXK,African Express Airways,Kenya,N
XT,AXL,Air Exel,Netherlands,Y
AK,AXM,AirAsia,Malaysia,Y
,AXN,Alexandair,Greece,N
,AXP,Aeromax,Spain,N
,AXQ,Action Airlines (Action Air Charter),United States,N
,BNI,Alberni Airways,Canada,N
,BNZ,Aerolineas Bonanza,Mexico,N
,BOC,Aerobona,Mexico,N
,BOI,Aboitiz Air,Philippines,N
,AXR,Axel Rent,RENTAXEL,N
,AXS,Altus Airlines,United States,N
,AXV,Aviaxess,France,N
,AXX,Avioimpex A.D.p.o.,Macedonia,N
6V,AXY,Axis Airways,France,N
,AYD,Aladia Airlines,Mexico,N
,AYK,Aykavia Aircompany,Armenia,N
,AYM,Airman,AIRMAN,N
,AYN,Atlantic Airlines,ATLANTIC NICARAGUA,N
,AYS,Awsaj Aviation Services,Libya,N
,AYT,Ayeet Aviation & Tourism,Israel,N
3G,AYZ,Atlant-Soyuz Airlines,Russia,Y
AZ,AZA,Alitalia,Italy,Y
,AZB,Azamat,Kazakhstan,N
ZE,AZE,Arcus-Air Logistic,Germany,N
,AZF,Air Zermatt AG,Switzerland,N
,AZK,Azalhelikopter,Azerbaijan,N
,AZL,Africa One,Zambia,N
,AZM,Aerocozumel,Mexico,N
Z8,AZN,Amaszonas,Bolivia,Y
,AZP,Arizona Pacific Airways,United States,N
,AZS,Aviacon Zitotrans Air Company,Russia,N
,AZT,Azimut,AZIMUT,N
,AZV,Azov Avia Airlines,Ukraine,N
UM,AZW,Air Zimbabwe,Zimbabwe,Y
,MHC,Aero Jomacha,Mexico,N
,MHS,Air Memphis,Egypt,N
,MHU,Air Memphis,Uganda,N
,MKH,Air Marrakech Service,Morocco,N
,AZX,Air Max Africa,Gabon,N
,AZY,Arizona Airways,ARIZAIR,N
,AZZ,Azza Transport,Sudan,N
,NAR,Air Continental Inc,United States,N
,NAU,Antanik-Air,Ukraine,N
,NER,Air Newark,United States,N
,NFF,Aircraft Support and Services,Lebanon,N
,OBA,Aerobanana,Mexico,N
,OBK,Amako Airlines,Nigeria,N
R7,OCA,Aserca Airlines,Venezuela,Y
,NFS,Afrique CArgo Service Senegal,Senegal,N
,NGC,Angoservice,Angola,N
,NGE,Angel Airlines,Thailand,N
,NGF,Angel Flight America,United States,N
,OUL,Air Atonabee,Canada,N
,OVA,Aero Nova,Spain,N
,XPE,Amira Air,Austria,N
,XSS,Aero Express Intercontinental,Mexico,N
,XTJ,Advance Aviation Services,United States,N
,TLR,Air Libya Tibesti,Libya,N
,OVC,Aerovic,Ecuador,N
,RVE,Airventure,Belgium,N
,RVI,Aero Servicios,Mexico,N
,RVL,Airvallee,Italy,N
,OVE,Aeromover,Mexico,N
,OVI,Aerovias Ejecutivas,Mexico,N
,PTD,Aero Servicio Pity,Mexico,N
,PTE,Aero Copter,Mexico,N
FV,SDM,Rossiya-Russian Airlines,Russia,Y
,PLL,Air Pal,Spain,N
,PLM,Air Pullmantur,Spain,N
RX,AEH,Aviaexpress,Hungary,N
,PSG,Aviones Para Servirle,Mexico,N
,SLU,Avio Sluzba,Serbia,N
,SCU,Air Scorpio,Bulgaria,N
,SIP,Air Spirit,United States,N
,BMV,Alatau Airlines,Kazakhstan,N
,GUG,Aviateca,Guatemala,N
,PXX,Aroostook Aviation,United States,N
,PYC,Aeropycsa,Mexico,N
,PVK,Association of Private Pilots of Kazakhstan,Kazakhstan,N
,BAH,The Amiri Flight,Bahrain,N
,BAS,Aero Services,Barbados,N
,BBE,Ababeel Aviation,Sudan,N
,BBT,Air Bashkortostan,Russia,N
,MCY,Ambulance Air Africa,South Africa,N
MQ,EGF,American Eagle Airlines,United States,Y
,PUE,Aeropuelche,Chile,N
,PUT,Aeroput,Serbia,N
,AZI,Azzurra Air,Italy,N
FF,,Airshop,Netherlands,N
ML,,African Transport Trading and Investment Company,Sudan,N
,VUE,AD Aviation,United Kingdom,Y
,XCT,Aero Costa Taxi Aereo,Mexico,N
,VRO,Aerovitro,Mexico,N
,VRI,Aerotaxi Villa Rica,Mexico,N
,VEG,Aerovega,Mexico,N
,VVG,Aerovilla,Colombia,N
,VLR,Aerolineas Villaverde,Mexico,N
,WIL,Aero Air,United States,N
,VEJ,Aero Ejecutivos,Venezuela,N
,WAB,Aero Industries Inc,United States,N
,VNG,Aero Servicios Vanguardia,Mexico,N
,VAD,Aero Taxi Los Valles,Spain,N
,VMR,Aero Vilamoura,Portugal,N
,VLS,Aero Virel,Mexico,N
,XAA,Aeronautical Radio Inc,United States,N
,VUO,Aerovuelox,Mexico,N
,VTM,Aeronaves TSM,Mexico,N
VU,VUN,Air Ivoire,Ivory Coast,Y
BP,BOT,Air Botswana,Botswana,Y
,XPR,Air-Rep,United States,N
,XLL,Air Excel,Tanzania,N
,VAE,Air Evans,Spain,N
,WHY,Air Sorel,Canada,N
,WDR,Air Net Private Charter,United States,N
,XEC,Air Executive Charter,Germany,N
GS,UPA,Air Foyle,United Kingdom,Y
,VTY,Air Midwest,Nigeria,N
VT,VTA,Air Tahiti,French Polynesia,Y
3N,URG,Air Urga,Ukraine,N
,VDR,Air Vardar,Macedonia,N
VL,VIM,Air VIA,Bulgaria,Y
,WLR,Air Walser,Italy,N
,URA,Aircompany Rosavia,Ukraine,N
,XLB,Aircraft Performance Group,United States,N
,WLA,Airwaves Airlink,Zambia,N
,XFX,Airways Corporation of New Zealand,New Zealand,N
,WAY,Airways,France,N
,WGS,Airwings oy,Finland,N
,XAK,Airkenya,Kenya,N
,WPK,Air-Lift Associates,United States,N
,VAB,Airtrans Ltd,Russia,N
,URP,ARP 410 Airlines,Ukraine,N
,WPR,Auckland Regional Rescue Helicopter Trust,New Zealand,N
,URR,Aurora Airlines,Slovenia,N
,UST,Austro Aereo,Ecuador,N
,WLT,Aviation Partners,United States,N
,VLV,Avialift Vladivostok,Russia,N
,VME,Aviacion Comercial de America,Mexico,N
,VVA,Aviast Air,Russia,N
,WLV,Aviation North,United States,N
FK,WTA,Africa West,Togo,Y
,VNT,Avient Air Zambia,Zambia,N
,VZR,Aviazur,France,N
,VID,Aviaprad,Russia,N
G2,VXG,Avirex,Gabon,N
,VXX,Aviaexpress Aircompany,Ukraine,N
,XAM,AMR Services Corporation,United States,N
,XAO,Airline Operations Services,United States,N
,VAZ,Airlines 400,Russia,N
V8,VAS,ATRAN Cargo Airlines,Russian Federation,Y
,VAM,Ameravia,Uruguay,N
,VAV,Angkor Air,Cambodia,N
,VBC,AVB-2004 Ltd,Bulgaria,N
,XKX,ASECNA,France,N
,XAT,AT and T Aviation Division,United States,N
,VAI,Avalair,Serbia,N
,VRT,Averitt Air Charter,United States,N
VE,AVE,Avensa,Venezuela,N
V5,VLI,Avolar Aerolineas,Mexico,N
,VSA,Avstar Aviation,South Africa,N
,VSC,AVESCA,Colombia,N
,XAV,Aviaprom Enterprises,Russia,N
,VTT,Avia Trans Air Transport,Sudan,N
,VSR,Aviostart AS,Bulgaria,N
,VTG,Aviacao Transportes Aereos e Cargas,Angola,N
,XJA,Assistance Aeroportuaire de L'Aeroport de Paris,France,N
,XFS,American Flight Service Systems,United States,N
,XXV,AASANA,Bolivia,N
,XME,Australian air Express,Australia,N
,XMG,AMS Group,Russia,N
,CAJ,Air Caraibes Atlantique,France,N
,CAO,Air China Cargo,China,N
,CBE,Aerovias Caribe,Mexico,N
,CBO,Aerotaxi del Cabo,Mexico,N
,CBS,Air Columbus,Ukraine,N
,CBV,Aero Cabo,Mexico,N
CA,CCA,Air China,China,Y
,CDA,Aerocardal,Chile,N
Q6,CDP,Aero Condor Peru,Peru,Y
,CDU,Aerotrans,Russia,N
,CDV,Airline Skol,Russia,N
,CFF,Aerofan,Spain,N
,CFM,ACEF,Portugal,N
,CFR,Africa One,Democratic Republic of the Congo,N
,CFV,Aero Calafia,Mexico,N
,CGB,Air Cargo Belize,Belize,N
,CGV,Aero Clube Do Algarve,Portugal,N
,CGW,Air Great Wall,China,N
,CHJ,Aircompany Chaika,Ukraine,N
,CHR,Air Charter Services,Democratic Republic of the Congo,N
,CHV,Air Charter Professionals,United States,N
,CID,Asia Continental Airlines,Kazakhstan,N
5F,CIR,Arctic Circle Air Service,United States,N
,CKL,Aviation Charter Services,United States,N
,CLL,Aerovias Castillo,Mexico,N
,CLP,Aero Club De Portugal,Portugal,N
,CMF,Air Care Alliance,United States,N
,CND,Aero Continente Dominicana,Dominican Republic,N
,CNE,Air Toronto,Canada,N
,CNH,Aquila Air,United States,N
,CNU,Air Consul,Spain,N
,CNX,Allcanada Express,Canada,N
,CPF,ATS Private Company,Ukraine,N
QC,CRD,Air Corridor,Mozambique,N
NV,CRF,Air Central,Japan,N
,CRJ,Air Cruzal,Angola,N
,CRP,Aerotransportes Corporativos,Mexico,N
,CRQ,Air Creebec,Canada,N
,CTA,Aero Charter and Transport,United States,N
,CTE,Air Tenglong,China,N
,CTR,Aerlineas Centauro,Mexico,N
,CUO,Aerocuahonte,Mexico,N
CV,CVA,Air Chathams,New Zealand,Y
CW,CWM,Air Marshall Islands,Marshall Islands,Y
,CWP,Australian Customs Service,Australia,N
,CYL,Air One Cityliner,Italy,N
,CYO,Air Transport,United States,N
ZA,CYD,Access Air,United States,Y
,CYE,Aerocheyenne,Mexico,N
AH,DAH,Air Algerie,Algeria,Y
,DAP,Aerovias DAP,Chile,N
,DBA,Air Alpha,United States,N
,DBD,Air Niagara Express,Canada,N
,DEF,Aviation Defense Service,France,N
,DEG,Air Service Groningen,Netherlands,N
KI,DHI,Adam Air,Indonesia,Y
ER,DHL,Astar Air Cargo,United States,N
,DHM,Archer Aviation,United Kingdom,N
,DIC,Aeromedica,Mexico,N
,DIN,Aerodin,Mexico,N
HO,DJA,Antinea Airlines,Algeria,N
,DJU,Air Djibouti,Djibouti,N
EN,DLA,Air Dolomiti,Italy,Y
,DLS,Aero Modelo,Mexico,N
,DLU,Aerolineas Del Sur,Chile,N
,DMC,Aerodinamica de Monterrey,Mexico,N
,DMI,Aeroservicios Dinamicos,Mexico,N
,DML,Aerotaxis Dosmil,Mexico,N
,DNA,Aerodespachos De El Salvador,El Salvador,N
,DNC,Aeroynamics Malaga,Spain,N
,DNJ,Aerodynamics Incorporated,United States,N
D9,DNV,Aeroflot-Don,Russia,Y
NM,DRD,Air Madrid,Spain,Y
,DRM,Airways Flight Training,United Kingdom,N
,DRO,Aeronaves Del Noreste,Mexico,N
,DSC,Addis Air Cargo Services,Ethiopia,N
,DSK,Aero Algarve,Portugal,N
,DST,Aex Air,United States,N
,DVI,Aero Davinci International,Mexico,N
,DYN,Aero Dynamics,United States,N
,EAE,Aeroservicios Ecuatorianos,Ecuador,N
,EAP,Aero-Pyrenees,France,N
,EAT,Air Transport,Slovakia,N
EE,EAY,Aero Airlines,Estonia,N
,EBC,Aero Ejecutivo De Baja California,Mexico,N
4F,ECE,Air City,Germany,N
,ECG,Aero Ejecutivos RCG,Mexico,N
,ECL,Aeronautica Castellana,Spain,N
,ECM,Aerolineas Comerciales,Mexico,N
,EDA,Aerolineas Nacionales Del Ecuador,Ecuador,N
,EET,Air Este,Spain,N
,EFC,Air Mana,France,N
EI,EIN,Aer Lingus,Ireland,Y
,EJP,Aeroservicios Ejecutivos Corporativos,Mexico,N
E8,ELG,Alpi Eagles,Italy,N
,END,Arrendoora y Transportadora Aerea,Mexico,N
,EOS,Eliossola,Italy,N
,EPA,Shenzhen Donghai Airlines,China,N
,ENW,Aeronaves Del Noroeste,Spain,N
,EOL,Airailes,France,N
,EOM,Aero Ermes,Mexico,N
,EPL,Aero Transportes Empresariales,Mexico,N
,EPS,Epps Air Service,United States,N
,EPE,Aero Empresarial,Mexico,N
KY,EQL,Air S,Air S,N
,ERG,Avianergo,Russia,N
,ERI,Aero Servicios Regiomontanos,Mexico,N
,ERK,Aerosec,Chile,N
,ERM,Aeromaan,Mexico,N
,ESB,Aerosaba,Mexico,N
,ESO,Avitat,United Kingdom,N
,ESU,Aerolineas Ejecutivas Del Sureste,Mexico,N
,ESZ,Aeronautica Le Esperanza,Mexico,N
,ETC,ATTICO,Sudan,N
,ETE,Aero Siete,Mexico,N
,EUK,Air Atlanta Europe,United Kingdom,N
,EVE,Air Evex,Germany,N
,EVR,Aeronautical Academy of Europe,Portugal,N
,EXG,Air Exchange,United States,N
,FAC,Atlantic Helicopters,Denmark,N
,FAG,Argentine Air Force,Argentina,N
PC,FAJ,Air Fiji,Fiji,N
,FAN,AF-Air International,Angola,N
,FBW,Aviation Data Systems,United States,N
,FCI,Air Carriers,United States,N
,FCO,Aerofrisco,Mexico,N
,FCU,Alfa 4,Mexico,N
,FDA,African Airlines,Mali,N
,FDS,African Medical and Research Foundation,Kenya,N
,FGT,Aero Freight,Mexico,N
,FIC,Aerosafin,Mexico,N
OF,FIF,Air Finland,Finland,Y
,FII,Aerodata Flight Inspection,Germany,N
,FIX,Airfix Aviation,Finland,Y
FJ,FJI,Air Pacific,Fiji,Y
,FLD,Air Falcon,Pakistan,N
RC,FLI,Atlantic Airways,Faroe Islands,Y
QH,FLZ,Air Florida,United States,Y
,FMT,Air Fret De Mauritanie,Mauritania,N
,FNM,Avio Nord,Italy,N
,FNO,Aeroflota Del Noroeste,Spain,N
,FNX,Aero Fenix,France,N
,FRD,Ford Motor Company,United States,N
,FPY,African Company Airlines,Democratic Republic of the Congo,N
,FRJ,Afrijet Airlines,Nigeria,N
,FRK,Afrika Aviation Handlers,Kenya,N
,FRQ,Afrique Chart'air,Cameroon,N
,FRT,Aerofreight Airlines,Russia,N
,FST,Aereos Limited,United Kingdom,N
,FTC,Air Affaires Tchad,Chad,N
,FTY,ABC Bedarsflug,Austria,N
NY,FXI,Air Iceland,Iceland,Y
2P,GAP,Air Philippines,Philippines,Y
,GAU,Aerogaucho,Uruguay,N
,GBJ,Aero Business Charter,Germany,N
,GBN,Atlantic Airlines,Gabon,N
,GCF,Aeronor,Spain,N
,GCK,Aerogem Cargo,Ghana,N
,GFO,Aerovias del Golfo,Mexico,N
,GGL,Aeronautica,Angola,N
ZX,GGN,Air Georgian,Canada,N
,GHL,Aviance,United Kingdom,N
,GHN,Air Ghana,Ghana,N
,GIL,African International Transport,Guinea,N
2U,GIP,Air Guinee Express,Guinea,Y
,GIZ,Africa Airlines,Guinea,N
,GLL,Air Gemini,Angola,N
,GLT,Aero Charter,United States,N
,GME,Aguilas Mayas Internacional,Guatemala,N
,GMM,Aerotaxis Guamuchil,Mexico,N
,GMS,Aeroservicios Gama,Mexico,N
0A,GNT,Amber Air,Lithuania,N
,GOA,Alberta Government,Canada,N
,GRE,Air Scotland,Greece,N
DA,GRG,Air Georgia,Georgia,N
,GRI,Air Cargo Center,Sao Tome and Principe,N
GL,GRL,Air Greenland,Denmark,Y
LL,GRO,Allegro,Mexico,N
,GRR,Agroar - Trabalhos Aereos,Portugal,N
,GRX,Aircompany Grodno,Belarus,N
,GSP,Airlift Alaska,United States,N
,GSV,Agrocentr-Avia,Kazakhstan,N
,GTC,Altin Havayolu Tasimaciligi Turizm Ve Ticaret,Turkey,N
5Y,GTI,Atlas Air,United States,Y
,GTP,Aerotaxi Grupo Tampico,Mexico,N
,GUA,Aerotaxis de Aguascalientes,Mexico,N
GG,GUY,Air Guyane,French Guiana,Y
,GVI,Air Victoria Georgia,Georgia,N
H9,HAD,Air D'Ayiti,Haiti,N
GG,HAH,Air Comores International,Comoros,N
,HAT,Air Taxi,France,N
,HEI,Aerohein,Chile,N
,HGH,Atlantic Air Lift,France,N
,HHA,Atlantic Airlines de Honduras,Honduras,N
,HID,Aviacion Ejecutiva De Hildago,Mexico,N
,HJA,Air Haiti,Haiti,N
,HJT,Al Rais Cargo,United Arab Emirates,N
,HKH,Air-Invest,Hungary,N
,HMA,Air Tahoma,United States,N
,HMT,Air Nova,Canada,N
,HOM,Aero Homex,Mexico,N
,HPO,Almiron Aviation,Uganda,N
,HQO,Avinor,Norway,N
,HYR,Airlink Airways,Ireland,N
8C,HZT,Air Horizon,Togo,N
,IAE,AC Insat-Aero,Russia,N
,ICM,Air Inter Cameroun,Cameroon,N
,IFI,Air Lift,Greece,N
,IKM,Aero Survey,Ghana,N
,ILK,Aero Airline,Kazakhstan,N
,IME,Airtime Charters,United Kingdom,N
,IMN,Aerotaxis Cimarron,Mexico,N
,INA,Aero International,Mexico,N
,ING,Aeroingenieria,Chile,N
,INO,Aeroservicios Intergrados de Norte,Mexico,N
,IPL,Airpull Aviation,Spain,N
,IRD,Arvand Airlines,Iran,N
,IRH,Atlas Aviation Group,Iran,N
,IRW,Aram Airline,Iran,N
,IRX,Aria Tour,Iran,N
,ITE,Aerotaxi,Czech Republic,N
,ITF,Avita-Servicos Aereos,Angola,N
,ITO,Aero Citro,Mexico,N
,IVE,Air Executive,Spain,N
,IWS,Aviainvest,Russia,N
W9,JAB,Air Bagan,Myanmar,Y
,JAD,Aerojal,Mexico,N
,JAR,Airlink,Austria,N
,JEE,Ambjek Air Services,Nigeria,N
,UTX,Avfinity,United States,N
,JMR,Alexandair,Canada,N
,JMX,Air Jamaica Express,Jamaica,N
,JOA,Air Swift Aviation,Australia,N
,JOB,Aerojobeni,Mexico,N
IP,JOL,Atyrau Air Ways,Kazakhstan,N
,JPR,Aerosmith Aviation,United States,N
,JTS,Arrendamiento de Aviones Jets,Mexico,N
,JUA,Aero Juarez,Mexico,N
QK,JZA,Air Canada Jazz,Canada,Y
,KAA,Asia Aero Survey and Consulting Engineers,Republic of Korea,N
,KAD,Air Kirovograd,Ukraine,N
,KAM,Air Mach,Italy,N
,KAV,Air Kufra,Libya,N
,KEK,Arkhabay,Kazakhstan,N
,KFK,Aero Charter Krifka,Austria,N
,KFT,Air Kraft Mir,Uzbekistan,N
,KGD,Air Concorde,Bulgaria,N
,KHH,Alexandria Airlines,Egypt,N
,KIE,Afit,Germany,N
,KKB,Air South,United States,N
KK,KKK,Atlasjet,Turkey,Y
,KLB,Air Mali International,Mali,N
,KLZ,Aerokaluz,Mexico,N
JS,KOR,Air Koryo,Democratic People's Republic of Korea,Y
,KOY,Araiavia,Kazakhstan,N
,KRE,AeroSucre,Colombia,N
,KRT,Air Kokshetau,Kazakhstan,N
,KSI,Air Kissari,Angola,N
,KTN,Aeronavigaciya,Ukraine,N
,KVR,Alliance Avia,Kazakhstan,N
,KYC,Av Atlantic,United States,N
KC,KZR,Air Astana,Kazakhstan,Y
,LAG,Aerovias De Lagos,Mexico,N
LV,LBC,Albanian Airlines,Albania,Y
,LBI,Albisa,Mexico,N
,LBW,Albatros Airways,Albania,N
,LDG,Aerolineas Aereas Ejecutivas De Durango,Mexico,N
,LDL,Aerologic,Russia,N
,LDN,Al-Donas Airlines,Nigeria,N
,LDR,Aero Lider,Mexico,N
,LEM,Aleem,Egypt,N
,LET,Aerolineas Ejecutivas,Mexico,N
,LFA,Air Alfa,Turkey,Y
,LFC,Aero Control Air,Canada,N
,LGN,Aerolaguna,Mexico,N
,LHR,Al Ahram Aviation,Egypt,N
D4,LID,Alidaunia,Italy,N
,LIE,Al-Dawood Air,Nigeria,N
,LKP,American Aviation,United States,N
,LKS,Airlink Solutions,Spain,N
,LKY,Air Solutions,United States,N
CD,LLR,Alliance Air,India,N
,LMA,Aerolima,Mexico,N
,LML,Alamia Air,Libya,N
,LMP,Air Plus Argentina,Argentina,N
,LMT,Almaty Aviation,Kazakhstan,N
,LMX,Aerolineas Mexicanas J S,Mexico,N
,LMY,Air Almaty,Kazakhstan,N
,LMZ,Air Almaty ZK,Kazakhstan,N
XL,LNE,Aerolane,Ecuador,Y
,LNK,Airlink,South Africa,N
,LNT,Aerolineas Internacionales,Mexico,N
,LOK,Alok Air,Sudan,N
,LOU,Air Saint Louis,Senegal,N
,LPC,Alpine Aviation,South Africa,N
A6,LPV,Air Alps Aviation,Austria,N
,LRO,Alrosa-Avia,Russia,N
,LRW,Al Rida Airways,Mauritania,N
,LSK,Aurela,Lithuania,N
,LSM,Aerobusinessservice,Russia,N
,LSR,Alsair,France,N
,LTI,Aerotaxis Latinoamericanos,Mexico,N
,LUC,Alninati Aeronautics,Switzerland,N
TD,LUR,Atlantis European Airways,Armenia,Y
,LVN,Aliven,Italy,N
,LVR,Aviavilsa,Lithuania,N
L8,LXG,Air Luxor GB,Guinea-Bissau,N
LK,LXR,Air Luxor,Portugal,Y
,LYT,Apatas Air,Lithuania,N
,LZP,Air Ban,Bulgaria,N
,LZR,Air Lazur,Bulgaria,N
,MAM,Aerodromo De La Mancha,Spain,N
MK,MAU,Air Mauritius,Mauritius,Y
,MBA,Avag Air,Austria,N
,MBB,Air Manas,Kyrgyzstan,N
,MBC,Airjet Exploracao Aerea De Carga,Angola,N
,MBV,Aeriantur-M,Moldova,N
,MCB,Air Mercia,United Kingdom,N
,MCD,Air Medical,United Kingdom,N
,MCO,Aerolineas Marcos,Mexico,N
,MDC,Atlantic Aero and Mid-Atlantic Freight,United States,N
MD,MDG,Air Madagascar,Madagascar,Y
,MDX,Aerosud Charter,South Africa,N
,MEF,Air Meridan,Nigeria,N
,MFL,Aero McFly,Mexico,N
,MGE,Asia Pacific Airlines,United States,N
,MGS,Aeromagar,Mexico,N
,MIE,Aero Premier De Mexico,Mexico,N
9U,MLD,Air Moldova,Moldova,Y
,MLF,Amal Airlines,Djibouti,N
,MLI,Air Mali,Mali,N
,MLN,Air Madeleine,Canada,N
,MMC,Aermarche,Italy,N
,MMD,Air Alsie,Denmark,N
,MMM,Aviation Company Meridian,Russia,N
,MMP,AMP Incorporated,United States,N
,MMX,Airmax,Peru,N
,MNE,Aerolineas Amanecer,Mexico,N
M0,MNG,Aero Mongolia,Mongolia,N
,MOC,Air Monarch Cargo,Mexico,N
,MOP,Aeropublicitaria De Angola,Angola,N
,MOR,Aerolineas De Morelia,Mexico,N
A7,MPD,Air Plus Comet,Spain,Y
QO,MPX,Aeromexpress,Mexico,N
,MQT,Air ITM,France,N
,MRL,Aeromorelos,Mexico,N
,MRM,Aerocharter,Canada,N
,MRP,Abas,Czech Republic,N
MR,MRT,Air Mauritanie,Mauritania,N
,MSC,Air Cairo,Egypt,N
,MSK,Air Sport,Bulgaria,N
,MSM,Aeromas,Uruguay,N
,MSO,Aerol,Mexico,N
,MSV,Aero-Kamov,Russia,N
,MTB,Aerotaxis Metropolitanos,Mexico,N
,MTE,Aeromet Linea Aerea,Chile,N
,MTK,Air Metack,Angola,N
,MTY,Air Montegomery,United Kingdom,N
,MXO,Aerotaxi Mexicano,Mexico,N
,MYS,Aero Yaqui Mayo,Mexico,N
,MZK,AVC Airlines,Japan,N
,MZL,Aerovias Montes Azules,Mexico,N
3S,,Aeroland Airways,Greece,N
8D,,Astair,Russian Federation,Y
F4,NBK,Albarka Air,Nigeria,N
,NCL,ACA-Ancargo Air Sociedade de Transporte de Carga Lda,Angola,N
,NEL,Aero Servicios de Nuevo Laredo,Mexico,N
,NGV,Angoavia,Angola,N
,NID,Aeroni,Mexico,N
,NIE,Aeroejecutiva Nieto,Mexico,N
AJ,NIG,Aero Contractors,Nigeria,Y
,NKZ,Aerokuzbass,Russia,N
,NPT,Atlantic Airlines,United Kingdom,N
,NRS,Atlantic Richfield Company,United States,N
,NSO,Aerolineas Sosa,Honduras,N
,NTD,Aero Norte,Mexico,N
,NTV,Air Inter Ivoire,Ivory Coast,N
,NUL,Aeroservicios De Nuevo Leon,Mexico,N
,NVI,Avial NV Aviation Company,Russia,N
,NWG,Airwing,Norway,N
,NXA,Air Next,Japan,N
,OAO,Arkhangelsk 2 Aviation Division,Russia,N
,OGI,Aerogisa,Mexico,N
,OLV,Aerolineas Olve,Mexico,N
,OMG,Aeromega,United Kingdom,N
,ONR,Air One Nine,Libya,N
,ONT,Air Ontario,Canada,N
,ORP,Aerocorp,Mexico,N
,ORS,Action Air,Italy,N
,OSN,Aerosan,Mexico,N
,OSO,Aviapartner Limited Company,Russia,N
,PAJ,Aliparma,Italy,N
,PBT,Air Parabet,Bangladesh,N
8Y,PBU,Air Burundi,Burundi,N
,PCG,Aeropostal Cargo de Mexico,Mexico,N
,PCK,Air Pack Express,Spain,N
,PCS,Air Palace,Mexico,N
OT,PEL,Aeropelican Air Services,Australia,Y
,PFI,Aerolineas Chihuahua,Mexico,N
,PFT,Air Cargo Express International,United States,N
,PHR,Al Farana Airline,Egypt,N
,PHW,Ave.com,United Arab Emirates,N
,PIE,Air South West,United Kingdom,N
,PIF,Aeroservicios California Pacifico,Mexico,N
,PKA,AST Pakistan Airways,Pakistan,N
,PNL,Aero Personal,Mexico,N
,PNU,Aero Servicios Platinum,Mexico,N
,POY,Apoyo Aereo,Mexico,N
,PRI,Aerotransportes Privados,Mexico,N
,PRT,Atlantic Coast Jet,United States,N
AD,PRZ,Air Paradise International,Indonesia,N
,PSE,Aeroservicio Sipse,Mexico,N
,PSL,Aeroservicios Corporativos De San Luis,Mexico,N
,PVA,Aerotransportes Privados,Mexico,N
,PZA,Aereo Taxi Paraza,Mexico,N
QD,QCL,Air Class Lineas Aereas,Uruguay,N
,QEA,Aviation Consultancy Office,Australia,N
,QAT,Aero Taxi,Canada,N
,QKC,Aero Taxi Aviation,United States,N
,QLA,Aviation Quebec Labrador,Canada,N
QS,QSC,African Safari Airways,Kenya,N
,QUI,Aero Quimmco,Mexico,N
,RAD,Alada,Angola,N
,RAI,Aerotur-Air,Kazakhstan,N
,RAP,Air Center Helicopters,United States,N
,RBE,Aur Rum Benin,Benin,N
,RBJ,Aeroserivios Del Bajio,Mexico,N
4Y,RBU,Airbus France,France,N
,RBV,Air Roberval,Canada,N
,RBX,Arubaexel,Aruba,N
,RCC,Air Charters Eelde,Netherlands,N
,RCE,Aerocer,Mexico,N
,RCF,Aeroflot-Cargo,Russia,N
MC,RCH,Air Mobility Command,United States,N
,RCI,Air Cassai,Angola,N
,RCO,Aero Renta De Coahuila,Mexico,N
,RCP,Aerocorp,Mexico,N
,RCQ,Aerolineas Regionales,Mexico,N
,RCU,Atlantic S.L.,Spain,N
,RCX,Air Service Center,Italy,N
,RDD,Adygeya Airlines,Russia,N
,RDM,Air Ada,Mauritania,N
RE,REA,Aer Arann,Ireland,Y
,REN,Aero-Rent,Mexico,N
,RES,Australian Maritime Safety Authority,Australia,N
UU,REU,Air Austral,France,Y
,REY,Aero-Rey,Mexico,N
,RFC,Aero Africa,Swaziland,N
,RFD,Aerotransportes Rafilher,Mexico,N
,RGO,Argo,Dominican Republic,N
,RGT,Airbourne School of Flying,United Kingdom,N
,RHL,Air Archipels,France,N
,RIF,Aviation Ministry of the Interior of the Russian Federation,Russian Federation,N
,RIS,Aeris Gestion,Spain,N
6K,RIT,Asian Spirit,Philippines,Y
,RJS,Aeroservicios Jet,Mexico,N
RK,RKA,Air Afrique,Ivory Coast,Y
A5,RLA,Airlinair,France,Y
,RLK,Air Nelson,New Zealand,N
,RLL,Air Leone,Sierra Leone,N
QL,RLN,Aero Lanka,Sri Lanka,Y
,RLZ,Air Alize,France,N
,RMD,Air Amder,Mauritania,N
,RME,Armenian Airlines,Armenia,N
MV,RML,Armenian International Airways,Armenia,N
,RMO,Arm-Aero,Armenia,N
,RMX,Air Max,Bulgaria,N
20,RNE,Air Salone,Sierra Leone,Y
,RNM,Aeronem Air Cargo,Ecuador,N
,RNR,Air Cargo Masters,United States,N
U8,RNV,Armavia,Armenia,Y
,ROE,Aeroeste,Bolivia,N
,ROH,Aero Gen,Mexico,N
,ROI,Avior Airlines,Venezuela,N
,ROL,Aeroel Airways,Israel,N
BQ,ROM,Aeromar,Dominican Republic,N
,ROO,Aeroitalia,Italy,N
,ROD,Aerodan,Mexico,N
P5,RPB,AeroRep,Colombia,Y
,RPC,Aerolineas Del Pacifico,Ecuador,N
,RRC,Aero Roca,Mexico,N
,RRE,Aerotransportes Internacionales De Torreon,Mexico,N
,RRM,Acvila Air-Romanian Carrier,Romania,N
,RSC,Aerolineas Ejecutivas Tarascas,Mexico,N
BF,RSR,Aero-Service,Republic of the Congo,Y
5L,RSU,Aerosur,Bolivia,Y
,RTE,Aeronorte,Portugal,Y
,RTH,Artis,France,N
,RTO,Arhabaev Tourism Airlines,Kazakhstan,N
,RTQ,Air Turquoise,France,N
,RTU,Aerotucan,Mexico,N
,RUD,Air Anastasia,Ukraine,N
,RUM,Air Rum,Sierra Leone,N
,RUN,ACT Havayollari,Turkey,N
,RVP,Air VIP,Portugal,N
,RVT,Aircompany Veteran,Armenia,N
,RWB,Alliance Express Rwanda,Rwanda,N
,RWC,Arrow Ecuador Arrowec,Ecuador,N
,RWY,Aerogroup 98 Limited,United Kingdom,N
,RXT,Aeroxtra,Mexico,N
,RXX,Express Air Charter,Canada,N
,RWS,Air Whitsunday,Australia,N
,RZL,Aero Zambia,Zambia,N
,RZN,Aero Zano,Mexico,N
,RZZ,Anoka Air Charter,United States,N
,SBH,Aerosaab,Mexico,N
,SCD,Associated Aviation,Nigeria,N
,SCM,American Jet International,United States,N
EX,SDO,Air Santo Domingo,Dominican Republic,N
,SDP,Aero Sudpacifico,Mexico,N
,SEF,Aero Servicios Ejecutivas Del Pacifico,Mexico,N
JR,SER,Aero California,Mexico,N
,SFM,A-Safar Air Services,Nigeria,N
,SGV,Aerosegovia,Nicaragua,N
,SHH,Airshare Holdings,United Kingdom,N
,SIY,Aerosiyusa,Mexico,N
,SIZ,Aero Silza,Mexico,N
,SJN,Air San Juan,United States,N
,SKP,Aero-North Aviation Services,Canada,N
,SMI,Aero Sami,Mexico,N
Z3,SMJ,Avient Aviation,Zimbabwe,Y
,SOD,Aerolineas Sol,Mexico,N
,SOE,Air Soleil,Mauritania,N
,SOG,Aero Soga,Guinea-Bissau,N
,SPD,Airspeed Aviation,Canada,N
M3,SPJ,Air Service,Macedonia,N
,SPO,Aeroservicios Ejecutivos Del Pacifico,Mexico,N
,SPY,Asian Aerospace Service,Thailand,N
,SPZ,Airworld,South Africa,N
,SQR,Alsaqer Aviation,Libya,N
,SRI,Air Safaris and Services,New Zealand,N
,SRV,Aero Servicio Corporativo,Mexico,N
,SSL,Air Sultan,Sierra Leone,N
,SSM,Aero 1 Pro-Jet,Canada,N
,SSN,Airquarius Air Charter,South Africa,N
,STK,Aeropac,United States,N
,STT,Air St. Thomas,United States,N
,SUE,Aerolineas Del Sureste,Mexico,N
,SUY,Aerial Surveys (1980) Limited,New Zealand,N
GM,SVK,Air Slovakia,Slovakia,N
,SWH,Adler Aviation,Canada,N
R3,SYL,Aircompany Yakutia,Russia,Y
,SYT,Aerosud Aviation,South Africa,N
,TAA,Aeroservicios de La Costa,Mexico,N
VW,TAO,Aeromar,Mexico,Y
,TBL,Aerotrebol,Mexico,N
,TBO,Aero Taxi de Los Cabos,Mexico,N
JY,TCI,Air Turks and Caicos,Turks and Caicos Islands,N
,TCO,Aerotranscolombina de Carga,Colombia,N
,TDG,Air Cargo Express,United States,N
,TDT,Atlas Helicopters,United Kingdom,N
,TDY,Air Today,United States,N
,TED,Aero Servicios Azteca,Mexico,N
OR,TFL,Arkefly,Netherlands,Y
,TIR,Antair,Mexico,N
,TLB,Atlantique Air Assistance,France,N
,TLD,Aero Taxi Autlan,Mexico,N
,TLE,Aero Util,Mexico,N
,TLU,Aero Toluca Internactional,Mexico,N
,TME,Aero Taxi del Centro de Mexico,Mexico,N
,TOC,Aerotropical,Mexico,N
,TOH,Air Tomisko,Serbia,N
CG,TOK,Airlines PNG,Papua New Guinea,Y
,TON,Aero Tanala,Mexico,N
,TPB,Aero Tropical,Angola,N
TY,TPC,Air Cal,France,N
,TPK,Air Horizon,Chad,N
,TPO,Aero Taxi del Potosi,Mexico,N
,TQS,Aeroturquesa,Mexico,N
,TRH,Airmark Aviation,United States,N
FL,TRS,AirTran Airways,United States,Y
TS,TSC,Air Transat,Canada,Y
,TSQ,airtransse,Japan,N
,TTB,Aerolineas Turisticas del Caribe,Mexico,N
,TTE,Avcenter,United States,N
,TUN,Air Tungaru,Kiribati,N
EC,TWN,Avialeasing Aviation Company,Uzbekistan,Y
,TXD,Aerotaxis del Noroeste,Mexico,N
,TXF,Aerotaxis Alfe,Mexico,N
,TXI,Aereotaxis,Mexico,N
VO,TYR,Tyrolean Airways,Austria,Y
,TZA,Aero Tomza,Mexico,N
,TZT,Air Zambezi,Zimbabwe,N
,UAG,Afra Airlines,Ghana,N
,UAR,Aerostar Airlines,Ukraine,N
,UCK,Air Division of the Eastern Kazakhstan Region,Kazakhstan,N
DW,UCR,Aero-Charter Ukraine,Ukraine,N
,UED,Air LA,United States,N
6U,UKR,Air Ukraine,Ukraine,N
,UMB,Air Umbria,Italy,N
,UND,Atuneros Unidos de California,Mexico,N
,FLP,Aeroclub Flaps,Spain,N
2K,GLG,Aerolineas Galapagos (Aerogal),Ecuador,Y
,GLB,Air Castle Corporation / Global Airways,United States,N
6R,DRU,Alrosa Mirny Air Enterprise,Russia,Y
,PVO,Bearing Supplies Limited,United Kingdom,N
,BAA,Balkan Agro Aviation,Bulgaria,N
,BAB,Bahrain Air BSC (Closed),Bahrain,N
,BAC,BAC Leasing Limited,United Kingdom,N
,BAE,BAE Systems,United Kingdom,N
,BAF,Belgian Air Force,Belgium,N
8Q,BAJ,Baker Aviation,United States,N
,BAK,Blackhawk Airways,United States,N
,BAL,Britannia Airways,United Kingdom,N
,BAM,Business Air Services,Canada,N
,BAN,British Antarctic Survey,United Kingdom,N
,BAR,Bradly Air (Charter) Services,Canada,N
,BAU,Bissau Airlines,Guinea-Bissau,N
,BAV,Bay Aviation Ltd,Bangladesh,N
BA,BAW,British Airways,United Kingdom,Y
,BAX,Best Aero Handling Ltd,Russia,N
,BAY,Bayon Airlines,Cambodia,N
,BBA,Bannert Air,Austria,N
BG,BBC,Biman Bangladesh Airlines,Bangladesh,Y
BF,BBD,Bluebird Cargo,Iceland,N
,BBS,Beibars CJSC,Kazakhstan,N
,BBV,Bravo Airlines,Spain,N
,BBZ,Blue Bird Aviation,Kenya,N
B4,BCF,BACH Flugbetriebsges,Austria,N
,BCI,Blue Islands,United Kingdom,N
,BCL,British Caribbean Airways,United Kingdom,N
,BCR,British Charter,United Kingdom,N
,BCT,BCT Aviation,United Kingdom,N
,BCV,Business Aviation Center,Ukraine,N
BZ,BDA,Blue Dart Aviation,India,N
JA,BON,B&H Airlines,Bosnia and Herzegovina,N
,BDF,Bissau Discovery Flying Club,Guinea-Bissau,N
,AYB,Belgian Army,Belgium,N
,BDR,Badr Airlines,Sudan,N
,BEA,Best Aviation Ltd,Bangladesh,N
,BED,Belgorod Aviation Enterprise,Russia,N
,AJC,Bar Harbor Airlines,United States,N
,BEF,Balear Express,Spain,N
,BEH,Bel Air Helicopters,Denmark,N
,BEK,Berkut Air,Kazakhstan,N
,BET,BETA - Brazilian Express Transportes Aereos,Brazil,N
,BFC,Basler Flight Service,United States,N
,BFG,Bear Flight,Sweden,N
J4,BFL,Buffalo Airways,Canada,N
,BFO,Bombardier,Canada,N
,BFR,Burkina Airlines,Burkina Faso,N
,BFS,Business Flight Sweden,Sweden,N
,BFW,Bahrain Defence Force,Bahrain,N
,BGH,BH Air,Bulgaria,N
,BGI,British Gulf International,S,N
,BGK,British Gulf International-Fez,Kyrgyzstan,N
A8,BGL,Benin Golf Air,Benin,N
,BGM,Bugulma Air Enterprise,Russia,N
,BGR,Budget Air Bangladesh,Bangladesh,N
,BGT,Bergen Air Transport,Norway,N
,BHA,Buddha Air,Nepal,N
,BHI,Balkh Airlines,Afghanistan,N
,BHL,Bristow Helicopters,United Kingdom,N
,BHN,Bristow Helicopters Nigeria,Nigeria,N
,BHO,Bhoja Airlines,Pakistan,N
4T,BHP,Belair Airlines,Switzerland,Y
,BHR,Bighorn Airways,United States,N
UP,BHS,Bahamasair,Bahamas,Y
,BHT,Bright Air,Netherlands,N
E6,,Bringer Air Cargo Taxi Aereo,Brazil,N
LZ,,Balkan Bulgarian Airlines,,Y
TH,,BA Connect,United Kingdom,N
,BHY,Bosphorus European Airways,Turkey,N
,BID,Binair,Germany,N
,BIG,Big Island Air,United States,N
BS,BIH,British International Helicopters,United Kingdom,Y
,BIL,Billund Air Center,Denmark,N
,BIN,Boise Interagency Fire Center,United States,N
,BIR,Bird Leasing,United States,N
,BIZ,Bizjet Ltd,United Kingdom,N
,BJA,Baja Air,Mexico,N
,BJC,Baltic Jet Aircompany,Latvia,N
,BJS,Business Jet Solutions,United States,N
B4,BKA,Bankair,United States,N
,BKF,BF-Lento OY,Finland,Y
,BKJ,Barken International,United States,N
PG,BKP,Bangkok Airways,Thailand,Y
,BKV,Bukovyna,Ukraine,N
,BLB,Blue Bird Aviation,Sudan,N
,BLC,Bellesavia,Belarus,N
,BLE,Blue Line,France,N
KF,BLF,Blue1,Finland,Y
,BLG,Belgavia,Belgium,N
,BLH,Blue Horizon Travel Club,United States,N
,BLJ,Blue Jet,Spain,N
,BLL,Baltic Airlines,Russia,Y
,BLM,Blue Airways,Armenia,N
,BLN,Bali International Air Service,Indonesia,N
JV,BLS,Bearskin Lake Air Service,Canada,Y
,BLT,Baltic Aviation,United States,N
B3,BLV,Bellview Airlines,Nigeria,Y
BD,BMA,bmi,United Kingdom,Y
,BMD,British Medical Charter,United Kingdom,N
,BME,Briggs Marine Environmental Services,United Kingdom,N
,BMH,Bristow Masayu Helicopters,Indonesia,N
WW,BMI,bmibaby,United Kingdom,Y
CH,BMJ,Bemidji Airlines,United States,Y
5Z,BML,Bismillah Airlines,Bangladesh,N
,BMN,Bowman Aviation,United States,N
,BMR,British Midland Regional,United Kingdom,Y
,BMW,BMW,Germany,N
,BMX,Banco de Mexico,Mexico,N
,BND,Bond Offshore Helicopters,United Kingdom,N
,BNE,Benina Air,Libya,N
,BNG,BN Group Limited,United Kingdom,N
,BNL,Blue Nile Ethiopia Trading,Ethiopia,N
,BNR,Bonair Aviation,Canada,N
,BNS,Bancstar - Valley National Corporation,United States,N
,BNT,Bentiu Air Transport,Sudan,N
,BNV,Benane Aviation Corporation,Mauritania,N
,BNW,British North West Airlines,United Kingdom,N
,BOA,Boniair,Macedonia,N
,BOD,Bond Air Services,Uganda,N
,BOE,Boeing,United States,N
,BOF,Bordaire,Canada,N
,BOO,Bookajet Limited,United Kingdom,N
BO,BOU,Bouraq Indonesia Airlines,Indonesia,N
BV,BPA,Blue Panorama Airlines,Italy,Y
,BPK,Berkhut ZK,Kazakhstan,N
,BPO,Bundepolizei-Fliegertruppe,Germany,N
,BPS,Budapest Aircraft Services/Manx2,Hungary,Y
,BPT,Bonus Aviation,United Kingdom,N
,BPX,British Petroleum Exploration,Colombia,N
7R,BRB,BRA-Transportes Aereos,Brazil,N
,BRD,Brock Air Services,Canada,N
,BRE,Breeze Ltd,Ukraine,N
8E,BRG,Bering Air,United States,Y
,BRK,Briansk State Air Enterprise,Russia,N
,BRN,Branson Airlines,United States,N
,BRO,BASE Regional Airlines,Netherlands,N
,BRS,Brazilian Air Force,Brazil,Y
,BRT,British Regional Airlines,United Kingdom,N
B2,BRU,Belavia Belarusian Airlines,Belarus,Y
K6,BRV,Bravo Air Congo,Democratic Republic of the Congo,N
,BRW,Bright Aviation Services,Bulgaria,N
BN,BNF,Braniff International Airways,United States,N
,BRX,Buffalo Express Airlines,United States,N
,BRY,Burundayavia,Kazakhstan,N
,BSC,Bistair - Fez,Kyrgyzstan,N
,BSD,Blue Star Airlines,Mexico,N
,BSI,Brasair Transportes Aereos,Brazil,N
,BSJ,Blue Swann Aviation,United Kingdom,N
,BSM,Blue Sky Aviation,Lebanon,N
,BSS,Bissau Aero Transporte,Guinea-Bissau,N
,BST,Best Air,Turkey,N
,BSW,Blue Sky Airways,Czech Republic,N
GQ,BSY,Big Sky Airlines,United States,N
V9,BTC,BAL Bashkirian Airlines,Russia,N
,BTH,Baltijas Helicopters,Latvia,N
,BTK,Baltyka,Ukraine,N
,BTL,Baltia Air Lines,United States,N
,BTR,Botir-Avia,Kyrgyzstan,N
,GAA,Business Express,United States,N
,BTT,BT-Slavuta,Ukraine,N
7P,BTV,Metro Batavia,Indonesia,Y
,BUC,Bulgarian Air Charter,Bulgaria,N
,BUL,Blue Airlines,Democratic Republic of the Congo,N
,BUN,Buryat Airlines Aircompany,Russia,N
,BUZ,Buzz Stansted,United Kingdom,N
,BVA,Buffalo Airways,United States,N
,BVC,Bulgarian Aeronautical Centre,Bulgaria,N
,BVN,Baron Aviation Services,United States,N
J8,BVT,Berjaya Air,Malaysia,Y
,BVU,Bellview Airlines,,N
QW,BWG,Blue Wings,Germany,Y
,BWI,Blue Wing Airlines,Suriname,N
,BWL,BWA (2002) Ltd,United Kingdom,N
,BXA,Bahrain Executive Air Services,Bahrain,N
,BXH,Bar XH Air,Canada,N
,BXI,Brussels International Airlines,Belgium,N
8W,,BAX Global,,N
,BXR,Redding Aero Enterprises,United States,N
,BYA,Berry Aviation,United States,N
,BYL,Bylina Joint-Stock Company,Russia,N
,BYR,Berytos Airlines,Lebanon,N
BM,BYE,Bayu Indonesia Air,Indonesia,N
,BZA,Bizair Fluggesellschaft,Germany,N
DB,BZH,Brit Air,France,Y
,BZZ,Butane Buzzard Aviation Corporation,United Kingdom,N
,AUJ,Business Flight Salzburg,Austria,N
,CKM,BKS Air (Rivaflecha),Spain,N
,CLF,Bristol Flying Centre,United Kingdom,N
,CLN,Barnes Olsen Aeroleasing,United Kingdom,N
,CPJ,Baltimore Air Transport,United States,N
E9,CXS,Boston-Maine Airways,United States,N
SN,DAT,Brussels Airlines,Belgium,Y
,EAH,Baltimore Airways,United States,N
,EBA,Bond Aviation,Italy,N
,EXB,Brazilian Army Aviation,Brazil,N
,EXP,Business Express Delivery,Canada,N
,FOS,Bel Limited,Russia,N
,HAW,Bangkok Aviation Center,Thailand,N
,HAX,Benair,Norway,N
NT,IBB,Binter Canarias,Spain,Y
,IRJ,Bonyad Airlines,Iran,N
,IVR,Burundaiavia,Kazakhstan,N
0B,JOR,Blue Air,Romania,Y
KJ,LAJ,British Mediterranean Airways,United Kingdom,Y
,LBY,Belle Air,Albania,N
,LED,Blom Geomatics,Norway,N
,LTL,Benin Littoral Airways,Benin,N
,LXJ,Bombardier Business Jet Solutions,United States,N
FB,LZB,Bulgaria Air,Bulgaria,Y
,MBR,Brazilian Navy Aviation,Brazil,N
8N,NKF,Barents AirLink,Sweden,Y
,NYB,Belgian Navy,Belgium,N
,OGJ,Bakoji Airlines Services,Nigeria,N
,PEB,Benders Air,Sweden,N
,PNT,Balmoral Central Contracts,South Africa,N
,POI,BGB Air,Kazakhstan,N
,PPS,Butte Aviation,United States,N
,RHD,Bond Air Services,United Kingdom,N
,RLR,Business Airfreight,United States,N
,RPX,BAC Express Airlines,United Kingdom,N
,RRS,Boscombe Down DERA (Formation),United Kingdom,N
,SCJ,Business Jet Sweden,Sweden,N
,SHT,British Airways Shuttle,United Kingdom,N
,SKH,British Sky Broadcasting,United Kingdom,N
,TXB,Bell Helicopter Textron,Canada,N
,UKA,Buzzaway Limited,United Kingdom,N
,VLX,Biz Jet Charter,United States,N
,VOL,Blue Chip Jet,Sweden,N
,WFD,BAE Systems,United Kingdom,N
,WTN,BAE Systems,United Kingdom,N
,XBO,Baseops International,United States,N
,XDA,Bureau Veritas,France,N
,XMS,British Airways,United Kingdom,N
,ZBA,Boskovic Air Charters Limited,Kenya,N
,SRJ,C Air Jet Airlines,Syrian Arab Republic,N
,ORO,C N Air,Spain,N
,TIP,C and M Aviation,United States,N
,RWG,C&M Airways,United States,N
,RMU,C.S.P.,AIR-MAUR,N
,CBI,CABI,Ukraine,N
,CPI,CAI,Italy,N
5C,ICL,CAL Cargo Air Lines,Israel,Y
,CMR,CAM Air Management,United Kingdom,N
,CTZ,CATA L,Argentina,N
,CCF,CCF Manager Airline,Germany,N
,CED,CEDTA (Compania Ecuatoriana De Transportes Aereos),Ecuador,N
,HBI,CHC Denmark,Denmark,N
,HEM,CHC Helicopters,Australia,N
AW,SCH,CHC Airways,Netherlands,N
,HKS,CHC Helikopter Service,Norway,N
,VCI,CI-Tours,Ivory Coast,N
,CKC,CKC Services,United States,N
,CMZ,CM Stair,Mauritania,N
,CNT,CNET,France,N
,OAP,COAPA AIR,Mexico,N
,PDR,COMAV,Namibia,N
,CRH,CRI Helicopters Mexico,Mexico,N
,IRO,CSA Air,United States,N
,CSE,CSE Aviation,United Kingdom,N
,CTQ,CTK Network Aviation,Ghana,N
,CBR,Cabair College of Air Training,United Kingdom,N
,CVE,Cabo Verde Express,Cape Verde,N
,CWD,Caernarfon Airworld,United Kingdom,N
,CCE,Cairo Air Transport Company,Egypt,N
,CGC,Cal Gulf Aviation,Sao Tome and Principe,N
,REZ,Cal-West Aviation,United States,N
,CSL,California Air Shuttle,United States,N
XG,CLI,Calima Aviacion,Spain,Y
MO,CAV,Calm Air,Canada,N
R9,CAM,Camai Air,United States,N
,KHM,Cambodia Airlines,Cambodia,N
UY,UYC,Cameroon Airlines,Cameroon,N
,HSO,Campania Helicopteros De Transporte,Spain,N
C6,CJA,CanJet,Canada,N
,PIL,Canada Jet Charters,Canada,N
CP,CDN,Canadian Airlines,Canada,Y
,CTG,Canadian Coast Guard,Canada,N
,HIA,Canadian Eagle Aviation,Canada,N
,CFC,Canadian Forces,Canada,N
,BZD,Canadian Global Air Ambulance,Canada,N
,CDN,Canadian Helicopters,Canada,N
,TKR,Canadian Interagency Forest Fire Centre,Canada,N
,XNC,Canadian National Telecommunications,Canada,N
5T,MPE,Canadian North,Canada,Y
,CDR,Canadian Regional Airlines,Canada,N
,CWH,Canadian Warplane Heritage Museum,Canada,N
W2,CWA,Canadian Western Airlines,Canada,N
,CWW,Canair,China,N
,CUI,Cancun Air,Mexico,N
9K,KAP,Cape Air,United States,Y
,CTO,Cape Air Transport,Australia,N
,SEM,Cape Central Airways,United States,N
,CMY,Cape Smythe Air,United States,N
,CPX,Capital Air Service,United States,N
,CPD,Capital Airlines,Kenya,N
,NCP,Capital Airlines Limited,Nigeria,N
PT,CCI,Capital Cargo International Airlines,United States,N
,CCQ,Capital City Air Carriers,United States,N
,EGL,Capital Trading Aviation,United Kingdom,N
,CEX,Capitol Air Express,United States,N
,CWZ,Capitol Wings Airline,United States,N
,VAN,Caravan Air,Mauritania,N
,CWN,Cardiff Wales Flying Club,United Kingdom,N
,FVA,Cardinal/Air Virginia,United States,N
,GOL,Cardolaar,Namibia,N
,CDI,Cards Air Services,Philippines,N
,CFH,Care Flight,Australia,N
,CDM,Carga Aerea Dominicana,Dominican Republic,N
,EST,Carga Express Internacional,Mexico,N
GG,GGC,Cargo 360,United States,N
,MCX,Cargo Express,Mauritania,N
,CRV,Cargo Ivoire,Ivory Coast,N
,CLM,Cargo Link (Caribbean),Barbados,N
,CTW,Cargo Three,Panama,N
2G,CRG,Cargoitalia,Italy,N
W8,CJT,Cargojet Airways,Canada,N
CV,CLX,Cargolux,Luxembourg,N
,CGM,Cargoman,Oman,N
,DEL,Carib Aviation,Antigua and Barbuda,N
,BCB,Carib Express,Barbados,N
,CBC,Caribair,Dominican Republic,N
,DCC,Caribbean Air Cargo,Barbados,N
,CLT,Caribbean Air Transport,Netherlands,N
BW,BWA,Caribbean Airlines,Trinidad and Tobago,Y
,IQQ,Caribbean Airways,Barbados,N
,TLC,Caribbean Express,United States,N
8B,GFI,Caribbean Star Airlines,Antigua and Barbuda,N
,CRT,Caribintair,Haiti,N
,CVG,Carill Aviation,United Kingdom,N
V3,KRP,Carpatair,Romania,Y
,CRR,Carranza,Chile,N
,ULS,Carroll Air Service,United States,N
,CMT,Casement Aviation,United States,N
,CSO,Casino Airline,United States,N
,CSP,Casper Air Service,United States,N
RV,CPN,Caspian Airlines,Iran,Y
,CSJ,Castle Aviation,United States,N
,CAZ,Cat Aviation,Switzerland,N
,CBT,Catalina Flying Boats,United States,N
,TEX,Catex,France,N
CX,CPA,Cathay Pacific,Hong Kong SAR of China,Y
,CJR,Caverton Helicopters,Nigeria,N
KX,CAY,Cayman Airways,Cayman Islands,Y
5J,CEB,Cebu Pacific,Philippines,Y
,CIL,Cecil Aviation,United Kingdom,N
,CEG,Cega Aviation,United Kingdom,N
,CEC,Celtic Airways,United Kingdom,N
,CWE,Celtic West,United Kingdom,N
7N,CNA,Centavia,Serbia,N
,CEV,Cente D'Essais En Vol,France,N
,CNL,Centennial Airlines,United States,N
,CNS,Centennial Flight Centre,Canada,N
,CVO,Center Vol,Spain,N
,CTS,Center-South,Russia,N
,CET,Centrafrican Airlines,Central African Republic,N
,CAX,Central Air Express,Democratic Republic of Congo,N
,CTL,Central Airlines,United States,N
,CNY,Central Airways,Sierra Leone,N
,ACN,Central American Airlines,Nicaragua,N
,YOG,Central Aviation,United States,N
,CCG,Central Connect Airlines,Czech Republic,Y
,DRN,Central De Discos De Reynosa,Mexico,N
,CMA,Central European Airlines,Czech Republic,N
,CHA,Central Flying Service,United States,N
,CEM,Central Mongolia Airways,Mongolia,N
,GLR,Central Mountain Air,Canada,N
,CQC,Central Queensland Aviation College,Australia,N
,CSI,Central Skyport,United States,N
C0,CLW,Centralwings,Poland,Y
,DTV,Centre Airlines,United States,N
,CGS,Centre of Applied Geodynamica,Russia,N
J7,CVC,Centre-Avia,Russia,N
,CCV,Centro De Helicopteros Corporativos,Mexico,N
,ACF,Centro de Formacion Aeronautica de Canarias,Spain,N
WE,CWC,Centurion Air Cargo,United States,N
,URY,Century Aviation,Mexico,N
,HAI,Century Aviation International,Canada,N
,XAD,Certified Air Dispatch,United States,N
,CER,Cetraca Aviation Service,Democratic Republic of the Congo,N
,IRU,Chabahar Airlines,Iran,N
,CLG,Chalair Aviation,France,N
OP,CHK,Chalk's Ocean Airways,United States,N
,CLS,Challenge Air Transport,Germany,N
,CHS,Challenge Aviation,Australia,N
,OFF,Challenge International Airlines,United States,N
,CHG,AC Challenge Aero,Ukraine,N
,CPH,Champagne Airlines,France,N
MG,CCP,Champion Air,United States,N
,NCH,Chanchangi Airlines,Nigeria,N
2Z,CGN,Changan Airlines,China,N
,CHN,Channel Island Aviation,United States,N
,WML,Chantilly Air,United States,N
,CPL,Chaparral Airlines,United States,N
S8,CSU,Chari Aviation Services,Chad,N
,CAH,Charlan Air Charter,South Africa,N
,HMD,Charlie Hammonds Flying Service,United States,N
,CGD,Charlotte Air National Guard,United States,N
,CHW,Charter Air,Austria,Y
,HRT,Chartright Air,Canada,N
RP,CHQ,Chautauqua Airlines,United States,Y
,CBB,Cheboksary Airenterprise JSC,Russia,N
,CHM,Chemech Aviation,Pakistan,N
,CHZ,Cherline,Russia,N
,CMK,Chernomor-Avia,Russia,N
,CBM,Cherokee Express,United States,N
,CCY,Cherry Air,United States,N
,CAB,Chesapeake Air Service,United States,N
,CVR,Chevron U.S.A,United States,N
,CYA,Cheyenne Airways,United States,N
,CGO,Chicago Air,United States,N
C8,WDY,Chicago Express,United States,N
,RAT,Chief Rat Flight Services,South Africa,N
,CCH,Chilchota Taxi Aereo,Mexico,N
,DES,Chilcotin Caribou Aviation,Canada,N
,CAD,Chilliwack Aviation,Canada,N
,ETN,Chim-Nir Aviation,Israel,N
CI,CAL,China Airlines,Taiwan,Y
CK,CKK,China Cargo Airlines,China,N
MU,CES,China Eastern Airlines,China,Y
,HXA,China Express Airlines,China,N
,CFA,China Flying Dragon Aviation,China,N
,CTH,China General Aviation Corporation,China,N
,CAG,China National Aviation Corporation,China,N
CJ,CBF,China Northern Airlines,China,N
WH,CNW,China Northwest Airlines,China,N
,CHC,China Ocean Helicopter Corporation,China,N
8Y,CYZ,China Postal Airlines,China,N
CZ,CSN,China Southern Airlines,China,Y
,CXN,China Southwest Airlines,China,N
HR,CUA,China United Airlines,China,Y
XO,CXH,China Xinhua Airlines,China,N
3Q,CYH,Yunnan Airlines,China,Y
,CGU,Chinguetti Airlines,Mauritania,N
,CEP,Chipola Aviation,United States,N
,CPW,Chippewa Air Commuter,United States,N
X7,CHF,Chitaavia,Russia,N
,CAS,Christman Air System,United States,N
,OEC,Christophorus Flugrettungsverein,Austria,N
,CHO,Chrome Air Services,United States,N
,CHU,Church Aircraft,United States,N
A2,CIU,Cielos Airlines,Peru,N
QI,CIM,Cimber Air,Denmark,Y
,RRU,Cirrus,Chile,N
,NTS,Cirrus Air,United States,N
C9,RUS,Cirrus Airlines,Germany,Y
,JTI,Cirrus Middle East,Lebanon,N
,FIV,Citationshares,United States,N
,XCX,Citibank,United States,N
,HZX,Citic General Aviation,China,N
CF,SDR,City Airline,Sweden,Y
G3,CIX,City Connexion Airlines,Burundi,Y
,XBG,City of Bangor,United States,N
WX,BCY,CityJet,Ireland,Y
,CAQ,Cityair (Chester) Limited,United Kingdom,N
,CII,Cityfly,Italy,N
CJ,CFE,BA CityFlyer,United Kingdom,Y
,CNB,Cityline Hungary,Hungary,N
,HSR,Citylink Airlines,United States,N
,CIW,Civair Airways,South Africa,N
,BKR,Civil Air Patrol South Carolina Wing,United States,N
CT,CAT,Civil Air Transport,Taiwan,N
,CIA,Civil Aviation Authority,Slovakia,N
,CIV,Civil Aviation Authority of New Zealand,New Zealand,N
,CBA,Civil Aviation Inspectorate of the Czech Republic,Czech Republic,N
,FMC,Claessens International Limited,United Kingdom,N
,CLK,Clark Aviation,United States,N
,CSF,Clasair,United Kingdom,N
,CLY,Clay Lacy Aviation,United States,N
,CGK,Click Airways,Kyrgyzstan,Y
,CLZ,Cloud 9 Air Charters,South Africa,N
,CLD,Clowes Estates Limited,United Kingdom,N
,SDJ,Club 328,United Kingdom,N
6P,ISG,Club Air,Italy,N
BX,CST,Coast Air,Norway,N
DQ,,Coastal Air,United States,Y
,TCL,Coastal Air Transport,United States,N
,CNG,Coastal Airways,United States,N
,CSV,Coastal Travels,Tanzania,N
,CHL,Cohlmia Aviation,United States,N
,OLR,Colaereos,Ecuador,N
,CLE,Colemill Enterprises,United States,N
9L,CJC,Colgan Air,United States,Y
,CAE,Colibri Aviation,Canada,N
,CCX,Colt International,United States,N
,COL,Columbia Airlines,Canada,N
,WCO,Columbia Helicopters,United States,N
,KLR,Columbus Air Transport,United States,N
,GHP,Colvin Aviation,United States,N
OH,COM,Comair,United States,Y
MN,CAW,Comair,South Africa,Y
,CDE,Comed Group,United Kingdom,N
,CVV,Comeravia,Venezuela,N
,CRS,Comercial Aerea,Mexico,N
,CMG,Comet Airlines,Nigeria,N
,FYN,Comfort Air,Germany,N
,CLA,Comlux Aviation,Switzerland,N
,CMH,Commair Aviation,United Kingdom,N
,CTM,Commandement Du Transport Aerien Militaire Francais,France,N
,CML,Commander Air Charter,Canada,N
,CRM,Commander Mexicana,Mexico,N
,CMS,Commercial Aviation,Canada,N
,GAR,Commodore Aviation,Australia,N
,CJS,Commonwealth Jet Service,United States,N
C5,UCA,CommutAir,United States,Y
KR,CWK,Comores Airlines,Comoros,Y
,CGR,Compagnia Generale Ripreseaeree,Italy,N
,CMM,Compagnie Aerienne du Mali,Mali,N
,CPM,Compagnie Mauritanienne Des Transports,Mauritania,N
,GIC,Compagnie de Bauxites de Guinee,Guinea,N
,AIF,Compania Aerea de Valencia,Spain,N
,ATF,Compania Aerotecnicas Fotograficas,Spain,N
,ASU,Compania Boliviana de Transporte Aereo Privado Aerosur,ASUR,N
,LCT,Compania De Actividades Y Servicios De Aviacion,Spain,N
,EJV,Compania Ejecutiva,Mexico,N
,HSE,Compania Helicopteros Del Sureste,Spain,N
,MDR,Compania Mexicana De Aeroplanos,Mexico,N
GJ,MXC,Compania Mexicargo,Mexico,N
,HSS,Compania Transportes Aereos Del Sur,Spain,N
,TAV,Compania de Servicios Aereos Tavisa,Spain,N
,CYF,Company Flight,Denmark,N
CP,CPZ,Compass Airlines,United States,Y
,CPS,Compass International Airways,United Kingdom,N
,XCO,Compuflight Operations Service,United States,N
,XCS,Compuserve Incorporated,United States,N
,CRC,Conair Aviation,Canada,N
,COD,Concordavia,Ukraine,N
,CNR,Condor Aero Services,United States,N
,CIB,Condor,Germany,N
DE,CFG,Condor Flugdienst,Germany,Y
,COF,Confort Air,Canada,N
,CAK,Congo Air,Bahamas,N
,CGA,Congressional Air,United States,N
,ROY,Conifair Aviation,Canada,N
,BSN,Connectair Charters,Canada,N
,CAC,Conquest Airlines,United States,N
,CXO,Conroe Aviation Services,United States,N
6A,CHP,Consorcio Aviaxsa,Mexico,Y
,VCH,Consorcio Helitec,Venezuela,N
,UZA,Constanta Airline,Ukraine,N
C3,KIS,Contact Air,Germany,Y
,XCL,Contel ASC,United States,N
CO,COA,Continental Airlines,United States,Y
PC,PVV,Continental Airways,Russia,N
CO,,Continental Express,United States,Y
CS,CMI,Continental Micronesia,United States,Y
,CON,Continental Oil,United States,N
V0,VCV,Conviasa,Venezuela,Y
,CKA,Cook Inlet Aviation,United States,N
,SVY,Cooper Aerial Surveys,United Kingdom,N
CM,CMP,Copa Airlines,Panama,Y
,CAT,Copenhagen Airtaxi,Denmark,N
,COP,Copper State Air Service,United States,N
,AAQ,Copterline,Finland,Y
,CCW,Coptrade Air Transport,Sudan,N
,CAI,Corendon Airlines,Turkey,Y
,CRA,Coronado Aerolineas,Colombia,N
,CPB,Corpac Canada,Canada,N
,CNC,Corporacion Aereo Cencor,Mexico,N
,CPG,Corporacion Aeroangeles,Mexico,N
,CGY,Corporacion Paraguaya De Aeronautica,Paraguay,N
,CPT,Corporate Air,United States,N
,CPR,Corporate Air,United States,N
,CPO,Corporate Aircraft Company,United States,N
,COO,Corporate Airlink,Canada,N
,CKE,Corporate Aviation Services,United States,N
,VHT,Corporate Flight International,United States,N
,VTE,Corporate Flight Management,United States,N
,CJI,Corporate Jets,United States,N
SS,CRL,Corsairfly,France,Y
XK,CCM,Corse-Mediterranee,France,Y
F5,COZ,Cosmic Air,Nepal,N
,CHI,Cougar Helicopters,Canada,N
,MGB,Coulson Flying Service,United Kingdom,N
,NSW,Country Connection Airlines,Australia,N
,CIK,Country International Airlines,Kyrgyzstan,N
,CSD,Courier Services,United States,N
,CUT,Court Helicopters,South Africa,N
,CVL,Coval Air,Canada,N
,COW,Cowi,Netherlands,N
,COY,Coyne Aviation,United Kingdom,N
,CFD,Cranfield University,United Kingdom,N
,CRE,Cree Airways,Canada,N
,ELM,Crelam,Mexico,N
,CAN,Crest Aviation,United Kingdom,Y
,KRM,Crimea Universal Avia,Ukraine,N
OU,CTN,Croatia Airlines,Croatia,Y
,HRZ,Croatian Air Force,Croatia,N
,CRX,Cross Aviation,United Kingdom,N
QE,ECC,Crossair Europe,Switzerland,N
,CWX,Crow Executive Air,United States,N
,CKR,Crown Air Systems,United States,N
,CRO,Crown Airways,United States,Y
,CRW,Crownair,Canada,N
,VCR,Cruiser Linhas Aereas,Brazil,N
,CTY,Cryderman Air Service,United States,N
,CYT,Crystal Shamrock,United States,N
CU,CUB,Cubana de Aviación,Cuba,Y
,CBL,Cumberland Airways (Nicholson Air Service),United States,N
,CTT,Custom Air Transport,United States,N
,RGN,Cygnus Air,Spain,N
,CYC,Cyprair Tours,Cyprus,N
,CYS,Cypress Airlines,Canada,N
CY,CYP,Cyprus Airways,Cyprus,Y
YK,,Cyprus Turkish Airlines,Turkey,Y
,CEF,Czech Air Force,Czech Republic,N
,AHD,Czech Air Handling,Czech Republic,N
OK,CSA,Czech Airlines,Czech Republic,Y
,CIE,Czech Government Flying Service,Czech Republic,N
,DDA,D & D Aviation,United States,N
,DNK,D&K Aviation,United States,N
,DHE,DAP Helicopteros,Chile,N
,VLF,DFS UK Limited,United Kingdom,N
WD,DSR,DAS Air Cargo,Uganda,N
,RKC,DAS Airlines,Democratic Republic of the Congo,N
DX,DTR,DAT Danish Air Transport,Denmark,Y
,ENT,DAT Enterprise Limited,United Kingdom,N
,BDN,DERA Boscombe Down,United Kingdom,N
,DSN,DESNA,Ukraine,N
,DET,DETA Air,Kazakhstan,N
,DGO,DGO Jet,Mexico,N
,DAE,DHL Aero Expreso,Panama,N
,DHK,DHL Air,United Kingdom,N
,DHV,DHL Aviation,South Africa,N
ES,DHX,DHL International,Bahrain,N
L3,JOS,DHL de Guatemala,Guatemala,N
,RSK,DSWA,United States,N
D3,DAO,Daallo Airlines,Djibouti,Y
N2,DAG,Dagestan Airlines,Russia,N
,DHA,Dahla Airlines,Democratic Republic of Congo,N
,DCS,Daimler Chrysler Aviation,Germany,N
,DCX,Daimler-Chrysler,United States,N
,DKA,Daka,Kazakhstan,N
,DLR,Dala Air Services,Nigeria,N
H8,KHB,Dalavia,Russia,Y
,DXP,Dallas Express Airlines,United States,N
,DAS,Damascene Airways,Syrian Arab Republic,N
,DSA,Danbury Airways,United States,N
,DOP,Dancopter,Denmark,N
,DAF,Danish Air Force,Denmark,N
,DAR,Danish Army,Denmark,N
,DNY,Danish Navy,Denmark,N
,DNU,Danu Oro Transportas,Lithuania,N
,DRT,Darta,France,N
0D,DWT,Darwin Airline,Switzerland,Y
,DSQ,Dasab Airlines,Uganda,N
,DSH,Dash Air Charter,United States,N
,GOB,Dash Aviation,United Kingdom,N
,DGX,Dasnair,Switzerland,N
,DAB,Dassault Aviation,France,N
,CVF,Dassault Falcon Jet Corporation,United States,N
,DSO,Dassault Falcon Service,France,N
,DTN,Data International,Sudan,N
,XDT,Date Transformation Corp,United States,N
D5,DAU,Dauair,Germany,N
,DCO,David Crawshaw Consultants Limited,United Kingdom,N
,DWN,Dawn Air,United States,N
,DJS,DayJet,United States,N
,DAY,Daya Aviation,Sri Lanka,N
,DHC,De Havilland,Canada,N
,IAY,Deadalos Flugtbetriebs,Austria,N
,DAA,Decatur Aviation,United States,N
,DKN,Deccan Aviation,India,N
,DLK,Deccan Aviation (Lanka),Sri Lanka,N
,DER,Deer Jet,China,N
,JDC,Deere and Company,United States,N
,DWR,Delaware Skyways,United States,N
,DEA,Delta Aerotaxi,Italy,Y
,SNO,Delta Air Charter,Canada,N
,ELJ,Delta Air Elite,United States,N
DL,DAL,Delta Air Lines,United States,Y
,KMB,Delta Engineering Aviation,United Kingdom,N
,DLI,Delta Express International,Ukraine,N
,DSU,Delta State University,United States,N
,DNM,Denim Air,Netherlands,Y
,FEC,Denver Express,United States,N
,DJT,Denver Jet,United States,N
,FGC,Departmento De Agricultura De La Generalitat De Cataluna,Spain,N
,DRY,Deraya Air Taxi,Indonesia,N
,DRX,Des R Cargo Express,Mauritania,N
,MIZ,Desarrollo Milaz,Mexico,N
,DTY,Destiny Air Services,Sierra Leone,N
2A,,Deutsche Bahn,Germany,Y
1I,AMB,Deutsche Rettungsflugwacht,Germany,N
,LFO,Deutsches Zentrum fur Luft-und Raumfahrt EV,Germany,N
,DIS,Di Air,Serbia,N
,SPK,Diamond Aviation,United States,N
,DRB,Didier Rousset Buy,Chile,N
,DGT,Digital Equipment Corporation,United States,N
D7,RDN,Dinar,Argentina,N
,DIP,Diplomatic Freight Services,United Kingdom,N
,ENA,Direccion General de Aviacion Civil y Telecomunicasciones,Spain,N
,DIA,Direct Air,United States,N
,XAP,Direct Air trading as Midway Connection,United States,N
,DCT,Direct Flight,United Kingdom,N
,SXP,Sky Express,Poland,N
AW,DIR,Dirgantara Air Service,Indonesia,N
,DCV,Discover Air,United States,N
DH,DVA,Discovery Airways,United States,N
,XDS,Dispatch Services,United States,N
,DIX,Dix Aviation,Germany,N
,DEE,Dixie Airways,United States,N
D8,DJB,Djibouti Airlines,Djibouti,Y
,UDN,Dniproavia,Ukraine,Y
,FDN,Flying Dolphin Airlines,United Arab Emirates,N
,IXX,Dolphin Express Airlines,United States,N
,DPL,Dome Petroleum,Canada,N
,MYO,Dominguez Toledo (Grupo Mayoral),Spain,N
DO,DOA,Dominicana de Aviaci,Dominican Republic,Y
E3,DMO,Domodedovo Airlines,Russia,Y
,DVB,Don Avia,Kazakhstan,N
,DON,Donair Flying Club,United Kingdom,N
5D,UDC,DonbassAero,Ukraine,Y
,DAD,Dorado Air,Dominican Republic,N
,DOR,Dornier,Germany,N
,DAV,Dornier Aviation Nigeria,Nigeria,N
,DOM,Dos Mundos,Dominican Republic,N
KA,HDA,Dragonair,DRAGON,Y
,DCA,Dreamcatcher Airways,United Kingdom,N
KB,DRK,Druk Air,Bhutan,Y
,DRE,Drummond Island Air,United States,N
,DUB,Dubai Airwing,United Arab Emirates,N
,DBK,Dubrovnik Air,Croatia,Y
,DUK,Ducair,Luxembourg,N
,DBJ,Duchess of Britany (Jersey) Limited,United Kingdom,N
,LPD,UK Royal/HRH Duke of York,United Kingdom,N
,DUN,Dun'Air,Mauritania,N
,PHD,Duncan Aviation,United States,N
,VVF,Dunyaya Bakis Hava Tasimaciligi,Turkey,N
,DUO,Duo Airways,United Kingdom,N
,DJE,Durango Jet,Mexico,N
,DNL,Dutch Antilles Express,Netherlands Antilles,Y
,DCE,Dutch Caribbean Express,Netherlands Antilles,N
,DBR,Dutchbird,Netherlands,N
,DFS,Dwyer Aircraft Services,United States,N
,XDY,Dynair Services,United States,N
,DNR,Dynamair Aviation,Canada,N
,DYE,Dynamic Air,Netherlands,N
DI,BAG,dba,Germany,Y
,EHD,E H Darby Aviation,United States,N
1C,,Electronic Data Systems,Switzerland,N
,EAD,EAA Escola De Aviacao Aerocondor,Portugal,N
,EXW,Executive Airlines Services,Nigeria,N
,EFS,EFAOS- Agencia De Viagens e Turismo,Angola,N
,EFD,EFD Eisele Flugdienst,Germany,N
,FSD,EFS-Flugservice,Germany,N
,EIS,EIS Aircraft,Germany,N
,IAG,EPAG Groupe Air France,France,N
,ESI,ESI Eliservizi Italiani,Italy,N
,EUY,EU Airways,Ireland,N
VE,EUJ,EUjet,Ireland,N
BR,EVA,EVA Air,Taiwan,Y
,ICR,Eagle Aero,United States,N
,EGR,Eagle Air,Sierra Leone,N
H7,,Eagle Air,Uganda,Y
,EGX,Eagle Air Company,Thailand,N
,FEI,Eagle Air Iceland,Iceland,N
,EGU,Eagle Aviation,Uganda,N
,GYP,Eagle Aviation,United Kingdom,N
,EGN,Eagle Aviation France,France,N
,SEG,Eagle International,Senegal,N
,EGJ,Eagle Jet Charter,United States,N
,EMD,Eaglemed (Ballard Aviation),United States,N
,ERX,Earth Airlines Services,Nigeria,N
QU,UGX,East African,Uganda,Y
S9,HSA,East African Safari Air,Kenya,N
,EXZ,East African Safari Air Express,Kenya,N
,EMU,East Asia Airlines,Macao,N
,ECT,East Coast Airways,South Africa,N
,ECJ,East Coast Jets,United States,N
,EHA,East Hampton Aire,United States,N
,EKC,East Kansas City Aviation,United States,N
,CTK,East Midlands Helicopters,United Kingdom,N
,DXH,East Star Airlines,China,N
,EWA,East-West Airlines,Australia,N
,EAZ,Eastern Air,Zambia,N
,EAX,Eastern Air Executive,United Kingdom,N
T3,EZE,Eastern Airways,United Kingdom,Y
,EAQ,Eastern Australia Airlines,Australia,N
,ECI,Eastern Carolina Aviation,United States,N
,GNS,Eastern Executive Air Charter,United Kingdom,N
,LIS,Eastern Express,Kazakhstan,N
,EME,Eastern Metro Express,United States,N
,EPB,Eastern Pacific Aviation,Canada,N
,ESJ,Eastern Sky Jets,United Arab Emirates,N
DK,ELA,Eastland Air,Australia,Y
W9,SGR,Eastwind Airlines,United States,N
,FYE,Easy Link Aviation Services,Nigeria,N
,CMN,Eckles Aircraft,United States,N
,EJT,Eclipse Aviation,United States,N
,ECQ,Eco Air,Nigeria,N
,DEI,Ecoair,Algeria,N
,ECX,Ecomex Air Cargo,Angola,N
,ECD,Ecotour,Mexico,N
,XCC,Ecoturistica de Xcalak,Mexico,N
,ECV,Ecuatoguineana De Aviacion (EGA),Equatorial Guinea,N
,EQC,Ecuatorial Cargo,Equatorial Guinea,N
,ECU,Ecuavia,Ecuador,Y
WK,EDW,Edelweiss Air,Switzerland,Y
,SLO,Edgartown Air,United States,N
,EDC,Edinburgh Air Charter,United Kingdom,N
,EDJ,Edwards Jet Center of Montana,United States,N
,EIJ,Efata Papua Airlines,Indonesia,N
MS,MSR,Egyptair,Egypt,Y
,MSX,Egyptair Cargo,Egypt,N
,EGY,Egyptian Air Force,Egypt,N
,EJX,Egyptian Aviation,Egypt,N
,EMA,Egyptian Aviation Company,Egypt,N
,EIX,Ei Air Exports,Ireland,N
,EIR,Eirjet,Ireland,N
LY,ELY,El Al Israel Airlines,Israel,Y
,CMX,El Caminante Taxi Aereo,Mexico,N
,GLQ,El Quilada International Aviation,Sudan,N
,ELS,El Sal Air,El Salvador,N
,ESC,El Sol De America,Venezuela,N
UZ,BRQ,El-Buraq Air Transport,Libya,Y
,ELX,Elan Express,United States,N
,LBR,Elbe Air Transport,Germany,N
,NLK,Elbrus-Avia Air Enterprise,Russia,N
,DND,Eldinder Aviation,Sudan,N
,PDV,Elicar,Italy,N
,EDO,Elidolomiti,Italy,N
,ELB,Elieuro,Italy,N
,EFG,Elifriulia,Italy,N
,ELH,Elilario Italia,Italy,N
,EOA,Elilombarda,Italy,N
,MEE,Elimediterranea,Italy,N
,VUL,Elios,Italy,N
,IEP,Elipiu',Italy,N
,RSA,Elisra Airlines,Sudan,N
,EAI,Elite Air,Togo,N
,EJD,Elite Jets,United Arab Emirates,N
,FGS,Elitellina,Italy,N
,ELT,Elliott Aviation,United States,N
,MGG,Elmagal Aviation Services,Sudan,N
,ELR,Elrom Aviation and Investments,Israel,N
,EAM,Embassy Airlines,Nigeria,N
,EFT,Embassy Freight Company,United States,N
,EMB,Empresa Brasileira De Aeronautica,Brazil,N
,XSL,Embry-Riddle Aeronautical University,United States,N
,JEM,Emerald Airways,United Kingdom,N
,EWW,Emery Worldwide Airlines,United States,N
,EMT,Emetebe,Ecuador,N
EK,UAE,Emirates,United Arab Emirates,Y
,SBC,Emoyeni Air Charter,South Africa,N
,EMP,Empire Air Service,United States,N
EM,CFS,Empire Airlines,United States,N
,MPR,Empire Aviation Services,Nigeria,N
,ETP,Empire Test Pilots' School,United Kingdom,N
,AUO,Empresa (Aero Uruguay),UNIFORM OSCAR,N
,PRG,Empresa Aero-Servicios Parrague,Chile,N
,CRN,Empresa Aerocaribbean,Cuba,N
,VNA,Empresa Aviacion Interamericana,Uruguay,N
EU,EEA,Empresa Ecuatoriana De Aviacion,Ecuador,Y
,CNI,Empresa Nacional De Servicios Aereos,Cuba,N
,VNE,Empresa Venezolana,Venezuela,N
,GTV,Empresa de Aviacion Aerogaviota,Cuba,N
,XLT,Empressa Brasileira de Infra-Estrutura Aeroportuaria-Infraero,Brazil,N
,ENC,Endecots,Ecuador,N
,ENI,Enimex,Estonia,N
G8,ENK,Enkor JSC,Russia]],N
,EGV,Enrique Gleisner Vivanco,Chile,N
,ESE,Ensenada Vuelos Especiales,Mexico,N
,ENS,Entergy Services,United States,N
,EWS,Enterprise World Airways,Democratic Republic of the Congo,N
E0,ESS,Eos Airlines,United States,N
,EKA,Equaflight Service,Republic of the Congo,N
,EQZ,Equatair Air Services (Zambia),Zambia,N
,EQT,Equatorial Airlines,Equatorial Guinea,N
,ERH,Era Helicopters,United States,N
,IRY,Eram Air,Iran,N
,ERF,Erfoto,Portugal,N
,ERE,Erie Airways,United States,N
B8,ERT,Eritrean Airlines,Eritrea,Y
,CTV,Escuela De Pilotos Are Aviacion,Spain,N
,EPC,Espace Aviation Services,Democratic Republic of the Congo,N
,ERC,Esso Resources Canada,Canada,N
E7,ESF,Estafeta Carga Aerea,Mexico,N
OV,ELL,Estonian Air,Estonia,Y
,ETA,Estrellas Del Aire,Mexico,N
ET,ETH,Ethiopian Airlines,Ethiopia,Y
,MJM,Eti 2000,Italy,N
EY,ETD,Etihad Airways,United Arab Emirates,Y
,ETM,Etram Air Wing,Angola,N
,EVN,Euraviation,Italy,N
,ECN,Euro Continental AIE,Spain,N
RZ,,Euro Exec Express,Sweden,Y
,ESN,Euro Sun,Turkey,N
,EAK,Euro-Asia Air,Kazakhstan,N
,KZE,Euro-Asia Air International,Kazakhstan,N
,MMZ,EuroAtlantic Airways,Portugal,N
,GOJ,EuroJet Aviation,United Kingdom,N
,EUP,Euroair,Greece,N
,EUU,Euroamerican Air,Uruguay,N
,ECY,Euroceltic Airways,United Kingdom,N
,EUC,Eurocontrol,Belgium,N
,ECF,Eurocopter,France,N
UI,ECA,Eurocypria Airlines,Cyprus,Y
,EEZ,Eurofly,Italy,N
GJ,EEU,Eurofly Service,Italy,Y
,EUG,Euroguineana de Aviacion,Equatorial Guinea,N
,ERJ,Eurojet Italia,Italy,N
,JLN,Eurojet Limited,Malta,N
,RDP,Eurojet Romania,Romania,N
,EJS,Eurojet Servis,Czech Republic,N
K2,ELO,Eurolot,Poland,Y
3W,EMX,Euromanx Airways,Austria,N
,GED,Europe Air Lines,France,N
,FPO,Europe Airpost,France,N
,EUT,European 2000 Airlines,Malta,N
,EAG,European Aeronautical Group UK,United Kingdom,N
EA,EAL,European Air Express,Germany,Y
QY,BCS,European Air Transport,Belgium,N
E7,EAF,European Aviation Air Charter,United Kingdom,N
,EBJ,European Business Jets,United Kingdom,N
,ECB,European Coastal Airlines,Croatia,N
,ETV,European Executive,United Kingdom,N
,EXC,European Executive Express,Sweden,N
,EBG,Eurosense,Bulgaria,N
,ESX,Euroskylink,United Kingdom,N
EW,EWG,Eurowings,Germany,Y
EZ,EIA,Evergreen International Airlines,United States,Y
,VTS,Everts Air Alaska/Everts Air Cargo,United States,N
,EMN,Examiner Training Agency,United Kingdom,N
JN,XLA,Excel Airways,United Kingdom,Y
,XEL,Excel Charter,United Kingdom,Y
,GZA,Excellent Air,Germany,N
MB,EXA,Execair Aviation,Canada,N
,VCN,Execujet Charter,Switzerland,N
,EJO,Execujet Middle East,United Arab Emirates,N
,VMP,Execujet Scandinavia,Denmark,N
,EAS,Executive Aerospace,South Africa,N
,LFL,Executive Air,Zimbabwe,N
,EAC,Executive Air Charter,United States,N
,XAF,Executive Air Fleet,United States,N
,ECS,Executive Aircraft Charter and Charter Services,Ireland,N
,XAH,Executive Aircraft Services,United Kingdom,N
OW,EXK,Executive Airlines,United States,N
,EXU,Executive Airlines,Spain,N
,JTR,Executive Aviation Services,United Kingdom,N
,EXE,Executive Flight,United States,N
,TRI,Executive Flight Operations Ontario Government,Canada,N
,EXJ,Executive Jet Charter,United Kingdom,N
,EJM,Executive Jet Management,United States,N
,TEA,Executive Turbine Aviation,South Africa,N
,EXF,Eximflight,Mexico,N
,EXN,Exin,Poland,N
,EXR,Expertos En Carga,Mexico,N
8D,EXV,Expo Aviation,Sri Lanka,N
,FXA,Express Air,United States,N
,EIC,Express International Cargo,S,N
,XPL,Express Line Aircompany,United States,N
,XNA,Express Net Airlines,United States,N
EO,LHN,Express One International,United States,Y
,XTO,Express Tours,Canada,N
XE,BTA,ExpressJet,United States,Y
,JTM,Exxavia Limited,Ireland,N
U2,EZY,easyJet,United Kingdom,Y
,EJA,NetJets,United States,N
,EYE,F.S. Air Service,United States,N
,IFA,FAI Airservice,Germany,N
,FLC,FINFO Flight Inspection Aircraft,United States,N
,FKI,FLM Aviation Mohrdieck,Germany,N
,DCM,FLTPLAN,United States,N
,FLW,FLowair Aviation,France,N
,FMG,FMG Verkehrsfliegerschule Flughafen Paderborn-Lippstadt,Germany,N
,FRA,FR Aviation,United Kingdom,N
,FSB,FSB Flugservice & Development,Germany,N
,LEJ,FSH Luftfahrtunternehmen,Germany,N
,FBA,Fab Air,Kyrgyzstan,N
,FCS,Facts Air,Mexico,N
,FAV,Fair Aviation,South Africa,N
,FWD,Fair Wind Air Charter,United Arab Emirates,N
,FLS,Fairlines,Netherlands,N
,FFC,Fairoaks Flight Centre,United Kingdom,N
,FWY,Fairways Corporation,United States,N
,FCN,Falcon Air,Sweden,N
,FAR,Falcon Air,Slovenia,N
,FAO,Falcon Air Express,United States,N
,FAU,Falcon Airline,Nigeria,N
IH,,Falcon Aviation,Sweden,N
,FVS,Falcon Aviation Services,United Arab Emirates,N
,FJC,Falcon Jet Centre,United Kingdom,N
,FAW,Falwell Aviation,United States,N
EF,EFA,Far Eastern Air Transport,Taiwan,Y
,FDL,Farmingdale State University,United States,N
,FAH,Farnair Hungary,Hungary,N
,FRN,Farnair Netherlands,Netherlands,N
,FAT,Farnair Switzerland,Switzerland,N
,RAF,Farnas Aviation Services,Sudan,N
,HBL,Faroecopter,Denmark,N
F6,RCK,Faroejet,Faroe Islands,N
,FRW,Farwest Airlines,United States,N
F3,FSW,Faso Airways,Burkina Faso,N
,FHL,Fast Helicopters,United Kingdom,N
,FAY,Fayban Air Services,Nigeria,N
,SKM,Fayetteville Flying Service and Scheduled Skyways System,United States,N
,FDR,Federal Air,South Africa,N
,FLL,Federal Airlines,Sweden,N
,DCN,Federal Armed Forces,Germany,N
,FRM,Federal Armored Service,United States,N
,NHK,Federal Aviation Administration,United States,N
FX,FDX,Federal Express,United States,N
,FNK,Feniks Airline,Kazakhstan,N
,FER,Feria Aviacion,Spain,N
N8,HGK,Fika Salaama Airlines,Uganda,N
4S,FNC,Finalair Congo,Republic of the Congo,N
,FAK,Financial Airxpress,United States,N
,FBF,Fine Airlines,United States,N
,FTR,Finist'air,France,N
AY,FIN,Finnair,Finland,Y
FC,WBA,Finncomm Airlines,Finland,Y
,FNF,Finnish Air Force,Finland,N
FY,FFM,Firefly,Malaysia,Y
7F,FAB,First Air,Canada,Y
,JRF,First Air Transport,Japan,N
,FCC,First Cambodia Airlines,Cambodia,N
DP,FCA,First Choice Airways,United Kingdom,Y
,MBL,First City Air,United Kingdom,N
,GGA,First Flying Squadron,United States,N
,FIR,First Line Air,Sierra Leone,N
,FTS,First Sabre,Mexico,N
8F,FFR,Fischer Air,Czech Republic,N
,FFP,Fischer Air Polska,Poland,N
,FSX,Flagship Express Services,United States,N
,FLE,Flair Airlines,Canada,N
,WAF,Flamenco Airways,United States,N
,FMR,Flamingo Air,United States,N
,FLN,Flamingo Air-Line,Kazakhstan,N
,FSH,Flash Airlines,Egypt,N
,BWY,Fleet Requirements Air Direction Unit,United Kingdom,N
,FLR,Fleetair,South Africa,N
,FXY,Flexair,Netherlands,N
,FXT,Flexflight,Denmark,N
,TUD,Flight Alaska,United States,N
,FCK,Flight Calibration Service,Germany,N
,FCV,Flight Centre Victoria,Canada,N
,FCP,Flight Corporation,New Zealand,N
,FDP,Flight Dispatch Services,Poland,N
,FLX,Flight Express,United States,N
,CFI,Flight Inspection Center of the General Administration of Civil Aviation in China,China,N
,LTS,Flight Inspections and Systems,Russia,N
,IVJ,Flight International,United States,N
,MIT,Flight Line,United States,N
,FOI,Flight Ops International,United States,N
,OPT,Flight Options,United States,N
,CLB,Flight Precision Limited,United Kingdom,N
,FSL,Flight Safety Limited,United Kingdom,N
,FSU,Flight Support Sweden,Sweden,N
,CCK,Flight Trac,United States,N
,AYR,Flight Training Europe,Spain,N
,FWQ,Flight West Airlines,Australia,N
,KLO,Flight-Ops International,Canada,N
,CSK,Flightcraft,United States,N
,FEX,Flightexec,Canada,N
B5,FLT,Flightline,United Kingdom,Y
,FPS,Flightpass Limited,United Kingdom,N
,FSR,Flightstar Corporation,United States,N
,KDZ,Flightworks,United States,N
,FAZ,Flint Aviation Services,United States,N
,OJY,Florida Air,United States,N
PA,FCL,Florida Coastal Airlines,United States,N
,FFS,Florida Department of Agriculture,United States,N
,FJS,Florida Jet Service,United States,N
RF,FWL,Florida West International Airways,United States,Y
,FFG,Flugdienst Fehlhaber,Germany,N
,FLU,Flugschule Basel,Switzerland,N
,EZB,Flugschule Eichenberger,Switzerland,N
,FWZ,Flugwerkzeuge Aviation Software,Austria,N
F2,FLM,Fly Air,Turkey,N
,FCT,Fly CI Limited,United Kingdom,N
,FEE,Fly Europa Limited,United Kingdom,N
,FXL,Fly Excellent,Sweden,N
,NVJ,Fly International Airways,Tunisia,N
,FIL,Fly Line,Spain,N
SH,FLY,Fly Me Sweden,Sweden,N
,IAD,Fly Wex,Italy,N
D7,XAX,AirAsia X,Malaysia,Y
TE,LIL,FlyLal,Lithuania,Y
LF,NDC,FlyNordic,Sweden,Y
F7,BBO,Flybaboo,Switzerland,Y
BE,BEE,Flybe,United Kingdom,Y
,FCE,Flycolumbia,Spain,N
,FLO,Flycom,Slovenia,N
,GVG,Flygaktiebolaget Gota Vingar,Sweden,N
B4,GSM,Flyglobespan,United Kingdom,Y
,FPA,Flygprestanda,Sweden,N
,ETS,Flygtransporter I Nykoping,Sweden,N
,INU,Flyguppdraget Backamo,Sweden,N
,FYH,Flyhy Cargo Airlines,Thailand,Y
,FCR,Flying Carpet Company,Lebanon,N
,FYG,Flying Service,Belgium,N
,FGP,Flying-Research Aerogeophysical Center,Russia,N
,FLK,Flylink Express,Spain,N
,FTM,Flyteam Aviation,United Kingdom,N
,FKS,Focus Air,United States,N
,FOP,Fokker,Netherlands,N
,NOF,Fonnafly,Norway,N
,FOB,Ford Motor Company,United Kingdom,N
VY,FOS,Formosa Airlines,Taiwan,Y
,FOR,Formula One Management,United Kingdom,N
,FHS,Forth and Clyde Helicopter Services,United Kingdom,N
,FXC,Fortunair Canada,Canada,N
BN,,Forward Air International Airlines,United States,N
,FSA,Foster Aviation,United States,N
,JFY,Foster Yeoman,United Kingdom,N
,FTE,Fotografia F3,Spain,N
,FIA,Four Island Air,Antigua and Barbuda,N
HK,FSC,Four Star Aviation / Four Star Cargo,United States,N
,WDS,Four Winds Aviation,United States,N
,FXR,Foxair,Italy,N
,FDO,France Douanes,France,N
,FHY,Free Bird Airlines,Turkey,N
,FOM,Freedom Air,New Zealand,N
FP,FRE,Freedom Air,United States,Y
,FFF,Freedom Air Services,Nigeria,N
,FRL,Freedom Airlines,United States,Y
,FAS,Freedom Airways,Cyprus,N
,FWC,Freeway Air,Netherlands,N
,FRG,Freight Runners Express,United States,N
,FAF,Force Aerienne Francaise,France,N
,FMY,Aviation Legere De L'Armee De Terre,France,N
,FNY,France Marine Nationale,France,N
,FRR,Fresh Air,Nigeria,N
,FAE,Freshaer,United Kingdom,N
,FAL,Friendship Air Alaska,United States,N
,FLF,Friendship Airlines,Uganda,N
,FGY,Froggy Corporate Aviation,Australia,N
F9,FFT,Frontier Airlines,United States,Y
,ITR,Frontier Commuter,United States,N
2F,FTA,Frontier Flying Service,United States,Y
,FNG,Frontier Guard,Finland,N
,FUJ,Fujairah Aviation Centre,United Arab Emirates,N
,CFJ,Fujian Airlines,China,N
,GAX,Full Express,United States,N
,FAM,Fumigacion Aerea Andaluza,Spain,N
,FFY,Fun Flying Thai Air Service,Thailand,N
,ROG,Fundació Rego,Spain,N
,FUN,Funtshi Aviation Service,Democratic Republic of the Congo,N
,FGL,Futura Gael,Ireland,N
FH,FUA,Futura International Airways,Spain,N
,GML,G & L Aviation,South Africa,N
,EXH,G5 Executive,Germany,N
,MTA,GAK/Mitchell Aero,United States,N
,GGS,GATSA,Mexico,N
,GBX,GB Airlink,United States,N
GT,GBL,GB Airways,United Kingdom,Y
,GCS,GCS Air Service,United States,N
,FFU,GEC Marconi Avionics,United Kingdom,N
,GCC,GECAS,Ireland,N
,GEN,GENSA,Brazil,N
,GET,GETRA,Equatorial Guinea,N
,GFW,GFW Aviation,Australia,N
,GHI,GH Stansted Limited,United Kingdom,N
,GMG,GM Helicopters,Latvia,N
,GPE,GP Express Airlines,United States,N
,GPR,GPM Aeroservicio,Mexico,N
,GIB,GR-Avia,Guinea,N
,BMK,GST Aero Aircompany,Kazakhstan,N
,GTX,GTA Air,United States,N
,GAH,Ga-Ma Helicoptere,France,N
,GBE,Gabon Express,Gabon,N
,GRT,Gabon-Air-Transport,Gabon,N
,GIG,Gacela Air Cargo,Mexico,N
,GFC,Gail Force Express,United States,N
,GNJ,Gain Jet Aviation,Greece,N
,SWF,Galair International,United Kingdom,N
,GLS,Galaircervis,Ukraine,N
7O,GAL,Galaxy Air,Kyrgyzstan,N
,GXY,Galaxy Airlines,Japan,N
,GAS,Galena Air Service,United States,N
1G,,Galileo International,United States,N
,GMA,Gama Aviation,United Kingdom,N
GC,GNR,Gambia International Airlines,Gambia,N
,NML,Gambia New Millennium Air,Gambia,N
,GMJ,Gamisa Aviacion,Spain,N
G7,GNF,Gandalf Airlines,Italy,N
,GAN,Gander Aviation,Canada,N
,GSA,Garden State Airlines,United States,N
,AHM,Garrison Aviation,Canada,N
GA,GIA,Garuda Indonesia,Indonesia,Y
,GHS,Gatari Hutama Air Services,Indonesia,N
,EGO,Gauteng Air Cargo,South Africa,N
,GVN,Gavina,Spain,N
4G,GZP,Gazpromavia,Russia,Y
,GEE,Geesair,Canada,N
GR,GCO,Gemini Air Cargo,United States,N
,GAB,Gendall Air,Canada,N
,GDB,Gendarmerie Belge,Belgium,N
,FGN,Gendarmie Nationale,France,N
,SWK,General Aerospace,Canada,N
,GWS,General Airways,South Africa,N
,GNZ,General Aviation,Poland,N
,GTH,General Aviation Flying Services,United States,N
,XGA,General Aviation Terminal,Canada,N
,GMC,General Motors,United States,N
,GNX,Genex,Belarus,N
,GSL,Geographic Air Surveys,Canada,N
A9,TGZ,Georgian Airways,Georgia,Y
,FGA,Georgian Aviation Federation,Georgia,N
,GGF,Georgian Cargo Airlines Africa,Senegal,N
QB,GFG,Georgian National Airlines,Georgia,Y
,GPL,DLR,Germany,N
,GAF,German Air Force,Germany,N
,GAM,German Army,Germany,N
,GNY,German Navy,Germany,N
,GHY,German Sky Airlines,Germany,N
ST,GMI,Germania,Germany,Y
4U,GWI,Germanwings,Germany,Y
,GDN,Gerry's Dnata,Pakistan,N
,GFD,Gesekkschaft Fur Flugzieldarstellung,Germany,N
GP,GES,Gestair,Spain,N
,GTR,Gestar,Chile,N
,GJT,Gestion Aerea Ajecutiva,Spain,N
,GHT,Ghadames Air Transport,Libya,N
,GHA,Ghana Airways,Ghana,N
G0,GHB,Ghana International Airlines,Ghana,Y
,NTC,Gibson Aviation,United States,N
,RPS,Global Air Charter,United States,N
,GAG,Global Air Operations,Comoros,N
,GBS,Global Air Services Nigeria,Nigeria,N
,GLC,Global Aircargo,Bahrain,N
,BSP,Global Airways,Democratic Republic of Congo,N
,GBB,Global Aviation Operations,South Africa,N
,GAK,Global Aviation and Services Group,Libya,N
,GGZ,Global Georgian Airways,Georgia,N
,GLJ,Global Jet Austria,Austria,N
,NSM,Global Jet Corporation,United States,N
,SVW,Global Jet Luxembourg,Luxembourg,N
,GSK,Global Sky Aircharter,United States,N
,GSS,Global Supply Systems,United Kingdom,N
,XGS,Global System,United States,N
,XGW,Global Weather Dynamics,United States,N
,GLW,Global Wings,Japan,N
,GJA,Globe Jet,Lebanon,N
G8,GOW,Go Air,India,Y
GK,,Go One Airways,United Kingdom,N
G7,GJS,GoJet Airlines,United States,Y
,GGE,Gobierno De Guinea Ecuatorial,Equatorial Guinea,N
,GOF,Gof-Air,Mexico,N
,GOI,Gofir,Switzerland,N
G3,GLO,Gol Transportes Aéreos,Brazil,Y
,GBT,Gold Belt Air Transport,Canada,N
,GDA,GoldAir,United Kingdom,N
,GDK,Goldeck-Flug,Austria,N
DC,GAO,Golden Air,Sweden,Y
,GDD,Golden Airlines,United States,N
,GPA,Golden Pacific Airlines,United States,N
,GRS,Golden Rule Airlines,Kyrgyzstan,N
,GLD,Golden Star Air Cargo,Sudan,N
,GOS,Goldfields Air Services,Australia,N
,GAQ,Golfe Air Quebec,Canada,N
,GLE,Goliaf Air,Sao Tome and Principe,N
,GOM,Gomel Airlines,Belarus,N
,RDR,Goodridge (UK) Limited,United Kingdom,N
G1,IKA,Gorkha Airlines,Nepal,N
,GOR,Gorlitsa Airlines,Ukraine,N
,HKG,Government Flying Service,Hong Kong SAR of China,N
,GRZ,Government of Zambia Communications Flight,Zambia,N
,HLD,Grampian Flight Centre,United Kingdom,N
,GAV,Granada Aviacion,Spain,N
,GAE,Grand Aire Express,United States,N
,GND,Grand Airways,United States,N
,CVU,Grand Canyon Airlines,United States,N
GS,GUN,Grant Aviation,United States,N
,LMK,Grantex Aviation,United Kingdom,N
,GRA,Great American Airways,United States,N
ZK,GLA,Great Lakes Airlines,United States,Y
,GLU,Great Lakes Airways (Uganda),Uganda,N
,GRP,Great Plains Airlines,United States,N
IJ,GWL,Great Wall Airlines,China,N
,GWA,Great Western Air,United States,N
,HAF,Hellenic Air Force,Greece,N
,HNA,Greek Navy,Greece,N
,GFF,Griffin Aviation,Cyprus,N
,GXA,Grixona,Moldova,N
,GZD,Grizodubova Air Company,Russia,N
,HTG,Grossmann Air Service,Austria,N
,GSJ,Grossmann Jet Service,Czech Republic,N
,GHV,Ground Handling Service de Mexico,Mexico,N
,GPM,Grup Air-Med,Spain,N
,EJC,Grupo De Aviacion Ejecutiva,Mexico,N
TA,TAT,Grupo TACA,Costa Rica,Y
,VMM,Grupo Vuelos Mediterraneo,Spain,N
,GMT,Grupoaereo Monterrey,Mexico,N
,GSY,Guard Systems,Norway,N
G6,BSR,Guine Bissaur Airlines,Guinea-Bissau,N
,GIJ,Guinea Airways,Guinea,N
,GNC,Guinea Cargo,Equatorial Guinea,N
J9,GIF,Guinee Airlines,Guinea,N
,GEA,Guinea Ecuatorial Airlines,Equatorial Guinea,N
,GIQ,Guinee Paramount Airlines,Guinea,N
,CGH,Guizhou Airlines,China,N
,GUS,Guja,Mexico,N
G8,GUJ,Gujarat Airways,India,N
,TSU,Gulf & Caribbean Cargo / Contract Air Cargo,United States,N
,GUF,Gulf African Airlines - Gambia,,N
,GFA,Gulf Air,Oman,Y
GF,GBA,Gulf Air Bahrain,Bahrain,Y
,GAT,Gulf Air Inc,United States,N
,GCN,Gulf Central Airlines,United States,N
,SFY,Gulf Flite Center,United States,N
,GPC,Gulf Pearl Air Lines,Libya,N
,GLF,Gulfstream Aerospace,United States,N
,GFS,Gulfstream Airlines,United States,N
,GFT,Gulfstream International Airlines,United States,Y
,GUL,Gull Air,United States,N
,GUM,Gum Air,Suriname,N
,GDH,Guneydogu Havacilik Isletmesi,Turkey,N
GY,,Guyana Airways 2000,,N
,GWN,Gwyn Aviation,United Kingdom,N
,HLA,HC Airlines,United Kingdom,N
,HWD,HPM Investments,United Kingdom,N
,KTR,HT Helikoptertransport,Sweden,N
,AHT,HTA Helicopteros,Portugal,N
,FMS,Hadison Aviation,United States,N
H6,HAG,Hageland Aviation Services,United States,Y
,POW,Hagondale Limited,United Kingdom,N
HR,HHN,Hahn Air,Germany,N
HU,CHH,Hainan Airlines,China,Y
1R,,Hainan Phoenix Information Systems,China,N
,HLS,Haiti Air Freight,Haiti,N
2T,HAM,Haiti Ambassador Airlines,Haiti,Y
,HTI,Haiti International Air,Haiti,N
,HRB,Haiti International Airline,Haiti,N
,HNR,Haiti National Airlines (HANA),Haiti,N
,HTN,Haiti North Airline,Haiti,N
,HTC,Haiti Trans Air,Haiti,N
,HBC,Haitian Aviation Line,Haiti,N
,HAJ,Hajvairy Airlines,Pakistan,N
,HKL,Hak Air,Nigeria,N
,HLH,Hala Air,Sudan,N
,HCN,Halcyon Air/Bissau Airways,Guinea-Bissau,N
4R,HHI,Hamburg International,Germany,Y
,HJL,Hamlin Jet,United Kingdom,N
,HMM,Hamra Air,United Arab Emirates,N
,WVA,Hand D Aviation,United States,N
,HGR,Hangar 8,United Kingdom,N
,HGD,Hangard Aviation,Mongolia,N
,HAN,Hansung Airlines,Republic of Korea,N
X3,HLX,TUIfly,Germany,Y
HF,HLF,Hapagfly,Germany,Y
HB,HAR,Harbor Airlines,United States,N
HQ,HMY,Harmony Airways,Canada,N
,NBR,Haughey Air,United Kingdom,N
,PYN,Haverfordwest Air Charter Services,United Kingdom,N
,HAV,Havilah Air Services,Nigeria,N
HA,HAL,Hawaiian Airlines,United States,Y
HP,,Hawaiian Pacific Airlines,United States,N
,HKR,Hawk Air,Argentina,N
,HMX,Hawk De Mexico,Mexico,N
BH,,Hawkair,Canada,Y
,HKI,Hawkaire,United States,N
,HZL,Hazelton Airlines,Australia,N
HN,HVY,Heavylift Cargo Airlines,Australia,N
,HVL,Heavylift International,United Arab Emirates,N
,HDC,Helcopteros De Cataluna,Spain,N
,HCB,Helenair (Barbados),Barbados,N
,HCL,Helenair Corporation,Saint Lucia,N
,HHP,Helenia Helicopter Service,Denmark,N
,HLR,Heli Air Services,Bulgaria,N
,ALJ,Heli Ambulance Team,Austria,N
,HEB,Heli Bernina,Switzerland,N
8H,HFR,Heli France,France,Y
,HYH,Heli Hungary,Hungary,N
,HLM,Heli Medwest De Mexico,Mexico,N
,HLI,Heli Securite,France,N
,HTP,Heli Trip,Mexico,N
,HLU,Heli Union Heli Prestations,France,N
,MCM,Heli-Air-Monaco,Monaco,N
,HHE,Heli-Holland,Netherlands,N
,HRA,Heli-Iberica,Spain,N
,HIF,Heli-Iberica Fotogrametria,Spain,N
,HIG,Heli-Inter Guyane,France,N
,HLK,Heli-Link,Switzerland,N
,HMC,Heliamerica De Mexico,Mexico,N
,HEA,Heliavia-Transporte Aereo,Portugal,N
,CDY,Heliaviation Limited,United Kingdom,N
,HIB,Helibravo Aviacao,Portugal,N
,HLC,Helicap,France,N
,COV,Helicentre Coventry,United Kingdom,N
,HEL,Helicol,Colombia,N
,HCP,Helicopter,Czech Republic,N
,JKY,Helicopter & Aviation Services,United Kingdom,N
,MVK,Helicopter Training & Hire,United Kingdom,N
,HAP,Helicopteros Aero Personal,Mexico,N
,HAA,Helicopteros Agroforestal,Chile,N
,HNT,Helicopteros Internacionales,Mexico,N
,HEN,Helicopteros Y Vehiculos Nacionales Aereos,Mexico,N
,HHH,Helicsa,Spain,N
JB,JBA,Helijet,Canada,Y
,HDR,Helikopterdrift,Norway,N
,SCO,Helikopterservice Euro Air,Sweden,N
,OCE,Heliocean,France,N
ZU,HCY,Helios Airways,Cyprus,N
,HLP,Helipistas,Spain,N
,HPL,Heliportugal,Portugal,N
,HEC,Heliservicio Campeche,Mexico,N
,HSU,Helisul,Portugal,N
,HSI,Heliswiss,Switzerland,N
,HLT,Helitafe,Mexico,N
,HIT,Helitalia,Italy,N
,OFA,Helitaxi Ofavi,Mexico,N
,HTA,Helitrans,Norway,N
,HTS,Helitrans Air Service,United States,N
,HLW,Heliworks,Chile,N
T4,HEJ,Hellas Jet,Greece,Y
HW,FHE,Hello,Switzerland,Y
,HLG,Helog,Switzerland,N
2L,OAW,Helvetic Airways,Switzerland,Y
DU,HMS,Hemus Air,Bulgaria,N
,HAC,Henebury Aviation,Australia,N
,SSH,Heritiage Flight (Valley Air Services),United States,N
,MRX,Herman's Markair Express,United States,N
,HED,Herritage Aviation Developments,United Kingdom,N
EO,ALX,Hewa Bora Airways,Democratic Republic of the Congo,N
UD,HER,Hex'Air,France,Y
,HHS,Hi-Jet Helicopter Services,Suriname,N
5K,HFY,Hi Fly,Portugal,N
,HLB,High-Line Airways,Canada,N
,HWY,Highland Airways,United Kingdom,Y
,HIS,Hispaniola Airways,Dominican Republic,N
,HGA,Hogan Air,United States,N
,NTH,Hokkaido Air System,Japan,N
HD,ADO,Hokkaido International Airlines,Japan,Y
,ABH,Hokuriki-Koukuu Company,Japan,N
H5,HOA,Hola Airlines,Spain,N
,HIN,Holding International Group,Mexico,N
,HOL,Holiday Airlines,United States,N
,HTR,Holstenair Lubeck,Germany,N
,HMV,Homac Aviation,Luxembourg,N
,HAS,Honduras Airlines,Honduras,N
HX,CRK,Hong Kong Airlines,Hong Kong SAR of China,Y
UO,HKE,Hong Kong Express Airways,Hong Kong SAR of China,Y
,HEX,Honiara Cargo Express,Solomon Islands,N
,HPJ,Hop-A-Jet,United States,N
HH,,Hope Air,Canada,N
QX,QXE,Horizon Air,United States,Y
,KOK,Horizon Air Service,United States,N
,HSM,Horizon Air for Transport and Training,Libya,N
,HOR,Horizon Air-Taxi,Switzerland,N
BN,HZA,Horizon Airlines,Australia,Y
,HPS,Horizon Plus,Bangladesh,N
,HUD,Horizons Unlimited,United States,N
,HOZ,Horizontes Aereos,Mexico,N
,HDI,Hoteles Dinamicos,Mexico,N
,HHO,Houston Helicopters,United States,N
,GGV,Houston Jet Services,Austria,N
,OZU,Hozu-Avia,Kazakhstan,N
,HUB,Hub Airlines,United States,N
,HUS,Huessler Air Service,United States,N
,GMH,Hughes Aircraft Company,United States,N
,WHR,Hummingbird Helicopter Service,United States,N
,HUV,Hunair Hungarian Airlines,Hungary,N
,HUF,Hungarian Air Force,Hungary,N
,HYA,Hyack Air,Canada,N
,HYC,Hydro Air Flight Operations,South Africa,N
,HYD,Hydro-Québec,Canada,N
H4,,Héli Sécurité Helicopter Airlines,France,N
,ITC,International Air Carrier Association,Belgium,N
II,CSQ,IBC Airways,United States,N
,IBL,IBL Aviation,Mauritius,N
,BBL,IBM Euroflight Operations,Switzerland,N
,YYY,ICAO,,N
C3,,ICAR Airlines,Ukraine,N
,CIC,ICC Canada,Canada,N
,IDG,IDG Technology Air,Czech Republic,N
,IFL,IFL Group,United States,N
,RDE,II Lione Alato Arl,United Kingdom,N
,IJM,IJM International Jet Management,Austria,N
,IKK,IKI International Airlines,Japan,N
,IKN,IKON FTO,Germany,N
,BLU,IMP Aviation Services,Canada,N
,XGG,IMP Group Aviation Services,Canada,N
1F,,INFINI Travel Information,Japan,N
,IPA,IPEC Aviation,Australia,N
,IPM,IPM Europe,United Kingdom,N
,LVB,IRS Airlines,Nigeria,N
,ISD,ISD Avia,Ukraine,N
1U,,ITA Software,United States,N
,FDF,IVV Femida,Russia,N
IB,IBE,Iberia Airlines,Spain,Y
,IBR,Ibertour Servicios Aereos,Spain,N
,IBT,Ibertrans Aerea,Spain,N
TY,IWD,Iberworld,Spain,Y
FW,IBX,Ibex Airlines,Japan,Y
,IBC,Ibicenca Air,Spain,N
,AKI,Ibk-Petra,Sudan,N
,RAC,Icar Air,Bosnia and Herzegovina,Y
,FRC,Icare Franche Compte,France,N
,ICD,Icaro,Ecuador,N
,ICA,Icaro,Italy,N
,IUS,Icarus,Italy,N
,ICJ,Icejet,Iceland,N
FI,ICE,Icelandair,Iceland,Y
,ICG,Icelandic Coast Guard,Iceland,N
,IKR,Ikaros DK,Denmark,N
,CIO,Il Ciocco International Travel Service,Italy,N
,ILV,Il-Avia,Russia,N
,IDL,Ildefonso Redriguez,Mexico,N
,IAR,Iliamna Air Taxi,United States,N
,ILP,Ilpo Aruba Cargo,Aruba,N
,ILL,Ilyich-Avia,Ukraine,N
,IMR,Imaer,Portugal,N
IK,ITX,Imair Airlines,Azerbaijan,Y
,PNX,Imperial Airways,United States,N
,IMT,Imtrec Aviation,Cambodia,N
DH,IDE,Independence Air,United States,N
,IDP,Independent Air Freighters,Australia,N
6E,IGO,IndiGo Airlines,India,Y
,IIL,India International Airways,India,N
,IFC,Indian Air Force,India,N
IC,IAC,Indian Airlines,India,Y
,IDR,Indicator Company,Hungary,N
I9,IBU,Indigo,United States,Y
,IDA,Indonesia Air Transport,Indonesia,N
QZ,AWQ,Indonesia AirAsia,Indonesia,Y
IO,IAA,Indonesian Airlines,Indonesia,Y
,IPN,Industri Pesawat Terbang Nusantara,Indonesia,N
,ITN,Industrias Titan,Spain,N
,FFI,Infinit Air,Spain,N
,INS,Inflite The Jet Centre,United Kingdom,N
,IVA,Innotech Aviation,Canada,N
,INC,Insel Air International,Netherlands Antilles,N
,ICC,Instituto Cartografico de Cataluna,Spain,N
,INT,Intair,Canada,N
,INL,Intal Avia,Kyrgyzstan,N
,FFL,Intavia Limited,United Kingdom,N
IJ,IJT,InteliJet Airways,Colombia,N
,XRA,Intensive Air,South Africa,N
,ITW,Inter Air,Bulgaria,N
,INX,Inter Express,Turkey,N
H4,IIN,Inter Islands Airlines,Cape Verde,N
,CAR,Inter RCA,Central African Republic,N
,NTT,Inter Tropic Airlines,Sierra Leone,N
,ITA,Inter-Air,United States,N
,ICN,Inter-Canadian,Canada,N
,UGL,Inter-Island Air,United States,N
,IMA,Inter-Mountain Airways,United States,N
,ITS,Inter-State Aviation,United States,N
D6,ILN,Interair South Africa,South Africa,Y
,NTE,Interaire,Mexico,N
ZA,SUW,Interavia Airlines,Russia,Y
,IVT,Interaviatrans,Ukraine,N
RS,ICT,Intercontinental de Aviaci,Colombia,N
,ICP,Intercopters,Spain,N
,IFT,Interflight,United Kingdom,N
,IJT,Interflight (Learjet),United Kingdom,N
,RFL,Interfly,Italy,N
,IFF,Interfreight Forwarding,Sudan,N
,IGN,Interguide Air,Nigeria,N
,ISN,Interisland Airlines,Philippines,N
,IWY,Interisland Airways Limited,Turks and Caicos Islands,N
,MTF,Interjet,Italy,N
,IHE,Interjet Helicopters,Greece,N
ID,ITK,Interlink Airlines,South Africa,Y
,IAK,International Air Cargo Corporation,Egypt,N
,EXX,International Air Corporation,United States,N
,IAS,International Air Service,United States,N
,IAX,International Air Services,Liberia,N
6I,IBZ,International Business Air,Sweden,N
,IBY,International Business Aircraft,United States,N
,ICS,International Charter Services,Mexico,N
,ICX,International Charter Xpress,United States,N
,RED,International Committee of the Red Cross,Switzerland,N
,IIG,International Company for Transport,ALDAWLYH AIR,N
,IFX,International Flight Training Academy,United States,N
,IJA,International Jet Aviation Services,United States,N
,HSP,International Jet Charter,United States,N
,RSQ,International SOS WIndhoek,Namibia,N
,ISF,International Sabilisation Assistance Force,United Kingdom,N
,THN,International Security Assistance Force,Canada,N
,ITH,International Trans-Air,Nigeria,N
,IPT,Interport Corporation,United States,N
,IKY,Intersky,Bulgaria,N
3L,ISK,Intersky,Austria,Y
I4,FWA,Interstate Airline,Netherlands,N
,ITU,Intervuelos,Mexico,N
,INV,Inversija,Latvia,N
,IND,Iona National Airways,Ireland,N
,IOA,Iowa Airways,United States,N
IR,IRA,Iran Air,Iran,Y
EP,IRC,Iran Aseman Airlines,Iran,Y
,IRB,Iranair Tours,Iran,N
,IRG,Naft Air Lines,Iran,N
IA,IAW,Iraqi Airways,Iraq,Y
,BIS,Irbis Air,Kazakhstan,N
,IRL,Irish Air Corps,Ireland,N
,RDK,Irish Air Transport,Ireland,N
,XMR,Irish Aviation Authority,Ireland,N
,IRT,Irtysh Airlines,Uzbekistan,N
,XIA,Irving Oil,Canada,N
,KCE,Irving Oil Transport,Canada,N
,ISI,Island Air,Mexico,N
,ILF,Island Air Charters,United States,N
,XYZ,Island Air Express,United States,N
IS,,Island Airlines,United States,Y
,SOY,Island Aviation,Philippines,N
,DQA,Island Aviation Services,Maldives,N
,IOM,Island Aviation and Travel,United Kingdom,N
2S,SDY,Island Express,United States,N
8L,CGP,Cargo Plus Aviation,United Arab Emirates,Y
,MTP,Island Helicopters,United States,N
,ILC,Island Link,Japan,N
,IAJ,Islandair Jersey,United Kingdom,N
CN,,Islands Nationair,Papua New Guinea,N
,ICB,Icebird Airline,Iceland,N
IF,ISW,Islas Airways,Spain,Y
,IGS,Isle Grande Flying School,United States,N
WC,ISV,Islena De Inversiones,Honduras,Y
,IOS,Isles of Scilly Skybus,United Kingdom,N
,IAI,Israel Aircraft Industries,Israel,N
,IAF,Israeli Air Force,Israel,N
6H,ISR,Israir,Israel,Y
,IST,Istanbul Airlines,Turkey,N
9X,ACL,Itali Airlines,Italy,N
,IFS,Italy First,Italy,N
GI,IKA,Itek Air,Kyrgyzstan,Y
,IVS,Ivoire Aero Services,Ivory Coast,N
,IVW,Ivoire Airways,Ivory Coast,N
,IJE,Ivoire Jet Express,Ivory Coast,N
,OIC,Iwamoto Crane Co Ltd,Japan,N
,IXR,Ixair,France,N
H9,IZM,Izair,Turkey,N
,IZA,Izhavia,Russia,N
,JCB,J C Bamford (Excavators),United Kingdom,N
,RFX,J P Hunt Air Carriers,United States,N
,JLJ,J-Air,Japan,N
JC,JEX,JAL Express,Japan,Y
JO,JAZ,JALways,Japan,Y
,JDA,JDAviation,United Kingdom,N
,JDP,JDP Lux,Luxembourg,N
,JHM,JHM Cargo Expreso,Costa Rica,N
,TQM,JM Family Aviation,United States,N
,JMC,JMC Airlines,United Kingdom,N
1M,,JSC Transport Automated Information Systems,Russia,N
,JSJ,JS Air,Pakistan,N
,JES,JS Aviation,Mexico,N
,JCK,Jackson Air Services,Canada,N
,JAE,Jade Cargo International,China,N
,JAW,Jamahiriya Airways,Libya,N
,JMB,Jambo Africa Airlines,Democratic Republic of Congo,N
,JAK,Jana-Arka,Kazakhstan,N
,JAX,Janair,United States,N
,JAC,Japan Air Commuter,Japan,N
,JSV,Japan Aircraft Service,Japan,N
JL,JAL,Japan Airlines,Japan,Y
JL,JAL,Japan Airlines Domestic,Japan,Y
EG,JAA,Japan Asia Airways,Japan,Y
NU,JTA,Japan Transocean Air,Japan,Y
JU,JAT,Jat Airways,Serbia,N
VJ,JTY,Jatayu Airlines,Indonesia,N
J9,JZR,Jazeera Airways,Kuwait,Y
7C,JJA,Jeju Air,Republic of Korea,Y
,JNY,Jenney Beechcraft,United States,N
,XLD,Jeppesen Data Plan,United States,N
,JPN,Jeppesen UK,United Kingdom,N
,JEA,Jet Air,Poland,N
,JSI,Jet Air Group,Russia,N
9W,JAI,Jet Airways,India,Y
QJ,,Jet Airways,United States,Y
,JTX,Jet Aspen Air Lines,United States,N
,PJS,Jet Aviation,Switzerland,N
,BZF,Jet Aviation Business Jets,United States,N
,JCF,Jet Center Flight Training,Spain,N
,JCT,Jet Charter,United States,N
0J,,Jetclub,Switzerland,N
,JCX,Jet Connection,Germany,N
,DWW,Jet Courier Service,United States,N
,JED,Jet East International,United States,N
,JEI,Jet Executive International Charter,Germany,N
,RZA,Jet Fighter Flights,Australia,N
,CFT,Jet Freighters,United States,N
,JGD,Jet G&D Aviation,Israel,N
,MJL,Jet Line International,Moldova,N
,JEK,Jet Link,Israel,N
,HTL,Jet Link Aviation,United States,N
,JNR,Jet Norte,Mexico,N
,JRN,Jet Rent,Mexico,N
,JDI,Jet Service,Poland,N
3K,JSA,Jetstar Asia Airways,Singapore,Y
,JSM,Jet Stream,Moldova,N
,JTC,Jet Trans Aviation,Ghana,N
,JTT,Jet-2000,Russia,N
,OPS,Jet-Ops,United Arab Emirates,N
LS,EXS,Jet2.com,United Kingdom,Y
8J,JFU,Jet4You,Morocco,Y
,OSW,JetAfrica Swaziland,Swaziland,N
B6,JBU,JetBlue Airways,United States,Y
,QNZ,JetConnect,New Zealand,N
,JMG,JetMagic,Ireland,N
JF,JAF,Jetairfly,Belgium,Y
,JTL,Jetall Holdings,Canada,N
,JAG,Jetalliance,Austria,N
0J,JCS,Jetclub,Switzerland,N
,UEJ,Jetcorp,United States,N
,JCC,Jetcraft Aviation,Australia,N
,JXA,Jetex Aviation,Lebanon,N
,JEF,Jetflite,Finland,Y
,JFL,Jetfly Airlines,Austria,N
,JIC,Jetgo International,Thailand,N
,JLX,Jetlink Express,Kenya,N
,JLH,Jetlink Holland,Netherlands,N
,JNV,Jetnova de Aviacion Ejecutiva,Spain,N
,JPO,Jetpro,Mexico,N
,MDJ,Jetran Air,Romania,N
,JRI,Jetrider International,United Kingdom,N
,JEJ,Jets Ejecutivos,Mexico,N
,JEP,Jets Personales,Spain,N
,JSE,Jets Y Servicios Ejecutivos,Mexico,N
SG,JGO,JetsGo,Canada,N
JQ,JST,Jetstar Airways,Australia,Y
,JSH,Jetstream Air,Hungary,N
,JXT,Jetstream Executive Travel,United Kingdom,N
,JPQ,Jett Paqueteria,Mexico,N
JX,JEC,Jett8 Airlines Cargo,Singapore,N
,JTG,Jettime,Denmark,N
,JTN,Jettrain Corporation,United States,N
,JWY,Jetways of Iowa,United States,N
GX,JXX,Jetx Airlines,Iceland,N
,JIB,Jibair,Djibouti,N
,JSW,Jigsaw Project,United Kingdom,N
,HKN,Jim Hankins Air Service,United States,N
,RAS,Jim Ratliff Air Service,United States,N
,JDG,Joanas Avialinijos,Lithuania,N
,JBR,Job Air,Czech Republic,N
,JHN,Johnson Air,United States,N
,JON,Johnsons Air,Ghana,N
,JMJ,Johnston Airways,United States,N
,JMM,Joint Military Commission,Sudan,N
,JMT,Jomartaxi Aereo,Mexico,N
,ODI,Jonsson,ODINN,N
R5,JAV,Jordan Aviation,Jordan,N
,JCI,Jordan International Air Cargo,Jordan,N
,JVK,Jorvik,Iceland,N
,JUR,Ju-Air,Switzerland,N
,JFS,Juanda Flying School,Indonesia,N
,JUC,Juba Cargo Services & Aviation Company,Sudan,N
,JUB,Jubba Airways,Somali Republic,N
,DKE,Jubilee Airways,United Kingdom,N
HO,DKH,Juneyao Airlines,China,Y
,MEY,Justair Scandinavia,Sweden,N
,DOJ,Justice Prisoner and Alien Transportation System,United States,N
,KDC,K D Air Corporation,Canada,N
,KSA,K S Avia,Latvia,N
,KMI,K-Mile Air,Thailand,N
KD,KNI,KD Avia,Russia,Y
WA,KLC,KLM Cityhopper,Netherlands,Y
,KLH,KLM Helicopter,Netherlands,N
KL,KLM,KLM Royal Dutch Airlines,Netherlands,Y
N2,QNK,Kabo Air,Nigeria,N
,KMC,Kahama Mining Corporation,Tanzania,N
,KAI,Kaiser Air,United States,N
K4,CKS,Kalitta Air,United States,N
,KFS,Kalitta Charters,United States,N
,KES,Kallat El Saker Air Company,Libya,N
RQ,KMF,Kam Air,Afghanistan,Y
E2,KMP,Kampuchea Airlines,Cambodia,N
,KIZ,Kanaf-Arkia Airlines,Israel,N
,KHE,Kanfey Ha'emek Aviation,Israel,N
,KSU,Kansas State University,United States,N
V2,AKT,Karat,Russia,N
,KRB,Karibu Airways Company,Tanzania,N
,KLG,Karlog Air Charter,Denmark,N
,KAJ,Karthago Airlines,Tunisia,N
,KAE,Kartika Airlines,Indonesia,N
,KTV,Kata Transportation,Sudan,N
,KTK,Katekavia,Russia,N
,KAT,Kato Airline,Norway,N
KV,MVD,Kavminvodyavia,Russia,Y
,XKA,Kavouras Inc,United States,N
,KRN,Kaz Agros Avia,Kazakhstan,N
,KAW,Kaz Air West,Kazakhstan,N
,KAO,Kazan Aviation Production Association,Russia,N
,KPH,Kazan Helicopters,Russia,N
,KKA,Kazavia,Kazakhstan,N
,KZS,Kazaviaspas,Kazakhstan,N
,JFK,Keenair Charter -,United Kingdom,N
,KLX,Kelix Air,Nigeria,N
,FKL,Kelner Airways,Canada,N
,KFA,Kelowna Flightcraft Air Charter,Canada,N
,KDA,Kendell Airlines,Australia,Y
M5,KEN,Kenmore Air,United States,Y
,KBA,Kenn Borek Air,Canada,N
,KAH,Kent Aviation,Canada,N
KQ,KQA,Kenya Airways,Kenya,Y
,KVS,Kevis,Kazakhstan,N
,KEY,Key Airlines,United States,N
,LYM,Key Lime Air,United States,N
,FTP,Keystone Aerial Surveys,United States,N
BZ,KEE,Keystone Air Services,Canada,N
,KZW,Khalifa Airways,Algeria,N
,WKH,Kharkov Aircraft Manufacturing Company,Ukraine,N
,KHR,Khazar,Turkmenistan,N
,KHP,Khoezestan Photros Air Lines,Iran,N
,KRV,Khoriv-Avia,Ukraine,N
,KHO,Khors Aircompany,Ukraine,N
,KHY,Khyber Afghan Airlines,Afghanistan,N
,UAK,Kiev Aviation Plant,Ukraine,N
,KNG,King Aviation,United Kingdom,N
,BEZ,Kingfisher Air Services,United States,N
IT,KFR,Kingfisher Airlines,India,Y
,KNX,Knighthawk Air Express,Canada,N
,KAS,Kingston Air Services,Canada,N
,KIP,Kinnarps,Sweden,N
,KNS,Kinshasa Airways,Democratic Republic of the Congo,N
,KTA,Kirov Air Enterprise,Russia,N
Y9,IRK,Kish Air,Iran,Y
,KHA,Kitty Hawk Aircargo,United States,N
,KHC,Kitty Hawk Airways,United States,N
KP,KIA,Kiwi International Air Lines,United States,N
,KNA,Knight Air,Canada,N
,KHX,Knighthawk Express,United States,N
,KGT,Knights Airlines,Nigeria,N
,KOA,Koanda Avacion,Spain,N
,OYE,Koda International,Nigeria,N
7K,KGL,Kogalymavia Air Company,Russia,Y
,KOM,Kom Activity,Netherlands,N
,KMA,Komiaviatrans State Air Enterprise,Russia,N
8J,KMV,Komiinteravia,Russia,N
,KNM,Komsomolsk-on-Amur Air Enterprise,Russia,N
,KOB,Koob-Corp - 96 KFT,Hungary,N
KE,KAL,Korean Air,Republic of Korea,Y
,KMG,Kosmas Air,Serbia,N
,KSM,Kosmos,Russia,Y
,KOS,Kosova Airlines,Serbia,N
,WOK,Kovar Air,Czech Republic,N
7B,KJC,Krasnojarsky Airlines,Russia,Y
,KFC,Kremenchuk Flight College,Ukraine,N
,KRG,Krimaviamontag,Ukraine,N
,KRO,Kroonk Air Agency,Ukraine,N
K9,KRI,Krylo Airlines,Russia,N
,KYM,Krym,Ukraine,N
,OPC,Krystel Air Charter,United Kingdom,N
GW,KIL,Kuban Airlines,Russia,Y
VD,KPA,Kunpeng Airlines,China,N
,KZA,Kurzemes Avio,Russia,N
,KBV,Kustbevakningen,Sweden,N
KU,KAC,Kuwait Airways,Kuwait,Y
GO,KZU,Kuzu Airlines Cargo,Turkey,Y
,QVR,Kvadro Aero,Kyrgyzstan,N
,KWN,Kwena Air,South Africa,N
N5,KGZ,Kyrgyz Airlines,Kyrgyzstan,N
,KTC,Kyrgyz Trans Avia,Kyrgyzstan,N
QH,LYN,Kyrgyzstan,Kyrgyzstan,N
R8,KGA,Kyrgyzstan Airlines,Kyrgyzstan,N
,DAM,Kyrgyzstan Department of Aviation,Kyrgyzstan,N
,KGB,Kyrgz General Aviation,Kyrgyzstan,N
KY,KYV,Kibris T,Turkey,N
,LAH,L A Helicopter,United States,N
,LJY,L J Aviation,United States,N
,LRB,L R Airlines,Czech Republic,N
,PHO,L&L Flygbildteknik,Sweden,N
,LEX,L'Express,United States,N
,FNT,L-3 Communications Flight Internation Aviation,United States,N
JF,LAB,L.A.B. Flying Service,United States,N
LR,LRC,LACSA,Costa Rica,Y
,LDE,LADE - Lineas Aereas Del Estado,Argentina,N
KG,BNX,LAI - Linea Aerea IAACA,Venezuela,N
LA,LAN,LAN Airlines,Chile,Y
4M,DSM,LAN Argentina,Argentina,Y
,LCO,LAN Cargo,Chile,N
,LNC,LAN Dominica,Dominican Republic,N
LU,LXP,LAN Express,Chile,Y
LP,LPE,LAN Peru,Peru,Y
,LSA,LANSA,Dominican Republic,N
,APT,LAP Colombia - Lineas Aereas Petroleras,LAP,N
,OTN,LASTP,S,N
,LCB,LC Busre,Peru,N
LO,LOT,LOT Polish Airlines,Poland,Y
XO,LTE,LTE International Airways,Spain,Y
L3,LTO,LTU Austria,Austria,Y
LT,LTU,LTU International,Germany,N
,JFC,LTV Jet Fleet Corporation,United States,N
,LUK,LUKoil-Avia,Russia,N
,ASK,La Ronge Aviation Services,Canada,N
,LVT,La Valenciana Taxi Aereo,Mexico,N
,SKQ,Labcorp,United States,N
,LAL,Labrador Airways,Canada,N
N6,JEV,Lagun Air,Spain,N
,HCA,Lake Havasu Air Service,United States,N
,LKL,Lakeland Aviation,United States,N
,LKR,Laker Airways,United States,N
,LBH,Laker Airways (Bahamas),United States,N
,LMR,Lamra,Sudan,N
,TCR,Lanaes Aereas Trans Costa Rica,Costa Rica,N
,ISL,Landsflug,Iceland,N
,PAP,Langtry Flying Group,United Kingdom,N
IK,LKN,Lankair,Sri Lanka,N
,LZA,Lanza Air,Spain,N
,LZT,Lanzarote Aerocargo,Spain,N
,LLL,Lao Air Company,Lao Peoples Democratic Republic,N
QV,LAO,Lao Airlines,Lao Peoples Democratic Republic,Y
,LKA,Lao Capricorn Air,Lao Peoples Democratic Republic,N
L7,LPN,Laoag International Airlines,Philippines,N
,LRD,Laredo Air,United States,N
,LTC,LatCharter,Latvia,Y
,LAF,Latvian Air Force,Latvia,N
NG,LDA,Lauda Air,Austria,Y
,LDI,Lauda Air Italy,Italy,N
,LEP,Laughlin Express,United States,N
,LSU,Laus,Croatia,N
,LAR,Lawrence Aviation,United States,N
,LAY,Layang-Layang Aerospace,Malaysia,N
,LPL,Lease-a-Plane International,United States,N
LQ,LAQ,Lebanese Air Transport,Lebanon,N
,LAT,Lebanese Air Transport (Charter),Lebanon,N
,LAD,Lebanon Airport Development Corporation,United States,N
,LCA,Leconte Airlines,United States,N
LI,LIA,Leeward Islands Air Transport,Antigua and Barbuda,Y
,LGD,Legend Airlines,United States,N
,LWD,Leisure Air,United States,N
,LEN,Lentini Aviation,United States,N
,LOR,Leo-Air,South Africa,N
,LEL,Leonsa De Aviacion,Spain,N
,LYW,Libyan Airlines,Libya,N
LN,LAA,Libyan Arab Airlines,Libya,Y
,LCR,Libyan Arab Air Cargo,Libya,N
,LIQ,Lid Air,Sweden,N
,LCG,Lignes Aeriennes Congolaises,Democratic Republic of the Congo,N
,LKD,Lignes Aeriennes Du Tchad,Chad,N
,LME,Lignes Mauritaniennes Air Express,Mauritania,N
,GCB,Lignes Nationales Aeriennes - Linacongo,Republic of the Congo,N
,GDQ,Lincoln Air National Guard,United States,N
,LRT,Lincoln Airlines,Australia,N
,LSY,Lindsay Aviation,United States,N
,NOT,Linea Aerea Costa Norte,Chile,N
,LMC,Linea Aerea Mexicana de Carga,Mexico,N
L7,LNP,Linea Aerea SAPSA,Chile,N
,NEG,Linea Aerea de Fumig Aguas Negras,Chile,N
8Z,LER,Linea Aerea de Servicio Ejecutivo Regional,Venezuela,N
,LSE,Linea De Aeroservicios,Chile,N
LD,TUY,Linea Turistica Aerotuy,Venezuela,N
,ALR,Lineas Aereas Alaire S.L.,Spain,N
ZE,LCD,Lineas Aereas Azteca,Mexico,N
,LCN,Lineas Aereas Canedo LAC,Bolivia,N
,LCM,Lineas Aereas Comerciales,Mexico,N
,EDD,Lineas Aereas Ejectuivas De Durango,Mexico,N
,EDR,Lineas Aereas Eldorado,Colombia,N
,FED,Lineas Aereas Federales,Argentina,N
,LMN,Lineas Aereas Monarca,Mexico,N
,LIJ,Lineas Aereas San Jose,Mexico,N
,UMA,Lineas Aereas del Humaya,Mexico,N
,LEC,Linex,Central African Republic,N
,SMS,Linhas Aereas Santomenses,S,N
LM,LAM,Linhas A,Mozambique,Y
,LAW,Link Airways of Australia,Australia,N
,WGT,Lion Air Services,United Kingdom,N
JT,LNI,Lion Mentari Airlines,Indonesia,Y
,LEU,Lions-Air,Switzerland,N
,LYF,Lithuanian Air Force,Lithuania,N
,LRA,Little Red Air Service,Canada,N
LM,LVG,Livingston,Italy,N
LB,LLB,Lloyd Aereo Boliviano,Bolivia,N
,LNA,Lnair Air Services,Spain,N
,XLG,Lockheed Air Terminal,United States,N
,LAC,Lockeed Aircraft Corporation,United States,N
,XDD,Lockheed DUATS,United States,N
,CBD,Lockheed Martin Aeronautics,United States,N
,LNG,Lockheed Martin Aeronautics Company,United States,N
,LOG,Logan Air,United Kingdom,N
,CLV,Lom Praha Flying School,Czech Republic,N
,LMS,Lomas Helicopters,United Kingdom,N
,LCY,London City Airport Jet Centre,United Kingdom,N
,LNX,London Executive Aviation,United Kingdom,N
,LOV,London Flight Centre (Stansted),United Kingdom,N
,LHC,London Helicopter Centres,United Kingdom,N
,LSS,Lone Star Airlines,United States,N
,ORA,Long Island Airlines,United States,N
,LGT,Longtail Aviation,Bermuda,N
,LRR,Lorraine Aviation,France,N
,LSC,Los Cedros Aviacion,Chile,N
,TAS,Lotus Air,Egypt,N
,LTW,Luchtvaartmaatschappij Twente,Netherlands,N
,LKE,Lucky Air,China,N
,LUT,Luft Carago,South Africa,N
,LVD,Luftfahrt-Vermietungs-Dienst,Austria,N
HE,LGW,Luftfahrtgesellschaft Walter,Germany,Y
LH,DLH,Lufthansa,Germany,Y
LH,GEC,Lufthansa Cargo,Germany,Y
CL,CLH,Lufthansa CityLine,Germany,Y
L1,,Lufthansa Systems,Germany,N
,LHT,Lufthansa Technik,Germany,N
DV,LTF,Lufttaxi Fluggesellschaft,Germany,N
L5,LTR,Lufttransport,Norway,Y
,LHS,Luhansk,Ukraine,N
,UNY,Lund University School of Aviation,Sweden,N
LG,LGL,Luxair,Luxembourg,Y
,LXA,Luxaviation,Luxembourg,N
,LUV,Luxembourg Air Rescue,Luxembourg,N
,LFE,Luxflight Executive,Luxembourg,N
,LXO,Luxor Air,Egypt,N
,LUZ,Luzair,Portugal,N
5V,UKW,Lviv Airlines,Ukraine,N
,LYD,Lydd Air,United Kingdom,N
,LCH,Lynch Flying Service,United States,N
L2,LYC,Lynden Air Cargo,United States,N
,LXF,Lynx Air International,United States,N
,LYX,Lynx Aviation,Pakistan,N
MJ,LPR,L,Argentina,Y
,LAU,L,Colombia,N
,JNH,M & N Aviation,United States,N
,MCF,MAC Fotografica,Spain,N
,MRG,MANAG'AIR,France,N
,MPJ,MAP-Management and Planung,Austria,N
,TFG,MAS Airways,United Kingdom,N
M7,MAA,MasAir,Mexico,Y
IN,MAK,MAT Macedonian Airlines,Macedonia,Y
,MCC,MCC Aviation,South Africa,N
,MGA,MG Aviacion,Spain,N
,JLA,MIA Airlines,Romania,N
OM,MGL,MIAT Mongolian Airlines,Mongolia,Y
,MNC,MIT Airlines,Canada,N
,MKA,MK Airline,Ghana,N
MB,MNB,MNG Airlines,Turkey,Y
,EBF,MSR Flug-Charter,Germany,N
,MCV,MTC Aviacion,Mexico,N
,MAQ,Mac Aviation,Spain,N
,MCN,Mac Dan Aviation Corporation,United States,N
,MTD,MacKnight Airlines,Australia,N
CC,MCK,Macair Airlines,Australia,Y
,MCS,Macedonian Airlines,Greece,N
,MDH,Madina Air,Libya,N
DM,,Maersk,Denmark,Y
,MJB,Magic Blue Airlines,Netherlands,N
,MGR,Magna Air,Austria,N
,MLH,Mahalo Air,United States,N
W5,IRM,Mahan Air,Iran,Y
M2,MZS,Mahfooz Aviation,Gambia,N
,MAT,Maine Aviation,United States,N
,MAJ,Majestic Airlines,United States,N
,AKM,Mak Air,Kazakhstan,N
,MLG,Malagasy Airlines,Madagascar,N
,MLX,Malawi Express,Malawi,N
,MKK,Malaya Aviatsia Dona,Russia,N
MH,MAS,Malaysia Airlines,Malaysia,Y
,MAE,Mali Air,Austria,N
,VXP,Mali Air Express,Mali,N
,MTZ,Mali Airways,Mali,N
,MLC,Malila Airlift,Democratic Republic of the Congo,N
,MLS,Mall Airways,United States,N
,SCW,Malmo Aviation,Sweden,Y
,LOD,Malmoe Air Taxi,Sweden,N
TF,SCW,Malmö Aviation,Sweden,Y
R5,MAC,Malta Air Charter,Malta,Y
,MWS,Malta Wings,Malta,N
MA,MAH,Malév,Hungary,Y
,MLB,Manaf International Airways,Burundi,N
RI,MDL,Mandala Airlines,Indonesia,Y
AE,MDA,Mandarin Airlines,Taiwan,Y
JE,MNO,Mango,South Africa,Y
,MHN,Manhattan Air,United Kingdom,N
,MTO,Manitoulin Air Services,Canada,N
,MNR,Mann Air,United Kingdom,N
,MAN,Mannion Air Charter,United States,N
,MTS,Mantrust Asahi Airways,Indonesia,N
,MNX,Manx Airlines,United Kingdom,N
,MAD,Maple Air Services,Canada,N
,MAR,March Helicopters,United Kingdom,N
,MCP,Marcopolo Airways,Afghanistan,N
,MGI,Marghi Air,Nigeria,N
,MRK,Markair,United States,N
,MKO,Markoss Aviation,United Kingdom,N
6V,MRW,Mars RK,Ukraine,N
,MCE,Marshall Aerospace,United Kingdom,N
M7,MSL,Marsland Aviation,Sudan,N
,XMA,Martin Aviation Services,United States,N
,MBE,Martin-Baker,United Kingdom,N
MP,MPH,Martinair,Netherlands,Y
,MRA,Martinaire,United States,N
,MFA,Martyn Fiddler Associates,United Kingdom,N
,MVN,Marvin Limited,United Kingdom,N
,TRP,Maryland State Police,United States,N
,MTH,Massachusetts Institute of Technology,United States,N
,MSY,Massey University School of Aviation,New Zealand,N
,MSW,Master Airways,Serbia,N
,MPL,Master Planner,United States,N
,LMJ,Masterjet,Portugal,N
Q4,,Mastertop Linhas Aereas,Brazil,N
,MIA,Mauria,Mauritania,N
,MNV,Mauritanienne Aerienne Et Navale,Mauritania,N
,MRF,Mauritanienne Air Fret,Mauritania,N
,MWY,Mauritanienne Airways,Mauritania,N
,MDE,Mauritanienne De Transport Aerien,Mauritania,N
,MVR,Maverick Airways,United States,N
H5,MVL,Mavial Magadan Airlines,Russia,N
,MAI,Max Avia,Kyrgyzstan,N
,MSF,Max Sea Food,El Salvador,N
,MAX,Max-Aviation,Canada,N
8M,MXL,Maxair,Sweden,Y
,MXU,Maximus Air Cargo,United Arab Emirates,N
MY,MXJ,Maxjet Airways,United States,N
,MXS,Maxsus-Avia,Uzbekistan,N
,MXP,May Air Xpress,United States,N
MW,MYD,Maya Island Air,Belize,Y
,MYI,Mayair,Mexico,N
,MBS,Mbach Air,Malawi,N
,MCH,McAlpine Helicopters,United Kingdom,N
,MKL,McCall Aviation,United States,N
,DAC,McDonnell Douglas,United States,N
,MDS,McNeely Charter Services,United States,N
,MEK,Med-Trans of Florida,United States,N
,MDM,Medavia Company,Malta,N
,MRZ,Medical Air Rescue Services,Zimbabwe,N
,MCL,Medical Aviation Services,United Kingdom,N
,MDF,Mediterranean Air Freight,Greece,N
,MDY,Mediterranean Airways,Egypt,N
,MEJ,Medjet International,United States,N
,MGK,Mega,Kazakhstan,N
,MEL,Mega Linhas Aereas,Brazil,N
,MKN,Mekong Airlines,Cambodia,N
IM,MNJ,Menajet,Lebanon,N
,MXX,Merchant Express Aviation,Nigeria,N
,MEC,Mercury Aircourier Service,United States,N
,POV,Meridian,Ukraine,N
,MRD,Meridian Air Cargo,United States,N
,MHL,Meridian Airlines,Nigeria,N
,DSL,Meridian Aviation,United Kingdom,N
,MEM,Meridian Limited,Ukraine,N
IG,ISS,Meridiana,Italy,Y
,MEI,Merlin Airways,United States,N
MZ,MNA,Merpati Nusantara Airlines,Indonesia,Y
YV,ASH,Mesa Airlines,United States,Y
XJ,MES,Mesaba Airlines,United States,Y
,MSQ,Meta Linhas A,Brazil,N
,MET,Meteorological Research Flight,United Kingdom,N
,MER,Methow Aviation,United States,N
,MVI,Metro Business Aviation,United Kingdom,N
,MEX,Metro Express,United States,N
,MTR,Metroflight,United States,N
,MTJ,Metrojet,Hong Kong SAR of China,N
,PIX,Metropix UK,United Kingdom,N
,MPS,Metroplis,Netherlands,N
,MXB,Mex Blue,Mexico,N
,MJT,Mex-Jet,Mexico,N
MX,MXA,Mexicana de Aviaci,Mexico,Y
,MXT,Mexico Transportes Aereos,Mexico,N
,HUR,Miami Air Charter,United States,N
GL,BSK,Miami Air International,United States,N
,OWL,Miami Valley Aviation,United States,N
,MPT,Miapet-Avia,Armenia,N
,BIB,Michelin Air Services,France,N
,WIZ,Micromatter Technology Solutions,United Kingdom,N
,NYL,Mid Airlines,Sudan,N
,MPA,Mid-Pacific Airlines,United States,N
,MJR,Midamerica Jet,United States,N
ME,MEA,Middle East Airlines,Lebanon,Y
,MID,Midland Airport Services,United Kingdom,N
,MFR,Midline Air Freight,United States,N
,MIS,Midstate Airlines,United States,N
JI,MDW,Midway Airlines,United States,Y
,FLA,Midway Express,United States,N
,FAX,Midwest Air Freighters,United States,N
YX,MEP,Midwest Airlines,United States,Y
MY,MWA,Midwest Airlines (Egypt),Egypt,Y
,NIT,Midwest Aviation,United States,N
,MWT,Midwest Aviation Division,United States,N
,HTE,Midwest Helicopters De Mexico,Mexico,N
,MAB,Millardair,Canada,N
,RJM,Millen Corporation,United Kingdom,N
,MLK,Millennium Air,Nigeria,N
,MFS,Miller Flying Services,United States,N
,OXO,Million Air,United States,N
,MIM,Mimino,Russia,N
,NAB,Mina Airline Company,Egypt,N
,OMR,Minair,Central African Republic,N
,EBE,Minebea Technologies,United States,N
,MAZ,Mines Air Services Zambia,Zambia,N
,MNL,Miniliner,Italy,N
,MNS,Ministic Air,Canada,N
,WDG,Ministry of Agriculture,WATCHDOG,N
,LIR,Minsk Aircraft Overhaul Plant,Belarus,N
,MIR,Miramichi Air Service,Canada,N
,MIF,Miras,Kazakhstan,N
,MOS,Misr Overseas Airways,Egypt,N
,MAF,Mission Aviation Fellowship,Indonesia,N
,MSN,Missionair,Spain,N
,MRN,Missions Gouvernemtales Francaises,France,N
,BDG,Mississippi State University,United States,N
,MVA,Mississippi Valley Airways,United States,N
,MSA,Mistral Air,Italy,N
,MBO,Mobil Oil,Canada,N
,MXE,Mocambique Expresso,Mozambique,N
,MFZ,Mofaz Air,Malaysia,N
,MLE,Moldaeroservice,Moldova,N
2M,MDV,Moldavian Airlines,Moldova,Y
,MVG,Moldova,Moldova,N
,RRV,Mombasa Air Safari,Kenya,N
ZB,MON,Monarch Airlines,United Kingdom,Y
,MNH,Monarch Airlines,United States,N
8I,,Myway Airlines,Italy,Y
,MFC,Moncton Flying Club,Canada,N
,MDB,Monde Air Charters,United Kingdom,N
,MTI,Monerrey Air Taxi,Mexico,N
,MKY,Monky Aerotaxis,Mexico,N
YM,MGX,Montenegro Airlines,Montenegro,Y
,MNT,Montserrat Airways,Montserrat,N
,MNY,Mooney Aircraft Corporation,United States,N
,MAL,Morningstar Air Express,Canada,Y
,MSS,Morris Air Service,United States,N
,MRO,Morrison Flying Service,United States,N
3R,GAI,Moskovia Airlines,Russia,Y
,MPI,Mosphil Aero,Philippines,N
M9,MSI,Motor Sich,Ukraine,Y
NM,NZM,Mount Cook Airlines,New Zealand,N
,MTN,Mountain Air Cargo,United States,N
N4,MTC,Mountain Air Company,Sierra Leone,N
,PKP,Mountain Air Express,United States,N
,BRR,Mountain Air Service,United States,N
,MBI,Mountain Bird,United States,N
,MHA,Mountain High Aviation,United States,N
,MPC,Mountain Pacific Air,Canada,N
,MTV,Mountain Valley Air Service,United States,N
,MOW,Mowhawk Airlines,United States,N
,MDN,Mudan Airlines,Somali Republic,N
,CMJ,Mudanjiang General Aviation,China,N
,MTX,Multi Taxi,Mexico,N
,WBR,Multi-Aero,United States,N
,MFT,Multiflight,,N
,MNZ,Murmansk Aircompany,Russia,N
,MUA,Murray Air,United States,N
,MMR,Musrata Air Transport,Libya,N
,MAW,Mustique Airways,Barbados,N
,MYW,My Way Airlines,Italy,N
VZ,MYT,MyTravel Airways,United Kingdom,Y
UB,UBA,Myanma Airways,Myanmar,Y
8M,MMM,Myanmar Airways International,Myanmar,Y
,MYA,Myflug,Iceland,Y
,VKG,Mytravel Airways,Denmark,N
,NLG,NEL Cargo,Ivory Coast,N
,NHG,NHT Lineas Aereas,Brazil,N
,WAR,NZ Warbirds Association,New Zealand,N
,ANL,Nacoia Lda,Angola,N
,NHZ,Nada Air Service,Chad,N
,BFN,Compangnie Nationale Naganagani,Burkina Faso,N
,NAH,Nahanni Air Services Ltd,Canada,N
,NKL,Nakheel Aviation,United Arab Emirates,N
,MRE,Namibia Commerical Aviation,Namibia,N
,NDF,Namibian Defence Force,Namibia,N
,CNJ,Nanjing Airlines,China,N
DV,ACK,Nantucket Airlines,United States,N
,NYA,Nanyah Aviation,Israel,N
,NAP,Napier Air Service Inc,United States,N
,NCM,Nas Air,Angola,N
P9,,Nas Air,Mali,N
UE,NAS,Nasair,Eritrea,Y
,NJC,Nashville Jet Charters,United States,N
,NCO,Natalco Air Lines,S,N
,NTK,Natioanl Air Traffic Controllers Association,United States,N
,NSR,National Air Charter,Indonesia,N
,RFI,National Air Traffic Services,United Kingdom,N
,NAN,National Airlines,United States,N
N4,NCN,National Airlines,Chile,N
N7,ROK,National Airlines,United States,N
,NAL,National Airlines,United States,N
,KUS,National Airlines,South Africa,N
9O,,National Airways Cameroon,Cameroon,N
,LFI,National Airways Corporation,South Africa,N
,GTY,National Aviation Company,Egypt,N
,TNC,National Aviation Consultants,Canada,N
,NXT,National Express,United States,N
,GRD,National Grid,United Kingdom,N
,JTE,National Jet Express,Australia,N
,AND,National Jet Service,United States,N
NC,NJS,National Jet Systems,Australia,Y
,NAA,National Oceanic and Atmospheric Administration,United States,N
,NOL,National Overseas Airlines Company,Egypt,N
,NLS,Nationale Luchtvaartschool,Netherlands,N
,NAE,Nations Air Express Inc,United States,N
CE,NTW,Nationwide Airlines,South Africa,Y
,NWZ,Nationwide Airlines (Zambia),Zambia,N
,EVM,Natural Environment Research Council,United Kingdom,N
,NRR,Natureair,Costa Rica,N
,NRK,Naturelink Charter,South Africa,N
ON,RON,Nauru Air Corporation,Nauru,Y
,NVC,NAV CANADA,Canada,N
,NAV,Nav Flight Planning,Czech Republic,N
,NVP,Navegacao Aerea De Portugal,Portugal,N
,NAY,Navegacion Servicios Aereos Canarios SA,Spain,N
,IRI,Navid,Iran,N
,NVM,Naviera Mexicana,Mexico,N
,NVL,Navigator Airlines,Armenia,N
,XNV,Navinc Airlines Services,United States,N
1N,,Navitaire,United States,N
,XNS,Navtech System Support,Canada,N
,NZA,Nayzak Air Transport,Libya,N
,NEB,State of Nebraska,United States,N
,NEC,Necon Air,Nepal,N
,NCG,Nederlandse Kustwacht,Netherlands,N
,NFT,Nefteyugansk Aviation Division,Russia,N
,NLA,Neiltown Air,Canada,N
,NLC,Nelair Charters,South Africa,N
,CGE,Nelson Aviation College,New Zealand,N
RA,RNA,Nepal Airlines,Nepal,Y
NO,NOS,Neos,Italy,N
,TOX,Neosiam Airways,Thailand,N
,NSL,Neric,United Kingdom,N
1I,EJA,NetJets,United States,Y
,NET,Network Aviation Services,Nigeria,N
,NEZ,New England Air Express,United States,N
EJ,NEA,New England Airlines,United States,Y
,NHT,New Heights 291,South Africa,N
,NWD,New World Jet Corporation,United States,N
,NYH,New York Helicopter,United States,N
,GRY,New York State Police,United States,N
,KRC,New Zealand Air Defence Force,New Zealand,N
,HVA,Newair,United States,N
,NLT,Newfoundland Labrador Air Transport,Canada,N
2N,NTJ,NextJet,Sweden,Y
,NXF,Nextflight Aviation,United States,N
,NXS,Nexus Aviation,Nigeria,N
,NIS,Nicaraguense De Aviacion,Nicaragua,N
,NCN,Nicon Airways,Nigeria,N
,NGA,Nigeria Airways,Nigeria,N
,NGR,Nigerian Air Force,Nigeria,N
,NGX,Nigerian Global,Nigeria,N
,EXT,Night Express,Germany,N
HG,NLY,Niki,Austria,Y
,NKV,Nikolaev-Air,Ukraine,N
,NSA,Nile Safaris Aviation,Sudan,N
,NVA,Nile Valley Aviation Company,Egypt,N
,NLW,Nile Wings Aviation Services,Sudan,N
,NBS,Nimbus Aviation,United Kingdom,N
KZ,NCA,Nippon Cargo Airlines,Japan,N
,NVK,Nizhnevartovskavia,Russia,N
,SRG,Search and Rescue 202,United Kingdom,N
,SRD,Search and Rescue 22,United Kingdom,N
,NOH,No. 32 (The Royal) Squadron RAF,United Kingdom,N
,AKG,84 Squadron Royal Air Force @ RAF Akrotiri,United Kingdom,N
,NBL,Nobil Air,Moldova,N
DD,NOK,Nok Air,Thailand,Y
,NRL,Nolinor Aviation,Canada,N
,NMD,Nomad Aviation,Namibia,N
,NOC,Norcopter,Norway,N
,NEF,Nord-Flyg,Sweden,N
JH,NES,Nordeste Linhas Aereas Regionais,Brazil,N
6N,NRD,Nordic Regional,Sweden,N
,NVD,Nordic Solutions,Lithuania,N
,NDS,Nordstree (Australia),Australia,N
,NRT,Norestair,Spain,N
,NCF,Norfolk County Flight College,United Kingdom,Y
,NOA,Norontair,Canada,N
,HMF,Norrlandsflyg,Sweden,N
,NRX,Norse Air Charter,South Africa,N
,NIR,Norsk Flyrjeneste,Norway,N
,NOR,Norsk Helikopter,Norway,N
,DOC,Norsk Luftambulanse,Norway,N
,RTV,Nortavia,Portugal,N
,NAI,North Adria Aviation,Croatia,N
,NTM,North American Airlines,Canada,Y
,HMR,North American Charters,Canada,Y
,NAJ,North American Jet Charter Group,United States,N
,NAT,North Atlantic Air Inc,United States,N
,NFC,North Atlantic Cargo,Norway,N
,NBN,North British Airlines,United Kingdom,N
,NCB,North Caribou Flying Service Ltd,Canada,N
,NCC,North Coast Air Services Ltd,Canada,N
N9,,North Coast Aviation,Papua New Guinea,N
M3,NFA,North Flying,Denmark,N
,NRC,North Sea Airways,Netherlands,N
,SBX,North Star Air Cargo,United States,N
,NRV,North Vancouver Airlines,Canada,N
,NWW,North West Airlines,Australia,N
,PTO,North West Geomatics,Canada,N
,NEN,North-East Airlines,Nigeria,N
,VBG,North-West Air Transport Company - Vyborg,Russia,N
HW,NWL,North-Wright Airways,Canada,N
,NLL,Northafrican Air Transport,Libya,N
,NFL,Northaire Feight Lines,United States,N
,NSF,Northamptonshire School of Flying,United Kingdom,N
,NCE,Northcoast Executive Airlines,United States,N
,NEE,Northeast Airlines,United States,N
,NPX,Northeast Aviation,United States,N
NC,NAC,Northern Air Cargo,United States,N
,BYC,Northern Airlines Sanya,China,N
,NDA,Northern Airways,United States,N
,CMU,Northern Aviation Service,Thailand,N
U7,,Northern Dene Airways,Canada,Y
,NEX,Northern Executive Aviation,United Kingdom,N
,NIC,Northern Illinois Commuter,United States,N
,NTX,Northern Jet Management,United States,N
,NTA,Northern Thunderbird Air,Canada,N
,KOE,Northland Aviation,United States,N
,NSS,Northstar Aviation,United States,N
,NHL,Northumbria Helicopters,United Kingdom,N
,NAL,Northway Aviation Ltd,Canada,N
,NWE,Northwest Aero Associates,United States,N
NW,NWA,Northwest Airlines,United States,Y
FY,NWR,Northwest Regional Airlines,Australia,N
,NWT,Northwest Territorial Airways,Canada,N
J3,PLR,Northwestern Air,Canada,Y
,NWN,Northwinds Northern,Canada,N
,NAM,Nortland Air Manitoba,Canada,N
DY,NAX,Norwegian Air Shuttle,Norway,Y
,TFN,Norwegian Aviation College,Norway,Y
,XNT,Notams International,United States,N
BJ,LBT,Nouvel Air Tunisie,Tunisia,Y
M4,NOV,Nova Airline,Sudan,N
,PTR,Nova Scotia Department of Lands and Forests,Canada,N
1I,NVR,Novair,Sweden,Y
,NVG,Novogorod Air Enterprise,Russia,N
,NSP,Novosibirsk Aircraft Repairing Plant,Russia,N
,NBE,Novosibirsk Aviaenterprise,Russia,N
,NPO,Novosibirsk Aviation Production Association,Russia,N
,NOY,Noy Aviation,Israel,N
N6,ACQ,Nuevo Continente,Peru,N
,NHR,Nuevo Horizonte Internacional,Mexico,N
,NUN,Nunasi-Central Airlines,Canada,N
,NIN,Nurman Avia Indopura,Indonesia,N
,NYS,Nyasa Express,Malawi,N
XY,KNE,Nas Air,Saudi Arabia,Y
,OCN,O Air,France,N
UQ,OCM,O'Connor Airlines,Australia,N
CR,,OAG,United Kingdom,N
,JPA,OSACOM,United States,N
O8,OHK,Oasis Hong Kong Airlines,Hong Kong,Y
,BCN,Ocean Air,Mauritania,Y
VC,VCX,Ocean Airlines,Italy,N
,OCS,Ocean Sky (UK),United Kingdom,N
,TUK,Ocean Wings Commuter Service,United States,N
O6,ONE,Oceanair,Brazil,Y
O2,,Oceanic Airlines,Guinea,Y
,ODS,Odessa Airlines,Ukraine,N
,ODY,Odyssey International,Canada,N
,FOC,Office Federal De'Aviation Civile,Switzerland,N
,GBO,Ogooue Air Cargo,Gabon,N
,OKJ,Okada Airlines,Nigeria,N
,OKP,Okapi Airways,Democratic Republic of Congo,N
,OKA,Okay Airways,China,N
,OKL,Oklahoma Department of Public Safety,United States,N
,OLX,Olimex Aerotaxi,Czech Republic,N
,KVK,Olimp Air,Kazakhstan,N
OA,OAL,Olympic Airlines,Greece,Y
,OLY,Olympic Aviation,Greece,N
WY,OMA,Oman Air,Oman,Y
,ORF,Oman Royal Flight,Oman,N
,OAV,Omni - Aviacao e Tecnologia,Portugal,N
OY,OAE,Omni Air International,United States,Y
,OMF,Omniflys,Mexico,N
N3,OMS,Omskavia Airline,Russia,N
,ORL,On Air Limited,Canada,N
,OTG,One Two Go Airlines,Thailand,Y
,OTM,Onetime Airlines Zambia,Zambia,N
,MED,Ontario Ministry of Health,Canada,N
8Q,OHY,Onur Air,Turkey,Y
,OPA,Opal Air,Australia,N
,OSA,Open Sky Aviation,Lebanon,N
,BOS,OpenSkies,United Kingdom,N
,ORR,Operadora Turistica Aurora,Mexico,N
,OLE,Operadora de Lineas Ejecutivas,Mexico,N
,OTP,Operadora de Transportes Aereos,Mexico,N
,OPV,Operadora de Veulos Ejectutivos,Mexico,N
,LLO,Operation Enduring Freedom,Canada,N
,OAX,Operational Aviation Services,Australia,N
,ORD,Orange Air Services,Sierra Leone,N
,ORJ,Orange Air Sierra Leone,Sierra Leone,N
,ORE,Orange Aviation,Israel,N
,ORX,Orbit Express Airlines,Turkey,N
,ORK,Orca Air,Egypt,N
,BUE,Orebro Aviation,Sweden,N
,ORM,Orel State Air Enterprise,Russia,N
R2,ORB,Orenburg Airlines,Russia,Y
,OTA,Organizacion De Transportes Aereos,Mexico,N
,OML,Organizacoes Mambra,Angola,N
,OVV,Orient Air,Syrian Arab Republic,N
,OTR,Orient Airlines,Sudan,N
,ORN,Orient Airways,Pakistan,N
OX,OEA,Orient Thai Airlines,Thailand,Y
,NGK,Oriental Air Bridge,Japan,N
,OAC,Oriental Airlines,Nigeria,N
QO,OGN,Origin Pacific Airways,New Zealand,Y
,OED,Orion Air Charter,South Africa,N
,OIX,Orion-x,Russia,N
,KOV,Orlan-2000,Kazakhstan,N
,RNG,Ornage Aircraft Leasing,Netherlands,N
,OAD,Orscom Tourist Installations Company,Egypt,N
,OSH,Osh Avia,Kyrgyzstan,N
,OCO,Ostend Air College,Belgium,N
OL,OLT,Ostfriesische Lufttransport,Germany,Y
,FNL,Oulun Tilauslento,Finland,N
ON,RON,Our Airline,Nauru,N
,OOT,Out Of The Blue Air Safaris,South Africa,N
OJ,OLA,Overland Airways,Nigeria,Y
,OXE,Oxaero,United Kingdom,N
,WDK,Oxford Air Services,United Kingdom,N
,OAA,Oxley Aviation,Australia,N
OZ,OZR,Ozark Air Lines,United States,N
O7,OZJ,Ozjet Airlines,Australia,Y
,KTL,P & P Floss Pick Manufacturers,South Africa,N
,PCR,PAC Air,United States,N
PV,PNR,PAN Air,Spain,Y
9Q,PBA,PB Air,Thailand,Y
,PDQ,PDQ Air Charter,United States,N
,XAS,PHH Aviation System,United States,N
,PDG,PLM Dollar Group,United Kingdom,N
PU,PUA,PLUNA,Uruguay,Y
U4,PMT,PMTair,Cambodia,Y
,PRP,PRT Aviation,Spain,N
,JIA,PSA Airlines,United States,N
,KST,PTL Luftfahrtunternehemen,Germany,N
,WIS,Paccair,United States,N
Y5,PCE,Pace Airlines,United States,N
,PAB,Pacific Air Boats,Canada,N
,PRC,Pacific Air Charter,United States,N
,PCF,Pacific Air Express,United States,N
,PXP,Pacific Air Transport,United States,N
BL,PIC,Jetstar Pacific,Vietnam,Y
,PAK,Pacific Alaska Airlines,United States,N
,PCV,Pacific Aviation (Australia),Australia,N
,PCX,Pacific Aviation (United States),United States,N
DJ,PBN,Pacific Blue,New Zealand,N
,PQA,Pacific Coast Airlines,United States,N
8P,PCO,Pacific Coastal Airline,Canada,Y
Q8,PEC,Pacific East Asia Cargo Airlines,Philippines,Y
,PFA,Pacific Flight Services,Singapore,N
,PIN,Pacific International Airlines,United States,N
,PSA,Pacific Island Aviation,United States,Y
,PCJ,Pacific Jet,United States,N
,PPM,Pacific Pearl Airways,Philippines,N
,PAR,Pacific Rim Airways,Australia,N
PS,PSX,Pacific Southwest Airlines,United States,N
LW,NMI,Pacific Wings,United States,Y
GX,,Pacificair,Philippines,N
,PFR,Pacificair Airlines,United States,N
,RCY,Package Express,United States,N
,PAE,Paisajes Espanoles,Spain,N
,PKW,Pak West Airlines,United States,N
PK,PIA,Pakistan International Airlines,Pakistan,Y
,PKR,Pakker Avio,Estonia,N
,LPA,Pal Aerolineas,Mexico,N
,PPC,Palau Asia Pacific Airlines,Palau,N
GP,PTP,Palau Trans Pacific Airline,Palau,N
PF,PNW,Palestinian Airlines,Egypt,N
,JSP,Palmer Aviation,United Kingdom,N
NR,PIR,Pamir Airways,Afghanistan,N
,PFN,Pan African Air Services,Sierra Leone,N
,ODM,Pan African Airways,Kenya,N
,PAX,Pan Air,United States,N
,XPA,Pan Am Weather Systems,United States,N
,PWD,Pan Am World Airways,Dominican Republic,N
PA,PAA,Pan American Airways,United States,N
PA,PAA,Pan American World Airways,United States,N
,PEA,Pan Europeenne Air Service,France,N
,PHT,Pan Havacilik Ve Ticaret,Turkey,N
,PMA,Pan Malaysian Air Transport,Malaysia,N
,PNC,Pan-Air,Mexico,N
PQ,PNF,Panafrican Airways,Ivory Coast,N
,PGI,Panagra Airways,United States,N
,PEI,Panamedia,Spain,N
,PVI,Panavia,Panama,N
,PNH,Panh,Russia,N
,PHU,Pannon Air Service,Hungary,N
,PNM,Panorama,Spain,N
,PAH,Panorama Air Tour,United States,N
,AFD,Panorama Flight Service,United States,N
P8,PTN,Pantanal Linhas Aéreas,Brazil,N
,HMP,Papair Terminal,Haiti,N
,PAI,Paradise Airways,United States,N
,PDI,Paradise Island Airways,United States,N
,PGX,Paragon Air Express,United States,N
,PGF,Paragon Global Flight Support,United Kingdom,N
,PRR,Paramount Airlines,Sierra Leone,N
I7,PMW,Paramount Airways,India,Y
,APE,Parcel Express,United States,N
,IRE,Pariz Air,Iran,N
,PRA,Pars Aviation Service,Iran,N
,PST,Parsa,Panama,N
,FAP,Parsons Airways Northern,Canada,N
,PSC,Pascan Aviation,Canada,N
,PTB,Passaredo Transportes Aereos,Brazil,Y
,PTC,Patria Cargas Aereas,Argentina,N
,BYT,Patriot Aviation Limited,United Kingdom,N
,ETL,Patterson Aviation Company,United States,N
,PHE,Pawan Hans,India,N
,IRP,Payam Air,Iran,N
,KGC,Peach Air,United Kingdom,N
,PRL,Pearl Air,Pakistan,N
,PBY,Pearl Air Services,Uganda,N
HP,HPA,Pearl Airways,Haiti,N
,PVU,Peau Vava%Gʻ%@u,Tonga,N
,PXA,Pecotox Air,Moldova,N
PC,PGT,Pegasus Airlines,Turkey,Y
,PEV,Pegasus Aviation,Greece,N
1I,,Pegasus Hava Tasimaciligi,Turkey,N
,HAK,Pegasus Helicopters,Norway,N
,PDF,Pelican Air Services,South Africa,N
,PEX,Pelican Express,United States,N
,PAS,Pelita Air Service,Indonesia,N
,PEM,Pem-Air,Canada,N
,PDY,Pen-Avia,United Kingdom,N
KS,PEN,Peninsula Airways,United States,Y
,PNE,Peninter Aerea,Mexico,N
,PCA,Penya De L'Aire,Spain,N
,CVT,Peran,Kazakhstan,N
,PCC,Perforadora Central,Mexico,N
,PAG,Perimeter Aviation,Canada,N
P9,PGP,Perm Airlines,Russia,N
,PPQ,Personas Y Pasquetes Por Air,Mexico,N
,FPR,Peruvian Air Force,Peru,N
,INP,Peruvian Navy,Peru,N
,PMX,Petroleos Mexicanos,Mexico,N
,PHM,Petroleum Helicopters,United States,N
,PHC,Petroleum Helicopters de Colombia,Colombia,N
,PTK,Petropavlovsk-Kamchatsk Air Enterprise,Russia,N
,PTY,Petty Transport,United States,N
,PHV,Phenix Aviation,France,N
,PMY,Phetchabun Airline,Thailand,N
PR,PAL,Philippine Airlines,Philippines,Y
,PHI,Philips Aviation Services,Netherlands,N
,BCH,Phillips Air,United States,N
,PDD,Phillips Alaska,United States,N
,PHL,Phillips Michigan City Flying Service,United States,N
,PHB,Phoebus Apollo Aviation,South Africa,N
,KZM,Phoebus Apolloa Zambia,Zambia,N
,PHA,Phoenix Air Group,United States,N
,PHN,Phoenix Air Lines,Brazil,N
,PAM,Phoenix Air Service,Germany,N
,PPG,Phoenix Air Transport,United States,N
,WDY,Phoenix Airline Services,United States,N
HP,,Phoenix Airways,Switzerland,N
,PHY,Phoenix Avia,Armenia,N
,PHG,Phoenix Aviation,Kyrgyzstan,N
,XPX,Phoenix Flight Operations,United States,N
9R,VAP,Phuket Air,Thailand,N
PI,PDT,Piedmont Airlines (1948-1989),United States,Y
,PCH,Pilatus Flugzeugwerke,Switzerland,N
,PLU,Pilatus PC-12 Center De Mexico,Mexico,N
,MKS,Pimichikamac Air,Canada,N
,PNP,Pineapple Air,Bahamas,N
,PIM,Pinframat,Angola,N
,PCL,Pinnacle Air Group,United States,N
9E,FLG,Pinnacle Airlines,United States,Y
,PIO,Pioneer Airlines,United States,N
,PER,Pioneers Limited,Pakistan,N
,PRN,Pirinair Express,Spain,N
,PLN,Planar,Angola,N
,PMS,Planemaster Services,United States,N
,PLZ,Planet Airways,United States,N
,PYZ,Players Air,United States,N
,LIB,Ploizeihubschrauberstaffel Hamburg,Germany,N
,PSF,Plymouth School of Flying,United Kingdom,N
,POC,Pocono Air Lines,United States,N
,PDA,Podilia-Avia,Ukraine,N
,PAZ,Point Afrique Niger,Niger,N
,RMI,Point Airlines,Nigeria,N
,PAW,Pointair Burkina,Burkina Faso,N
,PTS,Points of Call Airlines,Canada,N
PO,PAC,Polar Air Cargo,United States,N
,PMO,Polar Airlines de Mexico,Mexico,N
,PSR,Polestar Aviation,United Kingdom,N
,POT,Polet,Russia,Y
,POF,Police Aux Frontiers,France,N
,PLC,Police Aviation Services,United Kingdom,N
,PLF,Polish Air Force,Poland,N
,PNY,Polish Navy,Poland,N
,NRW,Polizeifliegerstaffel Nordrhein-Westfalen,Germany,N
,PPH,Polizeihibschrauberstaffel Neidersachsen,Germany,N
,PIK,Polizeihuberschrauberstaffel Sachsen-Anhalt,Germany,N
,SRP,Polizeihubschrafterstaffel Rheinland-Pfalz,Germany,N
,PBW,Polizeihubschrauberstaffel Baden-Wurtemberg,Germany,N
,EDL,Polizeihubschrauberstaffel Bayern,Germany,N
,PBB,Polizeihubschrauberstaffel Brandenburg,Germany,N
,PHH,Polizeihubschrauberstaffel Hessen,Germany,N
,PMV,Polizeihubschrauberstaffel Mecklenburg-Vorpommern,Germany,N
,PHS,Polizeihubschrauberstaffel Sachsen,Germany,N
,HBT,Polizeihubschrauberstaffel Thuringen,Germany,N
,CUK,Polo Aviation,United Kingdom,N
,PLA,Polynesian Air-Ways,United States,N
PH,PAO,Polynesian Airlines,Samoa,Y
DJ,PLB,Polynesian Blue,New Zealand,N
1U,,Polyot Sirena,Russia,N
,PND,Pond Air Express,United States,N
,PSI,Pont International Airline Services,Suriname,N
,PLX,Pool Aviation,United Kingdom,N
,PTQ,Port Townsend Airways,United States,N
,POR,Porteadora De Cosola,Mexico,N
PD,POE,Porter Airlines,Canada,Y
NI,PGA,Portugalia,Portugal,Y
,AFP,Portuguese Air Force,Portugal,N
,POA,Portuguese Army,Portugal,N
,PON,Portuguese Navy,Portugal,N
BK,PDC,Potomac Air,United States,Y
,PSN,Potosina Del Aire,Mexico,N
,PWL,Powell Air,Canada,N
,PFS,Prairie Flying Service,United States,N
,PWC,Pratt and Whitney Canada,Canada,N
PW,PRF,Precision Air,Tanzania,Y
,PRE,Precision Airlines,United States,N
,BAT,Premiair,Luxembourg,N
,PGL,Premiair Aviation Services,United Kingdom,N
,PME,Premiair Fliyng Club,United Kingdom,N
,EMI,Premium Air Shuttle,Nigeria,N
,PMU,Premium Aviation,Germany,N
,BFA,Presidence Du Faso,Burkina Faso,N
,ONM,Presidencia de La Republica de Guinea Ecuatorial,Equatorial Guinea,N
TO,PSD,President Airlines,Cambodia,N
,PRD,Presidential Aviation,United States,N
,PWA,Priester Aviation,United States,N
,PMM,Primair,Russia,N
FE,WCP,Primaris Airlines,United States,N
,PMC,Primas Courier,United States,N
,CRY,Primavia Limited,United Kingdom,N
,PRM,Prime Air,United States,N
,PKZ,Prime Aviation,Kazakhstan,N
,CME,Prince Edward Air,Canada,N
,PJP,Princely Jets,Pakistan,N
8Q,,Princess Air,,N
,PCN,Princeton Aviation Corporation,United States,N
,PRY,Priority Air Charter,United States,N
,PAT,Priority Air Transport,United States,N
,BCK,Priority Aviation Company,United States,N
,PTI,Privatair,Switzerland,Y
,PJE,Private Jet Expeditions,United States,N
,PJA,Private Jet Management,United States,N
8W,PWF,Private Wings Flugcharter,Germany,N
,PVG,Privilege Style L,Spain,N
,PRH,Pro Air,United States,N
,PSZ,Pro Air Service,United States,N
,GIY,Probiz Guinee,Guinea,N
,PAD,Professional Express Courier Service,United States,N
,PVL,Professione VOlare,Italy,N
P0,,Proflight Commuter Services,Zambia,Y
,PTT,Promotora Industria Totolapa,Mexico,N
,PRO,Propair,Canada,N
,PFZ,Propflight Air Services,Zambia,N
,PPA,Propheter Aviation,United States,N
,PTH,Proteus Helicopteres,France,N
,PTL,Providence Airline,United States,N
,AWD,Providence Aviation Services,Pakistan,N
,SPR,Provincial Airlines,Canada,N
,PRV,Provincial Express,Canada,N
,PSW,Pskovavia,Russia,N
,UDA,Psudiklat Perhubungan Udara/PLP,Indonesia,N
,PTA,Ptarmigan Airways,Canada,N
,PSP,Publiservicios Aereos,Mexico,N
,PUV,Publivoo,Portugal,N
,PNG,Puerto Rico National Guard,United States,N
,TXV,Puerto Vallarta Taxi Aereo,Mexico,N
,PGH,Pulkovo Aircraft Services,Russia,N
,PLY,Puma Linhas Aereas,Brazil,N
,PTV,Puntavia Air Services,Djibouti,N
,MGO,Punto Fa,Spain,N
,PYR,Pyramid Air Lines,Egypt,N
,QNT,Qanot Sharq,Uzbekistan,N
QF,QFA,Qantas,Australia,Y
,QAC,Qatar Air Cargo,Qatar,N
QR,QTR,Qatar Airways,Qatar,Y
,QAF,Qatar Amiri Flight,Qatar,N
,IRQ,Qeshm Air,Iran,N
,QTX,Quantex Environmental,Canada,N
,QUE,Quebec Government Air Service,Canada,N
,QNA,Queen Air,Dominican Republic,N
,LBQ,Quest Diagnostics,United States,N
,QAJ,Quick Air Jet Charter,Germany,N
,QAH,Quick Airways Holland,Netherlands,N
,QAS,Quisqueya Airlines,Haiti,N
,QAQ,Qurinea Air Service,Libya,N
,QCC,Qwest Commuter Corporation,United States,N
,QWA,Qwestair,Australia,N
,QWL,Qwila Air,South Africa,N
,RJT,RA Jet Aeroservicios,Mexico,N
R6,,RACSA,Guatemala,Y
,BKH,RAF Barkston Heath,United Kingdom,N
,CFN,Church Fenton Flying Training Unit,United Kingdom,N
,COH,Coltishall Flying Training Unit,United Kingdom,N
,CBY,Coningsby Flying Training Unit,United Kingdom,N
,COT,Cottesmore Flying Training Unit,United Kingdom,N
,CWL,Cranwell Flying Training Unit,United Kingdom,N
,KIN,Kinloss Flying Training Unit,United Kingdom,Y
,LEE,Leeming Flying Training Unit,United Kingdom,N
,LCS,RAF Leuchars,United Kingdom,N
,LOP,Linton-on-Ouse Flying Training Unit,United Kingdom,N
,LOS,Lossiemouth Flying Training Unit,United Kingdom,N
,MRH,Marham Flying Training Unit,United Kingdom,N
,NWO,Northwood Headquarters (RAF,United Kingdom,N
,SMZ,RAF Scampton,United Kingdom,N
,STN,RAF St Athan,UNited Kingdom,N
,SMG,RAF St Mawgan Search and Rescue,United Kingdom,N
,TOF,RAF Topcliffe Flying Training Unit,United Kingdom,N
,VYT,RAF Valley Flying Training Unit,United Kingdom,N
,VLL,RAF Valley SAR Training Unit,United Kingdom,N
,WAD,Waddington FTU,United Kingdom,N
,WIT,Wittering FTU,United Kingdom,N
,MTL,RAF-Avia,Latvia,N
,RKM,RAK Airways,United Arab Emirates,N
,RWL,RWL Luftfahrtgesellschaft,Germany,N
,RBB,Rabbit-Air,Switzerland,N
,ACE,Race Cargo Airlines,Ghana,N
,GBR,Rader Aviation,United States,N
1D,,Radixx Solutions International,United States,N
,RAJ,Raji Airlines,Pakistan,N
,RFA,Raleigh Flying Service,United States,N
,REX,Ram Air Freight,United States,N
,RMT,Ram Aircraft Corporation,United States,N
,PPK,Ramp 66,United States,N
,RGM,Rangemile Limited,United Kingdom,N
,MWR,Raslan Air Service,Egypt,N
,RAQ,Rath Aviaton,Austria,N
,CSM,Ratkhan Air,Kazakhstan,N
,RVR,Raven Air,United Kingdom,N
,RVN,Raven Air,United States,N
,REI,Ray Aviation,Israel,N
,RYT,Raya Jet,Jordan,N
,RTN,Raytheon Aircraft Company,United States,N
,RCJ,Raytheon Corporate Jets,United Kingdom,N
,KSS,Raytheon Travel Air,United States,N
,RCB,Real Aero Club De Baleares,Spain,N
,CDT,Real Aero Club de Reus-Costa Dorado,Spain,N
,RCD,Real Aeroclub De Ternerife,Spain,N
,RLV,Real Aviation,Ghana,N
,REB,Rebus,Bulgaria,N
,PSH,Red Aviation,United Kingdom,N
,RBN,Red Baron Aviation,United States,N
,DEV,Red Devils Parachute Display Team,United Kingdom,N
,RDV,Red Sea Aviation,Egypt,N
,RSV,Red Sky Ventures,Namibia,N
,STR,Red Star,United Arab Emirates,N
8L,RHC,Redhill Aviation,United Kingdom,N
,RAV,Reed Aviation,United Kingdom,N
,REF,Reef Air,New Zealand,N
V4,REK,Reem Air,Kyrgyzstan,N
,RVV,Reeve Aleutian Airways,United States,N
,RBH,Regal Bahamas International Airways,Bahamas,N
,RGY,Regency Airlines,United States,N
,RAH,Regent Air,Canada,N
,RAG,Regio Air,Germany,N
,RGR,Region Air,Canada,N
,TSH,Regional 1,Canada,N
,RIL,Regional Air,Mauritania,N
,REW,Regional Air Express,Germany,N
,RGL,Regional Air Lines,Morocco,N
,REG,Regional Air Services,Tanzania,N
FN,,Regional Airlines,Morocco,Y
ZL,RXA,Regional Express,Australia,Y
,JJM,Regional Geodata Air,Spain,N
3C,CEA,RegionsAir,United States,N
,REL,Reliance Aviation,United States,N
,RLT,Reliant Airlines,United States,N
,RTS,Relief Transport Services,United Kingdom,N
,RAN,Renan,Moldova,N
QQ,ROA,Reno Air,United States,N
,RGS,Renown Aviation,United States,N
RW,RPA,Republic Airlines,United States,Y
RH,RPH,Republic Express Airlines,Indonesia,Y
,RBC,Republicair,Mexico,N
,RST,Resort Air,United States,N
,RDS,Rhoades Aviation,United States,N
,RIU,Riau Airlines,Indonesia,N
,RIA,Rich International Airways,United States,N
,RVC,Richards Aviation,United States,N
,RIC,Richardson's Airway,United States,N
,RCA,Richland Aviation,United States,N
,HPR,Rick Lucas Helicopters,New Zealand,N
C7,RLE,Rico Linhas A,Brazil,N
,RID,Ridder Avia,Kazakhstan,N
,RAK,Riga Airclub,Latvia,N
,RAZ,Rijnmond Air Services,Netherland,N
,POL,Rikspolisstyrelsen,Sweden,N
,RIM,Rimrock Airlines,United States,N
,SKA,Rio Air Express,Brazil,N
,REO,Rio Airways,United States,N
E2,GRN,Rio Grande Air,United States,N
SL,RSL,Rio Sul Servi,Brazil,N
,RVM,River Ministries Air Charter,South Africa,N
,RGP,River State Government of Nigeria,Nigeria,N
,UNR,Rivne Universal Avia,Ukraine,N
,RDL,Roadair Lines,Canada,N
,RBT,Robinton Aero,Dominican Republic,N
,ROX,Roblex Aviation,United States,N
,RKW,Rockwell Collins Avionics,United States,N
,ROC,Rocky Mountain Airlines,Canada,N
,RMA,Rocky Mountain Airways,United States,N
,LIF,Rocky Mountain Holdings,United States,N
,RDZ,Rodze Air,Nigeria,N
,FAD,Rog-Air,Canada,N
,RRZ,Rollright Aviation,United Kingdom,N
,RRL,Rolls-Royce Limited,United Kingdom,N
,BTU,Rolls-Royce plc,United Kingdom,N
,ROF,Romanian Air Force,Romania,N
,RMV,Romavia,Romania,N
,RNS,Ronso,Mexico,N
,ROR,Roraima Airways,Guyana,N
,RNB,Rosneft-Baltika,Russia,N
,NRG,Ross Aviation,United States,N
,RFS,Rossair,Australia,N
,RSS,Rossair,South Africa,N
,ROS,Rossair Europe,Netherlands,N
R4,,Rossiya,Russia,Y
,RAL,Roswell Airlines,United States,N
GZ,RAR,Air Rarotonga,Cook Islands,Y
,RTR,Rotatur,Brazil,N
,RKT,Rotormotion,United Kingdom,N
,JCR,Rotterdam Jet Center,Netherlands,N
,ROV,Rover Airways International,United States,N
,VOS,Rovos Air,South Africa,N
,RCG,Royal Air Cargo,South Africa,N
RR,RFR,Royal Air Force,United Kingdom,N
RS,MJN,Royal Air Force of Oman,Oman,N
,ACW,Royal Air Force,United Kingdom,N
,RRR,Royal Air Force,United Kingdom,N
,RRF,Royal Air Force,United Kingdom,N
,SHF,Royal Air Force,United Kingdom,N
,RAX,Royal Air Freight,United States,N
AT,RAM,Royal Air Maroc,Morocco,Y
R0,RPK,Royal Airlines,Pakistan,N
,RLM,Royal American Airways,United States,N
V5,RYL,Royal Aruban Airline,Aruba,N
,ASY,Royal Australian Air Force,Australia,N
,RXP,Royal Aviation Express,Canada,N
,RYB,Royal Bahrain Airlines,Bahrain,N
BI,RBA,Royal Brunei Airlines,Brunei,Y
,KDR,Royal Daisy Airlines,Uganda,N
,RGA,Royal Ghanaian Airlines,Ghana,N
,ROJ,Royal Jet,United Arab Emirates,N
RJ,RJA,Royal Jordanian,Jordan,Y
,RJZ,Royal Jordanian Air Force,Jordan,N
RK,RKH,Royal Khmer Airlines,Cambodia,N
,RMF,Royal Malaysian Air Force,Malaysia,N
,NVY,Royal Navy,United Kingdom,N
RA,RNA,Royal Nepal Airlines,Nepal,Y
,NRN,Royal Netherland Navy,Netherlands,N
,NAF,Royal Netherlands Air Force,Netherlands,N
,KIW,Royal New Zealand Air Force,New Zealand,N
,NOW,Royal Norwegian Air Force,Norway,N
,ROP,Royal Oman Police,Oman,N
,PPW,Royal Phnom Penh Airways,Cambodia,Y
,RRA,Royal Rwanda Airlines,Rwanda,N
,RSF,Royal Saudi Air Force,Saudi Arabia,N
,RYS,Royal Sky,Thailand,N
,RSN,Royal Swazi National Airways,Swaziland,N
WR,HRH,Royal Tongan Airlines,Tonga,N
,RWE,Royal West Airlines,United States,N
,RSB,Rubystar,Belarus,N
,RMG,Rumugu Air & Space Nigeria,Nigeria,N
,RUR,Rusaero,Russia,N
,KLE,Rusaero,Russia,N
,CGI,Rusair JSAC,Russia,N
,RUH,Rusich-T,Russia,N
,RLU,Rusline,Russia,Y
,MIG,Russian Aircraft Corporation-MiG,Russia,N
,RFF,Russian Federation Air Force,Russia,N
P7,ESL,Russian Sky Airlines,Russia,N
,RUZ,Rusuertol,Russia,N
,RUC,Rutas Aereas,Venezuela,N
,RND,Rutland Aviation,United Kingdom,N
,RUA,Rwanda Airlines,Rwanda,N
,RWA,Rwanda Airways,Rwanda,N
WB,RWD,Rwandair Express,Rwanda,Y
,RCT,Ryan Air Service,United States,N
,RYA,Ryan Air Services,United States,Y
RD,RYN,Ryan International Airlines,United States,Y
FR,RYR,Ryanair,Ireland,Y
,RYZ,Ryazan State Air Enterprise,Russia,N
,RAA,Rynes Aviation,United States,N
YS,RAE,Régional,France,Y
,BDS,South Asian Airlines,Bangladesh,N
,BEC,State Air Company Berkut,Kazakhstan,N
S4,RZO,SATA International,Portugal,Y
SA,SAA,South African Airways,South Africa,Y
,SAB,Sky Way Air,Kyrgyzstan,N
,SAC,SASCO Airlines,Sudan,N
,SAF,Republic of Singapore Air Force,Singapore,N
,SAG,SOS Flygambulans,Sweden,N
,SAH,Sayakhat Airlines,Kazakhstan,N
NL,SAI,Shaheen Air International,Pakistan,Y
,SAJ,Golden Eagle Air Services (FAA),Canada,N
,SAK,Red Arrows Display Squadron,United Kingdom,N
,SAM,SAM Colombia,Colombia,N
,SAN,Servicios Aereos Nacionales (SAN),Ecuador,N
,SAO,Sahel Aviation Service,Mali,N
,ANX,Secretaria de Marina,Mexico,N
,SAQ,Springbank Aviation,Canada,N
SK,SAS,Scandinavian Airlines System,Sweden,Y
,SAV,Samal Air,Kazakhstan,N
,SAW,Sham Wing Airlines,Syrian Arab Republic,N
,SAX,Sabah Air,Malaysia,N
,SAY,ScotAirways,United Kingdom,Y
,SAZ,Swiss Air-Ambulance,Switzerland,N
,SBA,STA-MALI,Mali,N
,SBB,Steinman Aviation,United States,N
,SBF,Seven Bar Flying Service,United States,N
,SBG,Sabre Incorporated,United States,N
S7,SBI,S7 Airlines,Russia,Y
,SBL,Sobel Airlines of Ghana,Ghana,N
,SBM,Sky Bahamas,Bahamas,N
,SBO,Stabo Air,Zambia,N
,SBQ,Smithkline Beacham Clinical Labs,United States,N
,SBR,Saber Aviation,United States,N
BB,SBS,Seaborne Airlines,United States,Y
,SBU,Saint Barth Commuter,France,N
,URJ,Star Air,Pakistan,N
,SBZ,Scibe Airlift,Democratic Republic of the Congo,N
,AME,Spanish Air Force,Spain,N
,SCA,South Central Air,United States,N
,SCC,Seacoast Airlines,United States,N
,SCE,Scenic Airlines,United States,Y
,SCF,Socofer,Angola,N
,SCI,Servicios Aereos San Cristobal,Mexico,N
,SCK,Sky Cam,France,N
,SCL,Switfair Cargo,Canada,N
,SCN,South American Airlines,Peru,N
,AHI,Servicios Aereos de Chihuahua Aerochisa,Mexico,N
UL,ALK,SriLankan Airlines,Sri Lanka,Y
,CDL,Sunbird Airlines,United States,N
,SCP,Scorpio,Egypt,N
,SCR,Si-Chang Flying Service,Thailand,N
,SCS,South African Non Scheduled Airways,South Africa,N
,SCT,SAAB-Aircraft,Sweden,N
,SCV,Servicios Aereos Del Centro,Mexico,N
SY,SCX,Sun Country Airlines,United States,Y
,SDA,St. Andrews Airways,Canada,N
,SDB,Sukhoi Design Bureau Company,Russia,N
,SDC,Sunrise Airlines,United States,N
,SDD,Skymaster Air Taxi,United States,N
,SDF,Sundorph Aeronautical Corporation,United States,N
,SDH,Servicio De Helicopteros,Spain,N
,SDK,SADELCA - Sociedad Aerea Del Caqueta,Colombia,N
,SDL,Skydrift,United Kingdom,N
,SDN,Spirit of Africa Airlines,Sudan,N
,SDU,Sud Airlines,France,N
,SDV,Servicios Aereos Del Vaupes,Colombia,N
,SDX,Servicio Tecnico Aero De Mexico,Mexico,N
,SDZ,Sudan Pezetel for Aviation,Sudan,N
,SEA,Southeast Air,United States,Y
,SEB,Servicios Aereos Luce,Mexico,N
,SED,Sedona Air Center,United States,N
,SEE,Shaheen Air Cargo,Pakistan,N
G3,SEH,Sky Express,Greece,Y
SG,SEJ,Spicejet,India,Y
,SEK,Skyjet,Kazakhstan,N
,SEL,Sentel Corporation,United States,N
,SEO,Selcon Airlines,Nigeria,N
I6,SEQ,Sky Eyes,Thailand,N
,SES,Servicio Aereo Saltillo,Mexico,N
EH,SET,SAETA,Ecuador,N
,SEV,Serair Transworld Press,Spain,N
,SFA,SEFA,France,N
,SFC,Shuswap Flight Centre,Canada,N
,SFE,Sefofane Air Charters,South Africa,N
,SFF,Safewings Aviation Company,United States,N
,SFG,Sun Freight Logistics,Thailand,N
7G,SFJ,Star Flyer,Japan,Y
,SFL,Southflight Aviation,New Zealand,N
,SFN,Safiran Airlines,Iran,N
,SFP,Safe Air,Pakistan,N
FA,SFR,Safair,South Africa,N
,SFS,Southern Frontier Air Transport,Canada,N
,SFT,Skyfreight,United States,N
,SFU,Solent Flight,United Kingdom,N
,SFX,S.K. Logistics,United States,N
,SGB,Sky King,United States,N
,SGC,Southern Right Air Charter,South Africa,N
,SGD,Sky Gate International Aviation,Kyrgyzstan,N
,SGF,STAC Swiss Government Flights,Switzerland,N
,SGH,Servisair,United Kingdom,N
,SGI,Servicios Aereos Agricolas,Chile,N
,SGK,Skyward Aviation,Canada,N
,SGM,Sky Aircraft Service,Netherlands,N
,SGN,Siam GA,Thailand,N
,SGP,Sagolair Transportes Ejecutivos,Spain,N
,SGS,Saskatchewan Government Executive Air Service,Canada,N
,SGT,Skygate,Netherlands,N
,SGU,Samgau,Kazakhstan,N
,SGX,Saga Airlines,Turkey,N
N5,SGY,Skagway Air Service,United States,Y
,SHB,Shabair,Democratic Republic of the Congo,N
,SHC,Sky Harbor Air Service,United States,N
,SHD,Sahara Airlines,Algeria,Y
,SHE,Shell Aircraft,United Kingdom,N
,SHG,Shoprite Group,United Kingdom,N
,SHI,Seoul Air International,Republic of Korea,N
,SHJ,Sharjah Ruler's Flight,United Arab Emirates,N
,SHK,Shorouk Air,Egypt,N
,SHL,Samson Aviation,United Kingdom,N
,SHM,Sheltam Aviation,South Africa,N
,SHN,Shaheen Airport Services,Pakistan,N
,SHO,Sheremetyevo-Cargo,Russia,N
,SHP,Service Aerien Francais,France,N
,SHQ,Shanghai Airlines Cargo,China,N
,SHR,Shooter Air Courier,Canada,N
,SHS,Shura Air Transport Services,Ethiopia,N
,SHU,Sakhalinskie Aviatrassy (SAT),Russia,N
SP,SAT,SATA Air Acores,Portugal,Y
8S,,Scorpio Aviation,,N
,SHV,Shavano Air,United States,N
,SHW,Shawnee Airline,United States,N
,SHX,Slim Aviation Services,Nigeria,N
,SHY,Sky Airlines,Turkey,N
SQ,SIA,Singapore Airlines,Singapore,Y
5M,SIB,Sibaviatrans,Russia,Y
,SIE,Sierra Express,United States,N
SI,SIH,Skynet Airlines,Ireland,Y
,SIJ,Seco International,Japan,N
,SIL,Servicios Aeronauticos Integrales,Mexico,N
,SIM,Star Air,Sierra Leone,N
,SIO,Sirio,Italy,N
,SIR,Salair,United States,N
,SIS,Saber Airlines,Egypt,N
XS,SIT,SITA,Belgium,N
,SIV,Slovenian Armed Forces,Slovenia,N
,SIW,Sirio Executive,Italy,N
,SJA,Servicios Aereos Especiales De Jalisco,Mexico,N
,SJC,Servicios Ejecutivos Continental,Mexico,N
,SJE,Sunair 2001,South Africa,N
,SJJ,Spirit Aviation,United States,N
,SJL,Servicios Especiales Del Pacifico Jalisco,Mexico,N
,SJT,Swiss Jet,Switzerland,N
SJ,SJY,Sriwijaya Air,Indonesia,Y
ZS,SMY,Sama Airlines,Saudi Arabia,Y
,ALC,Southern Jersey Airways,ACOM,N
,SPS,SPASA,Spain,N
,SPT,Speed Aviation,Bangladesh,N
,SPU,Southeast Airmotive,United States,N
,SPV,Servicios Privados De Aviacion,Mexico,N
,SPW,Speedwings,Switzerland,N
,SPX,Service People Gesselschaft fur Charter und Service,Germany,N
,SQA,Slovak National Aeroclub,Slovakia,N
SQ,SQC,Singapore Airlines Cargo,Singapore,Y
,SQF,Slovak Air Force,Slovakia,N
,SQL,Servicos De Alquiler,Mexico,N
,SRA,Sair Aviation,Canada,N
,SRC,Searca,Colombia,N
FT,SRH,Siem Reap Airways,Cambodia,Y
SX,SRK,Sky Work Airlines,Switzerland,N
SM,SRL,Swedline Express,Sweden,N
,SRL,Servicios Aeronauticos Aero Personal,Mexico,N
,SRN,Sirair,Russia,N
,SRO,Servicios Aereos Ejecutivos Saereo,Ecuador,N
DG,SRQ,South East Asian Airlines,Philippines,Y
,SRR,Star Air,Denmark,N
,SRS,Selkirk Remote Sensing,Canada,N
,SRU,Star Up,Peru,N
,SRW,Sarit Airlines,Sudan,N
,SRX,Sierra Expressway Airlines,United States,N
,SRZ,Strato Air Services,South Africa,N
,SSB,Sasair,Canada,N
,SSC,Southern Seaplane,United States,N
,SSD,Star Service International,France,N
,SSE,Servicios Aereos Sunset,Mexico,N
,SSF,Severstal,Russia,N
,SSG,Slovak Government Flying Service,Slovakia,N
VD,BBB,SwedJet Airways,Sweden,N
,SSK,Skystar International,United States,N
,SSO,Special Scope Limited,United Kingdom,N
,SSP,Starspeed,United Kingdom,N
,SSQ,Sunstate Airlines,Australia,N
,SSS,SAESA,Spain,N
,SST,Sunwest Airlines,Canada,N
,SSU,SASCA,Venezuela,N
5G,SSV,Skyservice Airlines,Canada,Y
,SSW,Streamline Aviation,United Kingdom,N
,SSY,Sky Aviation,Sierra Leone,N
,SSZ,Specsavers Aviation,United Kingdom,N
,STA,Star Aviation,United Kingdom,N
,STB,Status-Alpha Airline,Ukraine,N
,STC,Stadium City Limited,United Kingdom,N
,STD,Servicios De Aerotransportacion De Aguascalientes,Mexico,N
,STE,Semitool Europe,United Kingdom,N
,STF,SFT-Sudanese Flight,Sudan,N
,STG,Sedalia,Boonville Stage Line,N
,STH,South-Airlines,Armenia,N
,STI,Sontair,Canada,N
,STJ,Sella Aviation,Netherlands,N
,STL,Stapleford Flight Centre,United Kingdom,N
,STO,Streamline Ops,Russia,N
,STQ,Star Air,Indonesia,N
FS,STU,Servicios de Transportes A,Argentina,Y
,STU,Star African Air,Somali Republic,N
,STV,Southern Aviation,Ghana,N
,STW,South West Air Corporation,Philippines,N
,STX,Stars Away Aviation,South Africa,N
,STY,Styrian Airways,Austria,N
,SUA,Silesia Air,Czech Republic,N
,SUB,Suburban Air Freight,United States,N
SD,SUD,Sudan Airways,Sudan,Y
PI,SUF,Sun Air (Fiji),Fiji,N
,SUG,Sunu Air,Senegal,N
,SUH,Sun Light,Kyrgyzstan,N
,SUI,Swiss Air Force,Switzerland,N
,SUK,Superior Aviation Services,Kenya,N
,SUM,State Unitary Air Enterprise,Russia,N
,SUR,Sun Air,Egypt,N
EZ,SUS,Sun Air of Scandinavia,Denmark,N
,SUT,Sistemas Aeronauuticos 2000,Mexico,N
,SUU,Star West Aviation,United States,N
,SUV,Sundance Air,Venezuela,N
SV,SVA,Saudi Arabian Airlines,Saudi Arabia,Y
,SVD,St. Vincent Grenadines Air (1990),Saint Vincent and the Grenadines,N
,SVF,Swedish Armed Forces,Sweden,N
,AWJ,Sahel Airlines,Niger,N
,SVH,Sterling Helicopters,United Kingdom,N
,SVI,Servicios De Transporte Aereo,Mexico,N
,APD,Sabre Pacific,Australia,N
,SVJ,Silver Air,Djibouti,N
,SVL,Sevastopol-Avia,Ukraine,N
,SVN,Savanair (Angola),Angola,N
,SVO,Servicios Aeronauticos De Oriente,Mexico,N
,SVS,Servicios Aereos Saar,Mexico,N
,SVT,Seven Four Eight Air Services,Luxembourg,N
,SVX,Security Aviation,United States,N
WN,SWA,Southwest Airlines,United States,Y
,SWB,Swissboogie Parapro,Switzerland,N
,SWC,South West Air,Canada,N
A4,SWD,Southern Winds Airlines,Argentina,Y
,SWE,Swedeways,Sweden,N
,ASL,Spurling Aviation,United States,N
WG,SWG,Sunwing Airlines,Canada,N
,SWI,Sunworld Airlines,United States,N
,SWJ,Stateswest Airlines,United States,N
,SWO,Surninam International Victory Airline,Suriname,N
,SWP,Star Work Sky,Italy,N
,SWQ,Swift Air (Interstate Equipment Leasing),United States,N
LX,SWR,Swiss International Air Lines,Switzerland,Y
SR,SWR,Swissair,Switzerland,Y
,SWS,Sunwest Aviation (Lindquist Investment),United States,N
,SWT,Swiftair,Spain,N
,SWU,Swiss European Air Lines,Switzerland,Y
WV,SWV,Swe Fly,Sweden,Y
S8,SWW,Shovkoviy Shlyah,Ukraine,N
,SWX,Swazi Express Airways,Swaziland,N
,SWY,Sky Jet,Switzerland,N
,SWZ,Servair,SWISSBIRD,N
,SXA,Southern Cross Aviation,United States,N
,SXC,Sky Exec Aviation Services,Nigeria,N
,SXE,Southeast Express Airlines,United States,N
,SXM,Servicios Aereos Sepecializados Mexicanos,Mexico,N
XQ,SXS,SunExpress,Turkey,Y
,SXT,Servicios De Taxi Aereo,Mexico,N
,SXX,Satellite Aero,United States,N
,SXY,Safari Express Cargo,Kenya,N
,SYA,Skyways,Argentina,N
,SYC,Systec 2000,United States,N
,SYE,Sheba Aviation,Yemen,N
,SYF,Sky One Express Airlines,United States,N
,SYG,Synergy Aviation,United Kingdom,N
,SYI,Sonalysts,United States,N
,SYJ,Slate Falls Airways,Canada,N
,SYK,Satsair,United States,N
,SYN,Syncrude Canada,Canada,N
RB,SYR,Syrian Arab Airlines,Syrian Arab Republic,Y
,SYS,Shawbury Flying Training Unit,United Kingdom,N
,SYV,Special Aviation Systems,United States,N
AL,SYX,Skywalk Airlines,United States,Y
ZP,AZQ,Silk Way Airlines,Azerbaijan,N
,SYY,South African Historic Flight,South Africa,N
,SZT,Servicios Aeronauticos Z,Mexico,N
,BHV,Specavia Air Company,Russia,N
,BLY,Starair,Ireland,N
,BNC,Sundance Air,United States,N
E5,BRZ,Samara Airlines,Russia,N
,BVV,Spark+ Joint-Stock Company,Russia,N
,CBN,Swedish Civil Aviation Administration,Sweden,N
SC,CDG,Shandong Airlines,China,Y
,CDS,Spectrem Air,South Africa,N
,CEE,Servicios Aereos Centrales,Mexico,N
,CFL,Swedish Airlines,Sweden,N
,CGL,Seagle Air,Slovakia,N
,CIG,Sirius-Aero,Russia,N
,CNK,Sunwest Home Aviation,Canada,N
,CNO,SAS Braathens,Norway,Y
9S,CQH,Spring Airlines,China,Y
3U,CSC,Sichuan Airlines,China,Y
FM,CSH,Shanghai Airlines,China,Y
,CSY,Shuangyang General Aviation,China,N
ZH,CSZ,Shenzhen Airlines,China,Y
8C,CXI,Shanxi Airlines,China,N
,DKT,Sioux Falls Aviation,United States,N
,DKY,Servicios Aereos Elite,Spain,N
,DNI,Servicios Aereos Denim,Mexico,N
,EAB,Swiss Eagle,Switzerland,N
,EAN,Skypower Express Airways,Nigeria,N
,ENR,Scenic Air,Namibia,N
7L,ERO,Sun D'Or,Israel,Y
NE,ESK,SkyEurope,Slovakia,Y
CQ,EXL,Sunshine Express Airlines,Australia,N
,EXY,South African Express,South Africa,N
,FFD,Stuttgarter Flugdienst,Germany,N
,FFH,Shalom Air Services,Nigeria,N
,FJE,Silverjet,United Kingdom,N
,FLH,Sky Bus,United States,N
,GAD,South Coast Aviation,United Kingdom,N
,GDE,Servicios Aereos Gadel,Mexico,N
,GDG,S.P. Aviation,United States,N
,GIK,Seba Airlines,Guinea,N
,GNA,Servicios Aereos Gana,Mexico,N
,GSW,Sky Wings Airlines,Greece,N
,GXL,Star XL German Airlines,Germany,N
,HAU,Skyhaul,Japan,N
,HIP,Starship,Mexico,N
,HJE,Servicios Ejecutivos Gosa,Mexico,N
SO,HKA,Superior Aviation,United States,N
,HLO,Samaritan Air Service,Canada,N
,HRI,Skyraidybos Mokymo Centras,Lithuania,N
,HSK,Sky Europe Airlines,Slovakia,Y
,HSV,Svenska Direktflyg,Sweden,N
,HSY,Sky Helicopteros,Spain,N
,IGA,Skytaxi,Poland,N
,IJS,Silvair,United States,N
,ILS,Servicios Aereos Ilsa,Mexico,N
,INK,Sincom-Avia,Ukraine,N
,IRV,Safat Airlines,Iran,N
,IRZ,Saha Airlines Services,Iran,N
,JAM,Sunline Express,Kenya,N
,JCM,Secure Air Charter,United States,N
,JIM,Sark International Airways,United Kingdom,N
JK,JKK,Spanair,Spain,Y
,KKS,Salem,Kazakhstan,N
,KOP,Servicios Aereos Copters,Chile,N
,KSP,Servicios Aereos Expecializados En Transportes Petroleros,Colombia,N
,KYB,Skybridge Airops,Italy,N
,KYR,Sky Aeronautical Services,Mexico,N
,LGU,Servicios Aereos Ejecutivos De La Laguna,Mexico,N
,LLA,Servico Leo Lopex,Mexico,N
,LLS,Servicios Aereos Estrella,Mexico,N
,LMG,South African Air Force,South Africa,N
,LMO,Sky Limo Corporation,United States,N
,LRS,SANSA,Costa Rica,N
,LSP,Spectrum Aviation Incorporated,United Kingdom,N
,MCG,SOS Helikoptern Gotland,Sweden,N
,MDT,Sundt Air,Norway,N
,MLO,Servicios Aereos Milenio,Mexico,N
,MMS,SAAD (A320) Limited,Cayman Islands,N
,MRI,Servicios Aereos Moritani,Mexico,N
2G,MRR,San Juan Airlines,United States,N
,MSG,Servico Aereo Regional,Mozambique,N
,MSP,Servicio De Viglancia Aerea Del Ministerio De Seguridad Publica,Costa Rica,N
,MTG,Servicios Aereos MTT,Mexico,N
1Z,,Sabre Pacific,Australia,N
1S,,Sabre,United States,N
1I,,Sierra Nevada Airlines,United States,N
1H,,Siren-Travel,Russia,N
1Q,,Sirena,Russia,N
1I,,Sky Trek International Airlines,,N
1K,,Southern Cross Distribution,Australia,N
1K,,Sutra,United States,N
2C,,SNCF,France,N
2S,,Star Equatorial Airlines,Guinea,N
,NAD,Seulawah Nad Air,Indonesia,N
,NAZ,Servicios Aereos del Nazas SA de CV,Mexico,N
,NCS,Simpson Air Ltd,Canada,N
NK,NKS,Spirit Airlines,United States,Y
,NON,Servicios Aereos Latinoamericanos,Mexico,N
,NRZ,Servicios Aereos Monarrez,Mexico,N
,NSC,Societe De Transport Aerien De Mauritanie,Mauritania,N
9R,NSE,SATENA,Colombia,Y
,NTB,Servicios Aereos Del Norte,Mexico,N
,NTG,Servicios Intergrales De Aviacion,Mexico,N
S0,OKS,Slok Air Gambia,Gambia,N
,OKT,Soko Aviation,Spain,N
,OLC,Solar Cargo,Venezuela,N
,OLO,Soloflight,United Kingdom,N
,ONG,Sonnig SA,Switzerland,N
SO,OSL,Sosoliso Airlines,Nigeria,N
,OSS,Servicios Aereos Noticiosos,Mexico,N
,OTL,South Airlines,Ukraine,N
,OZW,Skywest Airlines,Australia,Y
,PIV,Sokol,Russia,N
,PLT,South Carolina Aeronautics Commission,United States,N
,PMR,Servicios Aereos Premier,Mexico,N
,PNS,Survey Udara (Penas),Indonesia,N
,POB,Servicios Aereos Poblanos,Mexico,N
,PSV,Servicios Aereos Profesionales,Dominican Republic,N
,PTM,Southeastern Airways,United States,N
,PUR,Spurwing Airlines,South Africa,N
1I,PZR,Sky Trek International Airlines,United States,N
,RBW,Shandong Airlines Rainbow Jet,China,N
,REJ,SA Airlink Regional,South Africa,N
,RER,Servicio Aereo Regional Regair,Ecuador,N
,RFT,Scoala Superioara De Aviatie Civila,Romania,N
,RGC,Servicios Aereos Regiomontanos,Mexico,N
,RLS,S-Air,Russia,N
,RMP,Servicios De Rampa Y Mostrador,Mexico,N
,RSE,SNAS Aviation,Saudi Arabia,N
SX,SKB,Skybus Airlines,United States,N
,SKC,Skymaster Air Lines,United States,N
,SKD,Sky Harbor Air Service,United States,N
,SKE,Sky Tours,United States,N
,AZG,Sakaviaservice,Georgia,N
,SKF,Skycraft,United States,N
,SKG,Skycraft Air Transport,Canada,N
,SKI,Skyking,United Kingdom,N
RU,SKI,SkyKing Turks and Caicos Airways,Turks and Caicos Islands,N
,SKK,Skylink Aviation,Canada,N
,SKL,Skycharter (Malton),Canada,N
,SKN,Skyline Aviation Services,United States,N
,SKO,Scottish Airways Flyers,United Kingdom,N
,SKR,Skyscapes Air Charters,South Africa,N
,SKS,Sky Service,Belgium,N
S3,BBR,Santa Barbara Airlines,Venezuela,Y
,SKT,Skystar Airways,Thailand,N
H2,SKU,Sky Airline,Chile,Y
OO,SKW,SkyWest,United States,Y
JZ,SKX,Skyways Express,Sweden,Y
BC,SKY,Skymark Airlines,Japan,Y
,SKZ,Skyway Enterprises,United States,N
LJ,SLA,Sierra National Airlines,Sierra Leone,N
,SLB,Slok Air,Nigeria,N
,SLD,Silver Air,Czech Republic,N
,SLE,Streamline,South Africa,N
,SLF,Starfly,Italy,N
,SLG,Saskatchewan Government,Canada,N
,SLH,Silverhawk Aviation,United States,N
,AGE,Servicios Aereos de Los Angeles,Mexico,N
MI,SLK,SilkAir,Singapore,Y
6Q,SLL,Slovak Airlines,Slovakia,N
PY,SLM,Surinam Airways,Suriname,Y
,SLN,Sloane Aviation,United Kingdom,N
,SLP,Salpa Aviation,Sudan,N
,SLS,Servicios Aereos Slainte,Mexico,N
,SLV,Stella Aviation,Mauritania,N
,SLW,Salama Airlines Nigeria,Nigeria,N
,SLX,Sete Linhas Aereas,Brazil,N
,SLY,Sky Line for Air Services,Sudan,N
,SLZ,Super Luza,Angola,N
,SMA,SMA Airlines,Nigeria,N
,SMC,Sabang Merauke Raya Air Charter,Indonesia,N
,SMD,Servicios Aereos La Marquesa,Mexico,N
8D,,Servant Air,United States,N
,SME,Semos,Kazakhstan,N
,SMF,Smalandsflyg,Sweden,N
,SMH,Smithair,United States,N
,SMK,Semeyavia,Kazakhstan,N
,SML,Smith Air (1976),Canada,N
,SMM,Summit Airlines,United States,N
,SMQ,Samar Air,Tajikistan,N
,SMR,Somon Air,Tajikistan,N
,SMT,Skyline,Nigeria,N
,AOS,Servicios Aerecs Del Sol,AEROSOL,N
,SNA,Senator Aviation Charter,Germany,N
NB,SNB,Sterling Airlines,Denmark,Y
,SNE,Servicios Aereos De Nicaragua (SANSA),Nicaragua,N
,SNF,Shans Air,Russia,N
,SNH,Senair Services,Senegal,N
,SNI,Savanah Airlines,Nigeria,N
6J,SNJ,Skynet Asia Airways,Japan,Y
,SNK,Southeast Airlines (Sun Jet International),United States,N
,SNL,Soonair Lines,United States,N
,SNM,Servizi Aerei,Italy,N
,SNP,Sun Pacific International,United States,N
,SNQ,Sun Quest Executive Air Charter,United States,N
,SNS,Societe Centrafricaine De Transport Aerien,Central African Republic,N
,SNT,Suncoast Aviation,United States,N
,SNU,Snunit Aviation,Israel,N
,SNV,Sudanese States Aviation,Sudan,N
,SNW,Sun West Airlines,United States,N
,SNX,Sun Air Aviation Services,Canada,N
,SOB,Stabo Freight,Zambia,N
,SOC,Southern Cargo Air Lines,Russia,N
,SOH,Southern Ohio Aviation Sales,United States,N
,SOI,Southern Aviation,Zambia,N
IE,SOL,Solomon Airlines,Solomon Islands,Y
,SOM,Somali Airlines,Somali Republic,N
,SON,Sunshine Air Tours,United States,N
,SOO,Southern Air,United States,N
,SOP,Solinair,Slovenia,N
,SOR,Sonair Servico Aereo,Angola,N
,SOT,Southeast Correct Craft,United States,N
,SOU,Southern Airways,United States,Y
6W,SOV,Saratov Aviation Division,Russia,Y
,SOW,Sowind Air,Canada,N
,SOX,Solid Air,Netherland,N
HZ,SOZ,Sat Airlines,Kazakhstan,Y
,SPA,Sierra Pacific Airlines,United States,N
,SPB,Springbok Classic Air,South Africa,N
,SPC,Skyworld Airlines,United States,N
,SPE,Sprague Electric Company,United States,N
,SPF,Space World Airline,Nigeria,N
,SPG,Springdale Air Service,United States,N
,SPH,Sapphire Executive Air,South Africa,N
,SPI,South Pacific Island Airways,United States,Y
,SPL,Servicios Corporativos Aereos De La Laguna,Mexico,N
,SPN,Skorpion Air,Bulgaria,N
,SPP,Sapphire Aviation,United States,N
,SPQ,Servicios Aereos Palenque,Mexico,N
,TBS,Servicios Aereos Tribasa,Mexico,N
S5,TCF,Shuttle America,United States,Y
,TGT,SAAB Nyge Aero,Sweden,N
,THB,Spark Air,Thailand,N
,TIH,S C Ion Tiriac,Romania,N
,TRL,Starlite Aviation,South Africa,N
,TRN,Servicios Aereos Corporativos,Mauritania,N
,TTM,Societe Tout Tranport Mauritanien,Mauritania,N
,TZU,Servicios Aereos Tamazula,Mexico,N
,UGP,Shar Ink,Russia,N
,UKU,Second Sverdlovsk Air Enterprise,Russia,N
,UNT,Servicios Aereos Universitarios,Mexico,N
,USK,Skif-Air,Ukraine,N
,USN,Smarkand Aero Servise,Uzbekistan,N
,UZS,Samarkand Airways,Uzbekistan,N
,VDO,Servicios Aereos Avandaro,Mexico,N
,VGS,Stichting Vliegschool 16Hoven,Netherlands,N
,VRB,Silverback Cargo Freighters,Rwanda,N
,VRS,Sirvair,Mexico,N
DV,VSV,Scat Air,Kazakhstan,Y
,VXN,Sunset Aviation,United States,N
,WCC,Sport Air Travel,United States,N
,WFC,Swift Copters,Switzerland,N
,WLK,Skyrover CC,South Africa,N
,XLK,Safarilink Aviation,Kenya,N
,XMX,SENEAM,Mexico,N
,XPG,Southport Air Service,United States,N
,XSA,Spectrum Air Service,United States,N
,XSN,Stephenville Aviation Services,Canada,N
,XTA,Servicios Aereos Textra,Mexico,N
,XTR,Sector Airlines,Canada,N
,XXS,Skyplan Services,Canada,N
,YBE,Stewart Aviation Services,United States,N
R1,,Sirin,,N
S6,,Star Air,Denmark,N
,FYA,Servicios Aereos Integrales / Flyant,Spain,N
,UFA,State Flight Academy of Ukraine,Ukraine,N
,SWL,Trans Jet Airways,Sweden,N
,TAC,Turbot Air Cargo,Senegal,N
,TAD,Tranporte Aereo Dominicano,Dominican Republic,N
EQ,TAE,TAME,Ecuador,Y
,BAP,Trans International Express Aviation,United States,N
,TAG,TAG Aviation USA,United States,N
,TAL,Talair,Papua New Guinea,N
JJ,TAM,TAM Brazilian Airlines,Brazil,Y
,AUC,Transaustralian Air Express,Australia,N
TP,TAP,TAP Portugal,Portugal,Y
TU,TAR,Tunisair,Tunisia,Y
,TAU,Transportes Aereos Tauro,Mexico,N
,TAX,Travelair,Germany,N
3V,TAY,TNT Airways,Belgium,N
,TBA,Transbrasil,Brazil,N
,TBC,Turbine Air Cargo UK,United Kingdom,N
,TBD,Thunderbird Tours,Canada,N
M7,TBG,Tropical Airways,Haiti,N
,TBH,Trinity Air Bahamas,Bahamas,N
,TBI,TAB Express International,United States,N
,TBM,Taban Air Lines,Iran,N
,TBN,Teebah Airlines,Sierra Leone,N
,TBR,Tubelair,Tunisia,N
,TBX,Tobago Express,Trinidad and Tobago,N
,TCA,Tropican Air Services,Egypt,N
,TCB,Transporte del Caribe,Colombia,N
,TCC,Trans Continental Airlines,Sudan,N
,TCD,Tchad Airlines,Chad,N
,TCE,Trans-Colorado Airlines,United States,N
T2,TCG,Thai Air Cargo,Thailand,Y
,TCH,Transcontinental Air,Bahrain,N
,TCM,Teledyne Continental Motors,United States,N
,TCN,Trans Continental Airlines,United States,N
,TCP,Transcorp Airways,United Kingdom,N
,TCT,Transcontinental Sur,Uruguay,N
,TCU,Transglobal Airways Corporation,Philippines,N
FQ,TCW,Thomas Cook Airlines,Belgium,Y
MT,TCX,Thomas Cook Airlines,United Kingdom,Y
,TCY,Twin Cities Air Service,United States,N
,TDC,Tadair,Spain,N
,TDE,Tellavia / Flight One,United States,N
,TDI,Transportes Aereos de Ixtlan,Mexico,N
TQ,TDM,Tandem Aero,Moldova,N
,TDO,TRADO,Dominican Republic,N
,TDR,Trade Air,Croatia,N
,TDV,Taxi Aero Nacional Del Evora,Mexico,N
,TDX,Tradewinds Airlines,United States,N
,TEB,Tenir Airlines,Kyrgyzstan,N
L9,TLW,Teamline Air,Austria,N
,TEF,Tecnicas Fotograficas,Spain,N
,TEH,Tempelhof Airways,United States,N
,TEL,Telford Aviation,United States,N
,TEM,Tech-Mont Helicopter Company,Slovakia,N
,TEN,Tennessee Airways,United States,N
,TER,Territorial Airlines,United States,N
,TES,TAES Transportes Aereos de El Salvador,El Salvador,N
UE,TEP,Transeuropean Airlines,Russia,N
,TET,Tepavia-Trans Airlines,Moldova,N
,TFA,Trans-Florida Airlines,United States,N
,TFB,Tair Airways,Philippines,N
,TFF,Talon Air,United States,N
,AIM,Trabajos Aereos Murcianos,Spain,N
,TFH,Thai Flying Helicopter Service,Thailand,N
,TFI,Transport Facilitators,United States,N
,TFK,Transafrik International,Sao Tome and Principe,N
,TFO,Transportes Aereos del Pacifico,Mexico,N
,TFT,Thai Flying Service,Thailand,N
,SRF,Transportes Aereos San Rafael,Chile,N
,TFY,Tayside Aviation,United Kingdom,N
,TGC,TG Aviation,United Kingdom,N
,TGE,Trabajos Aereos,Spain,N
,TGI,Transportes Aereos Regionales,Mexico,N
,TGM,TAG Aviation Espana,Spain,N
,TGN,Trigana Air Service,Indonesia,Y
ZT,AWC,Titan Airways,United Kingdom,N
,TGO,Transport Canada,Canada,N
TR,TGW,Tiger Airways,Singapore,Y
TT,TGW,Tiger Airways Australia,Australia,Y
,TGX,Transair Gabon],Gabon,N
,TGY,Trans Guyana Airways,Guyana,N
TG,THA,Thai Airways International,Thailand,Y
,THC,Tar Heel Aviation,United States,N
,THE,Toumai Air Tchad,Chad,N
,THF,Touraine Helicoptere,France,N
,THG,Thai Global Airline,Thailand,N
,THJ,Thai Jet Intergroup,Thailand,N
,THK,Turk Hava Kurumu Hava Taksi Isletmesi,Turkey,Y
FD,AIQ,Thai AirAsia,Thailand,Y
,THO,TACA De Honduras,Honduras,N
,THR,Tehran Airline,Iran,N
,THU,Thunder Airlines,Canada,N
TK,THY,Turkish Airlines,Turkey,Y
,THZ,Trans Helicoptere Service,France,N
,TIA,Trans International Airlines,United States,N
,TIC,Travel International Air Charters,Zambia,N
,TIE,Time Air,Czech Republic,N
,TIK,Tic Air,Australia,N
,TIL,Tajikistan International Airlines,Tajikistan,Y
,TIM,TEAM Transportes Aereos,Brazil,N
,TIN,Taino Tours,Dominican Republic,N
,TIS,Tesis,Russia,N
,TIW,Transcarga Intl Airways,Venezuela,N
,TJK,Tajikair,Tajikistan,N
,TJN,Tien-Shan,Kazakhstan,N
,TJS,Tyrolean Jet Service,Austria,N
T7,TJT,Twin Jet,France,Y
,TKC,Tikal Jets Airlines,Guatemala,N
,TKE,Take Air Line,France,N
,TKX,Tropical International Airways,Saint Kitts and Nevis,N
9I,TKY,Thai Sky Airlines,Thailand,N
,TLA,Translift Airways,Ireland,Y
,TLF,Transport Africa,Sierra Leone,N
,TLL,Trans Atlantic Airlines,Sierra Leone,N
,TLO,Eagle Canyon Airlines,United States,N
TD,TLP,Tulip Air,Netherland,N
,TAJ,Tunisavia,Tunisia,N
,TLS,TLC Air,United States,N
,TLT,Turtle Airways,Fiji,N
,TLV,Travelair,Uruguay,N
,TLX,Telesis Transair,United States,N
,TLY,Top-Fly,Spain,N
TL,TMA,Trans Mediterranean Airlines,Lebanon,Y
,TMD,Transmed Airlines,Egypt,N
GY,TMG,Tri-MG Intra Asia Airlines,Indonesia,N
,TMH,Taxis Turisticos Marakame,Mexico,N
,TMI,Tamir Airways,Israel,N
,TMK,Tomahawk Airways,United States,N
,TML,TAM,Madagascar,N
,TMM,TMC Airlines,United States,N
,TMQ,TRAM,Mauritania,N
,TMR,Timberline Air,Canada,N
,TMS,Temsco Helicopters,United States,N
,TMT,Trans Midwest Airlines,United States,N
,TMX,Tramon Air,South Africa,N
,TMY,Transportes Aereos del Mundo Maya,Mexico,N
,TMZ,Tranporte Amazonair,Venezuela,N
,TNB,Trans Air-Benin,Benin,N
,TNE,Taxis Aereos del Noroeste,Mexico,N
,TNF,Transafricaine,Burkina Faso,N
,TNG,Tennessee Air National Guard 164th Airlift Group,United States,N
,TNI,Transair International Linhas Aereas,United States,N
,TNL,Tengeriyn Ulaach Shine,Mongolia,N
3P,TNM,Tiara Air,Aruba,Y
,TNP,Transped Aviation,Austria,N
,TNR,Tanana Air Services,United States,N
,TNT,Trans North Turbo Air,Canada,N
,TNV,Transnorthern,United States,N
,TNW,Trans Nation Airways,Ethiopia,N
,TNX,Trener Ltd,Hungary,N
,TNY,Twin Town Leasing Company,United States,N
7T,TOB,Tobruk Air,Libya,N
,TOJ,TOJ Airlines,Tajikistan,N
TI,TOL,Tol-Air Services,United States,N
BY,TOM,Thomsonfly,United Kingdom,Y
,TOP,Top Air,Turkey,N
,TOR,Toronto Airways,Canada,N
PM,TOS,Tropic Air,Belize,Y
,TOT,Totavia,Canada,N
FF,TOW,Tower Air,United States,N
,TOY,Toyota Canada,Canada,N
QT,TPA,TAMPA,Colombia,Y
,TPD,Top Speed,Austria,N
,TPF,Taxis Aereos del Pacifico,Mexico,N
,TPG,Transportes Aereos Pegaso,Mexico,N
,TPL,TAR Interpilot,Mauritania,N
,TPM,Transpais Aereo,Mexico,N
,TPN,Transportacion Aerea del Norte,Mexico,N
,TPP,Transpac Express,Australia,N
,TPR,Taxis Aereos De Parral,Mexico,N
,TPS,TAPSA Transportes Aereos Petroleros,Argentina,N
,TPT,Transportes Aereo del Sureste,Mexico,N
,TPU,Trans American Airlines (Trans Am),Peru,N
,TPV,Thai Pacific Airlines Business,Thailand,N
,TPX,Transportes Aereos De Xalapa,Mexico,N
,TPY,Trans-Provincial Airlines,Canada,N
,TPZ,Transportes La Paz,Mexico,N
,TQN,Taquan Air Services,United States,N
,TQR,Transportacion Aerea De Queretaro,Mexico,N
GE,TNA,TransAsia Airways,Taiwan,Y
HV,TRA,Transavia Holland,Netherlands,Y
,TRC,Trans Air Charter,United States,N
VR,TCV,TACV,Portugal,Y
,TRD,Trans Island Air,Barbados,N
,TRF,Taxi Air Fret,France,N
,TRG,TRAGSA (Medios Aereos),Spain,N
,TRJ,Trans Euro Air,United Kingdom,N
,TRM,Transport Aerien de Mauritanie,Mauritania,N
,TRO,Tropic Airlines-Air Molokai,United States,N
,TRQ,Turdus Airways,Netherland,N
,TRR,Tramson Limited,Sudan,N
,TRT,Trans Arabian Air Transport,Sudan,N
,TRU,Triangle Airline (Uganda),Uganda,N
,TRW,Transwestern Airlines of Utah,United States,N
,TRY,Tristar Airlines,United States,N
T9,TRZ,TransMeridian Airlines,United States,N
,TSA,Transair France,France,N
,TSD,TAF-Linhas Aereas,Brazil,N
TH,TSE,Transmile Air Services,Malaysia,N
,TSG,Trans-Air-Congo,Republic of the Congo,N
,TSI,Transport'air,France,N
S5,TSJ,Trast Aero,Kyrgyzstan,N
,TSK,Trast Aero,Kyrgyzstan,N
,TSL,Thai Aviation Services,Thailand,N
,SBT,Taftan Airlines,Iran,N
9T,ABS,Transwest Air,Canada,Y
,TSM,Trans Sayegh Airport Services,Lebanon,N
,TSN,Trans-Air Services,Nigeria,N
UN,TSO,Transaero Airlines,Russia,Y
,TSP,Transportes Aereos Inter,Guatemala,N
,TSR,Trans Service Airlift,Democratic Republic of Congo,N
,TSS,Tri-State Aero,United States,N
,TST,TRAST,Kazakhstan,N
,TSV,Tropair Airservices,United Kingdom,N
,TSW,Transwings,Switzerland,N
T9,TSX,Thai Star Airlines,Thailand,N
,TSY,Tristar Air,Egypt,N
,TTA,TTA - Sociedade de Transporte e Trabalho Aereo,Mozambique,N
,TTC,Transteco,Angola,N
,TTH,Tarhan Tower Airlines,Turkey,N
,TTL,Total Linhas Aereas,Brazil,N
,TTP,Triple O Aviation,Nigeria,N
,TTR,Transportaciones Y Servicios Aereos,Mexico,N
,TTS,Transporte Aereo Tecnico Ejecutivo,Mexico,N
T5,TUA,Turkmenistan Airlines,Turkmenistan,Y
,TUC,Turismo Aereo de Chile,Chile,N
UG,TUI,Tuninter,Tunisia,Y
,TUL,Tulpar Air,Russia,N
,TUM,Tyumenspecavia,Russia,N
,TUO,Taxi Aereo Turistico,Mexico,N
,TUX,Tulpar Air Service,Kazakhstan,N
,TUZ,Tuna Aero,Sweden,N
,TVA,Trans America Airlines,United States,N
,TVH,Trabajos Aereos Vascongados,Spain,N
,TVI,Tiramavia,Moldova,N
,TVL,Travel Service,Hungary,N
,TVO,Transavio,Italy,N
T6,TVR,Tavrey Airlines,Ukraine,N
QS,TVS,Travel Service,Czech Republic,Y
TW,TWA,Trans World Airlines,United States,N
,TWE,Transwede Airways,Sweden,N
,TWJ,Twinjet Aircraft Sales,United Kingdom,N
,TWL,Tradewinds Aviation,Canada,N
,TWM,Transairways,Mozambique,N
,TWO,Twente Airlines,Netherlands,N
,TWW,Trans Air Welwitchia,Angola,N
,TXA,Texair Charter,United States,N
AL,TXC,Transaviaexport,Belarus,N
,TXE,Transilvania Express,Romania,N
,TXL,Taxi Aereo Cozatl,Mexico,N
,TXM,Taxi Aereo de Mexico,Mexico,N
,TXN,Texas National Airlines,United States,N
,TXO,Taxis Aereos de Sinaloa,Mexico,N
,TXR,Taxirey,Mexico,N
,TXS,Texas Airlines,United States,N
,TXT,Texas Air Charters,United States,N
,TXZ,Tex Star Air Freight,United States,N
,TYF,Tayflite,United Kingdom,N
,TYG,Trygg-Flyg,Sweden,N
,TYW,Tyrol Air Ambulance,Austria,N
,TZE,Transporte Aereo Ernesto Saenz,Mexico,N
,TZK,Tajikstan,Tajikistan,N
,BLI,Thyssen Krupp AG,Germany,N
6B,BLX,TUIfly Nordic,Sweden,Y
,BOL,Transportes Aereos Bolivianos,Bolivia,N
,BOX,Tiphook PLC,United Kingdom,N
,CHE,Top Flight Air Service,United States,N
,CLR,Trans America,United States,N
,CLU,Triple Alpha,Germany,N
,CTP,Tashkent Aircraft Production Corporation,Uzbekistan,N
,CWT,Texas Airways,United States,N
,DCL,Transportes Aereos Don Carlos,Chile,N
,DOT,Telnic Limited,United Kingdom,N
,DRC,Triton Airlines,Canada,N
DT,DTA,TAAG Angola Airlines,Angola,Y
SF,DTH,Tassili Airlines,Algeria,N
,EAR,Transporte Ejecutivo Aereo,Mexico,N
,ELV,Transportes Aereos Nacionales De Selva Tans,Peru,N
,FBO,TAG Farnborough Airport,United Kingdom,N
,FNV,Transaviaservice,Georgia,N
,FPG,TAG Aviation,Switzerland,N
,GFN,The 955 Preservation Group,United Kingdom,N
,GJB,Trans-Air-Link,United States,N
,GPD,Tradewind Aviation,United States,N
,HBA,Trail Lake Flying Service,United States,N
,HET,TAF Helicopters,Spain,N
,HTO,Tango Bravo,France,N
,HVK,Turkish Air Force,Turkey,Y
,IHS,Thryluthjonustan,Iceland,N
,IRF,TA-Air Airline,Iran,N
,IRR,Tara Air Line,Iran,N
,JCH,Trading Air Cargo,Mauritania,N
,KCA,Trans-Kiev,Ukraine,N
,JEL,Tal Air Charters,Canada,N
,KRA,Transcontinental Airlines,Kazakhstan,N
,KTB,Transaviabaltika,Lithuania,N
,KTS,Transair-Gyraintiee,Russia,N
PZ,LAP,TAM Mercosur,Paraguay,Y
,LCC,The Lancair Company,United States,N
,LEG,The Army Aviation Heritage Foundation,United States,N
,LKW,Top Sky International,Indonesia,N
AX,LOF,Trans States Airlines,United States,Y
,LTA,Trans Atlantis,Canada,N
,MCT,Transportacion Aerea Del Mar De Cortes,Mexico,N
,MGM,Transporte Aero MGM,Mexico,N
,MOH,Tigerfly,United Kingdom,N
,MPO,Transportes Aereos Amparo,Mexico,N
,MUI,Trans Air,United States,N
,MXQ,Transportes Aereos Mexiquenses,Mexico,N
1E,,Travelsky Technology,China,N
2H,,Thalys,Belgium,N
,NTR,TNT International Aviation,United Kingdom,N
1L,OSY,Open Skies Consultative Commission,United States,N
,PCW,Trans-Pacific Orient Airways,Philippines,N
,PGS,Tauranga Aer Club,New Zealand,N
,PSS,TSSKB-Progress,Russia,N
,RBD,Trans World Express,United States,N
,REC,Trans Reco,Mauritania,N
,RMS,Tas Aviation,United States,N
RO,ROT,Tarom,Romania,Y
,ROU,Transportes Aereos I.R. Crusoe,Chile,N
,RRT,Transportes Aereos Sierra,Mexico,N
,RRY,Tbilisi Aviation University,Georgia,N
,RTM,Trans Am Compania,Ecuador,N
,SBJ,Trans Sahara Air,Nigeria,N
,SEI,Transportes Aereos Sierra Madre,Mexico,N
,SRT,Trans Asian Airlines,Kazakhstan,N
3T,URN,Turan Air,Azerbaijan,Y
8R,TIB,TRIP Linhas A,Brazil,Y
,USB,Tusheti,Georgia,N
,UTM,TAPC Aviatrans Aircompany,Uzbekistan,N
,UTN,Trans-Ulgii,Mongolia,N
,UTT,Transarabian Transportation Services,Uganda,N
,VEN,Transaven,Venezuela,N
,VIP,Tag Aviation UK,United Kingdom,N
,VNZ,Tbilaviamsheni,Georgia,N
,VRC,Taxi de Veracruz,Mexico,N
,XAR,Travel Express Aviation Services,Indonesia,N
,XNR,Taxi Aero Del Norte,Mexico,N
OF,,Transports et Travaux A,,N
,DOD,USAF Air Mobility Operations Control Center,United States,N
,DOI,U.S. Department of the Interior,United States,N
,EXM,United Kingdom Civil Aviation Authority,United Kingdom,N
,GIH,Union des Transports Africains de Guinee,Guinea,N
,GKA,US Army Parachute Team,United States,N
U5,GWY,USA3000 Airlines,United States,Y
,UAB,United Arabian Airlines,Sudan,N
UA,UAL,United Airlines,United States,Y
,UAC,United Air Charters,Zimbabwe,Y
,UCS,United Carriers Systems,United States,N
,UEA,United Eagle Airlines,China,N
U2,,United Feeder Service,United States,N
,CFU,United Kingdom Civil Aviation Authority,United Kingdom,N
,KRF,United Kingdom Royal VIP Flights,United Kingdom,N
,KRH,United Kingdom Royal VIP Flight,United Kingdom,N
,SDS,United Kingdom Civil Aviation Authority,United Kingdom,N
,TQF,United Kingdom Royal VIP Flights,United Kingdom,N
,CGX,United States Coast Guard Auxiliary,United States,N
,AGR,United States Department Of Agriculture,United States,N
,UAD,University Air Squadron,United Kingdom,N
,UAJ,University Air Squadron,United Kingdom,N
,UAA,University Air Squadron,United Kingdom,N
,UAH,University Air Squadron,United Kingdom,N
,HBU,Universal Avia,Ukraine,N
,HLE,UK HEMS,United Kingdom,N
U7,JUS,USA Jet Airlines,United States,N
,LEA,Unijet,France,N
,MSH,US Marshals Service,United States,N
,NDU,University of North Dakota,United States,N
,PNA,Universal Airlines,United States,N
,RAU,Uganda Royal Airways,Uganda,N
,SAU,United Aviation Services,Spain,N
U6,SVR,Ural Airlines,Russia,Y
,TRB,Ukraine Transavia,Ukraine,N
,UAF,United Arab Emirates Air Force,United Arab Emirates,N
,UAI,Union Africaine des Transports,Ivory Coast,N
,UCC,Uganda Air Cargo,Uganda,N
,UCH,US Airports Air Charter,United States,N
,UCO,Ucoaviacion,Spain,N
,UES,Ues-Avia Aircompany,Ukraine,N
,UFS,UFS,United States,N
,UGA,Uganda Airlines,Uganda,N
,UGC,Urgemer Canarias,Spain,N
,UHL,Ukrainian Helicopters,Ukraine,N
,UHS,Ulyanovsk Higher Civil Aviation School,Russia,N
,UJR,Universal Jet Rental de Mexico,Mexico,N
,UJT,Universal Jet Aviation,United States,N
,UKI,UK International Airlines,United Kingdom,N
,UKL,Ukraine Air Alliance,Ukraine,N
UF,UKM,UM Airlines,Ukraine,Y
,UKN,Ukraine Air Enterprise,Ukraine,N
,UKP,United Kingdom Home Office,United Kingdom,N
6Z,UKS,Ukrainian Cargo Airways,Ukraine,N
,ULT,Ultrair,United States,N
,UMS,Unitemp-M,Russia,N
,UNC,Uni-Fly,Denmark,N
,UNF,Union Flights,United States,N
,UNJ,Universal Jet,Spain,N
,UNS,Unsped Paket Servisi,Turkey,N
,UNU,Unifly Servizi Aerei,Italy,N
,UPL,Ukrainian Pilot School,Ukraine,N
5X,UPS,United Parcel Service,United States,N
,URV,Uraiavia,Russia,N
US,USA,US Airways,United States,Y
,USC,US Check Airlines,United States,N
,USF,USAfrica Airways,United States,N
,USH,US Helicopter,United States,Y
,USJ,US Jet,United States,N
,USX,US Express,United States,N
UT,UTA,UTair Aviation,Russia,Y
,UTG,UTAGE,Equatorial Guinea,N
,UTR,Utair South Africa,South Africa,N
,UTS,Ukrainian State Air Traffic Service Enterprise,Ukraine,N
,UTU,Urartu-Air,Armenia,N
,UVA,Universal Airways,United States,N
,UVG,Universal Airlines,Guyana,N
,UVM,Uvavemex,Mexico,N
,AIO,United States Air Force,United States,Y
,UVN,United Aviation,Kuwait,N
HY,UZB,Uzbekistan Airways,Uzbekistan,Y
PS,AUI,Ukraine International Airlines,Ukraine,Y
,WEC,Universal Airlines,United States,N
UH,,US Helicopter Corporation,United States,Y
VA,VAU,V Australia Airlines,Australia,N
,VBA,V Bird Airlines Netherlands,Netherlands,N
,WIW,V-avia Airline,Ukraine,N
,VBD,V-Berd-Avia,Armenia,N
,VAC,Vacationair,Canada,N
,RDW,Valair AG (Helicoptere),Switzerland,N
,VLA,Valan International Cargo Charter,South Africa,N
,VLN,Valan Limited,Moldova,N
,EHR,Valfell-Verkflug,Iceland,N
VF,VLU,Valuair,Singapore,Y
,VAA,Van Air Europe,Czech Republic,N
,VGC,Vanguardia en Aviacion en Colima,Mexico,N
,VGD,Vanguard Airlines,United States,N
,VFC,Vasco Air,Vietnam,Y
,VAG,Vega,Kazakhstan,N
,WGA,Vega Air Company,Ukraine,N
,WEL,Veles,VELES,N
,VTX,Verataxis,Mexico,N
,BTP,Veritair Ltd,United Kingdom,N
VC,VAL,Voyageur Airways,Canada,N
,GRV,Vernicos Aviation,Greece,N
VN,HVN,Vietnam Airlines,Vietnam,Y
,KWA,Vozdushnaya Academy,Kazakhstan,N
NN,MOV,VIM Airlines,Russia,Y
,MVY,VIM-Aviaservice,Russia,N
2R,,VIA Rail Canada,Canada,N
,ENV,Victoria Aviation,United Kingdom,N
,VCT,Viscount Air Service,United States,N
,SSI,Vision Airlines,Nigeria,N
,FXF,VIP Air Charter,United States,N
,PAV,VIP Avia,Kazakhstan,N
,PRX,VIP Avia,Latvia,N
,VAT,Visionair,Ireland,N
VA,,Viasa,Venezuela,N
,VCA,VICA - Viacao Charter Aereos,Brazil,N
,VCM,Volare Air Charter Company,United States,N
Y4,VOI,Volaris,Mexico,Y
VI,VDA,Volga-Dnepr Airlines,Russia,Y
,VEA,Vega Airlines,Bulgaria,N
,VEC,Venescar Internacional,Venezuela,N
,VEE,Victor Echo,Spain,N
,VEI,Virgin Express Ireland,Ireland,N
VX,VRD,Virgin America,United States,Y
,VES,Vieques Air Link,United States,N
TV,VEX,Virgin Express,Belgium,Y
,VFT,VZ Flights,Mexico,N
VK,VGN,Virgin Nigeria Airways,Nigeria,Y
,VGV,Vologda State Air Enterprise,Russia,N
,VHA,VH-Air Industrie,Angola,N
,VHM,VHM Schul-und-Charterflug,Germany,N
,VIB,Vibroair Flugservice,Germany,N
,VIC,VIP Servicios Aereos Ejecutivos,Mexico,N
,VIE,VIP Empresarial,Mexico,N
,VIF,VIF Luftahrt,Austria,N
,VIG,Vega Aviation,Sudan,N
,VIH,Vichi,Moldova,N
,VIK,Viking Airlines,Sweden,N
,VIN,Vinair - Helicoptereos,Portugal,N
VS,VIR,Virgin Atlantic Airways,United Kingdom,Y
,VJM,Viajes Ejecutivos Mexicanos,Mexico,N
,VJT,Vistajet,Canada,N
ZG,VVM,Viva Macau,Macao,Y
VE,VLE,Volare Airlines,Italy,Y
VY,VLG,Vueling Airlines,Spain,Y
XF,VLK,Vladivostok Air,Russia,Y
LC,VLO,Varig Log,Brazil,Y
,VLT,Vertical-T Air Company,Russia,N
,VMA,Vero Monmouth Airlines,United States,N
,VNK,Vipport Joint Stock Company,Russia,N
VM,VOA,Viaggio Air,Bulgaria,N
,VOG,Voyager Airlines,Bangladesh,N
VA,VOZ,Virgin Australia,Australia,Y
DJ,VBI,Virgin Blue,Australia,N
,VPA,VIP Air,Slovakia,N
,VPB,Veteran Air,Ukraine,N
,VPV,VIP-Avia,Georgia,N
,VRA,Vertair,United Kingdom,N
,VRE,Volare Airlines,Ukraine,N
,VRL,Voar Lda,Angola,N
RG,VRN,VRG Linhas Aereas,Brazil,Y
,VSB,Vickers Limited,United Kingdom,N
,VSG,Visig Operaciones Aereas,Spain,N
,VSN,Vision Airways Corporation,Canada,N
,VSO,Voronezh Aircraft Manufacturing Society,Russia,N
VP,VSP,VASP,Brazil,Y
,VSS,Virign Islands Seaplane Shuttle,United States,N
,VTC,Vuelos Especializados Tollocan,Mexico,N
,VTH,Vuelos Corporativos de Tehuacan,Mexico,N
,VTK,Vostok Airlines,Russia,N
,VTL,Victor Tagle Larrain,Chile,N
,VTV,Vointeh,Bulgaria,N
,VUR,Vuelos Internos Privados VIP,Ecuador,N
,VUS,Vuela Bus,Mexico,N
,VZL,Vzlyet,Russia,N
VG,VLM,VLM Airlines,Belgium,Y
,WCY,Viking Express,United States,N
,WEV,Victoria International Airways,Uganda,N
,WLG,Volga Aviaexpress,Russia,N
,WDL,WDL Aviation,Germany,N
,WRR,WRA Inc,United States,N
,XWS,WSI Corporation,United States,N
,CGG,Walmart Aviation,United States,N
,WAS,Walsten Air Services,Canada,N
,GOT,Walter I Linkoping,Sweden,N
,WPT,Wapiti Aviation,Canada,N
,WAV,Warbelow's Air Ventures,United States,N
,ATX,Warwickshire Aerocentre Ltd.,United Kingdom,N
,WSG,Wasaya Airways,Canada,N
7W,,Wayraper,Peru,Y
,WTC,Weasua Air Transport Company,Liberia,N
WJ,WEB,WebJet Linhas A,Brazil,Y
,TDB,Welch Aviation,United States,N
2W,WLC,Welcome Air,Austria,Y
,BLW,Wermlandsflyg AB,Sweden,N
,WCB,West Africa Airlines,Ghana,N
,WTF,West African Air Transport,Senegal,N
,WSF,West African Airlines,Benin,N
,WAC,West African Cargo Airlines,Mauritania,N
,WLX,West Air Luxembourg,Luxembourg,N
PT,SWN,West Air Sweden,Sweden,N
,WCW,West Caribbean Airways,Colombia,N
,WCR,West Caribbean Costa Rica,Costa Rica,N
8O,,West Coast Air,Canada,Y
,WCG,West Coast Airlines,Ghana,N
,WCA,West Coast Airways,Sierra Leone,N
,TEE,West Freugh DTEO,United Kingdom,N
,WEW,West Wind Aviation,Canada,N
WS,WJA,WestJet,Canada,Y
,WAA,Westair Aviation,Namibia,N
,WSC,Westair Cargo Airlines,Cote d'Ivoire,N
,PCM,Westair Industries,United States,N
,BLK,Westcoast Energy,Canada,N
,WST,Western Air,Bahamas,N
,NPC,Western Air Couriers,United States,N
,WAE,Western Air Express,United States,N
WA,WAL,Western Airlines,United States,Y
,WAL,Western Arctic Air,Canada,N
,WTV,Western Aviators,United States,N
,WES,Western Express Air Lines,Canada,N
,KMR,Western Pacific Airlines,United States,N
,WPA,Western Pacific Airservice,Solomon Islands,N
,WSL,Westflight Aviation,United Kingdom,N
,WSA,Westgates Airlines,United States,N
,WHE,Westland Helicopters,United Kingdom,N
,WTP,Westpoint Air,Canada,N
CN,WWD,Westward Airways,United States,N
,WHT,White,Portugal,N
,WEA,White Eagle Aviation,Poland,N
,WRA,White River Air Services,Canada,N
,WWL,Whyalla Airlines,Australia,N
WF,WIF,Widerøe,Norway,Y
,WIG,Wiggins Airways,United States,N
,WHS,Wiking Helikopter Service,Germany,N
,WFO,Wilbur's Flight Operations,United States,N
,WLS,Williams Air,United States,N
,WGP,Williams Grand Prix Engineering,United Kingdom,N
,WDA,Wimbi Dira Airways,Democratic Republic of Congo,N
,WNA,Winair,United States,N
IV,JET,Wind Jet,Italy,Y
,WSI,Wind Spirit Air,United States,N
,QGA,Windrose Air,Germany,N
,WIA,Windward Islands Airways International,Netherland,N
IW,WON,Wings Air,Indonesia,Y
,WAT,Wings Air Transport,Sudan,N
,WAW,Wings Airways,United States,N
,WOL,Wings Aviation,Guyana,N
,WEX,Wings Express,United States,N
K5,WAK,Wings of Alaska,United States,N
,WLB,Wings of Lebanon Aviation,Lebanon,N
,WIN,Winlink,Saint Lucia,N
,WAG,Wisconsin Air National Guard,United States,N
,WSM,Wisman Aviation,United States,N
W6,WZZ,Wizz Air,Hungary,Y
8Z,WVL,Wizz Air Hungary,Bulgaria,Y
,WNR,Wondair on Demand Aviation,Spain,N
,CWY,Woodgate Executive Air Charter,United Kingdom,N
WO,WOA,World Airways,United States,Y
,XWW,World Weatherwatch,Canada,N
,WWM,World Wing Aviation,Kyrgyzstan,N
1P,,Worldspan,United States,N
,CSW,Worldwide Air Charter Systems,Canada,N
,WWS,Worldwide Aviation Services,Pakistan,N
,WWI,Worldwide Jet Charter,United States,N
,WRT,Wright Air Lines,United States,N
8V,WRF,Wright Air Service,United States,N
,CWU,Wuhan Airlines,China,N
,WYC,Wycombe Air Centre,United Kingdom,N
,WYG,Wyoming Airlines,United States,N
SE,SEU,XL Airways France,France,Y
,XPS,XP Internation,Netherlands,N
,XAB,Xabre Aerolineas,Mexico,N
,XJC,Xclusive Jet Charter Limited,United Kingdom,N
,XER,Xerox Corporation,United States,N
MF,CXA,Xiamen Airlines,China,Y
,CXJ,Xinjiang Airlines,China,N
,XJT,Xjet Limited,United Kingdom,N
XP,CXP,Xtra Airways,United States,N
,AKY,Yak-Service,Russia,N
,YAK,Yakolev,Russia,N
YL,LLM,Yamal Airlines,Russia,Y
,CYG,Yana Airlines,Cambodia,N
Y8,YZR,Yangtze River Express,China,N
,ELW,Yellow Wings Air Services,Kenya,N
IY,IYE,Yemenia,Yemen,Y
,ERV,Yerevan-Avia,Armenia,N
,YFS,Young Flying Service,United States,N
,AYU,Yuhi Air Lines,Japan,N
,UGN,Yuzhnaya Aircompany,Kazakhstan,N
,UMK,Yuzhmashavia,Ukraine,Y
,RZV,Z-Avia,Armenia,N
,IZG,Zagros Airlines,Iran,N
,ZAI,Zaire Aero Service,Democratic Republic of Congo,N
,ZAR,Zairean Airlines,Democratic Republic of Congo,N
Q3,MBN,Zambian Airways,Zambia,N
,ZMA,Zambezi Airlines,Zambia,N
,TAN,Zanair,Tanzania,Y
,ZAN,Zantop International Airlines,United States,N
,ZAS,ZAS Airlines of Egypt,Egypt,N
,AZR,Zenith Air,South Africa,N
,EMR,Zenmour Airlines,Mauritania,N
,RZR,Zephyr Express,United States,N
,CJG,Zhejiang Airlines,China,N
,JTU,Zhetysu,Kazakhstan,N
,KZH,Zhez Air,Kazakhstan,N
,CFZ,Zhongfei General Aviation,China,N
,CYN,Zhongyuan Aviation,China,N
3J,WZP,Zip,Canada,N
C4,IMX,Zimex Aviation,Switzerland,N
Z4,OOM,Zoom Airlines,Canada,Y
,ZAW,Zoom Airways,Bangladesh,N
,ORZ,Zorex,Spain,N
,MLU,Zracno Pristaniste Mali Losinj,Croatia,N
,TYR,Tyrolean Airways,,Y
UK,BUZ,buzz,,N
8Q,,Maldivian Air Taxi,Maldives,Y
XW,SXR,Sky Express,Russia,Y
Y0,,Yellow Air Taxi,United States,N
VJ,RAC,Royal Air Cambodge,Cambodia,Y
6T,,Air Mandalay,Burma,Y
,4SW,TEA Switzerland,Switzerland,N
SH,,TAN-SAHSA,Honduras,N
BX,ABL,Air Busan,Republic of Korea,Y
TB,TUB,TUI Airlines Belgium,Belgium,N
,AKR,Arctic Air,Norway,N
BU,BRA,Braathens,Norway,N
GH,GLP,Globus,Russia,Y
9Y,KZK,Air Kazakhstan,Kazakhstan,Y
JD,JAS,Japan Air System,Japan,Y
ZQ,,Annsett New Zealand (NZA),New Zealand,N
DS,,EasyJet (DS),Switzerland,Y
,RTL,Rheintalflug,Austria,N
,DAN,Dan-Air London,United Kingdom,N
,FOF,Fred. Olsen,Norway,N
2I,,Star Peru (2I),Peru,Y
,RHA,Robin Hood Aviation,Austria,N
KW,,Carnival Air Lines,United States,Y
4H,UBD,United Airways,Bangladesh,Y
,IEA,Inter European Airways,United Kingdom,N
M8,TMW,Trans Maldivian Airways,Maldives,N
5H,FFV,Fly540,Kenya,Y
TO,TVF,Transavia France,France,Y
WP,MKU,Island Air (WP),United States,Y
OG,,1-2-go,Thailand,N
B7,UIA,Uni Air,Taiwan,Y
YD,,Gomelavia,Belarus,Y
,NWS,NordWind Airlines,Russia,N
WZ,RWZ,Red Wings,Russia,Y
,HST,Hellenic Star Airways,Greece,N
,BAZ,BAE Systems Flight Training,Australia,N
11,,TUIfly (X3),Germany,Y
FU,FXX,Felix Airways,Yemen,Y
K1,KOQ,Kostromskie avialinii,Russia,Y
XX,GFY,Greenfly,Spain,Y
7J,,Tajik Air,Tajikistan,Y
TM,,Air Mozambique,Mozambique,Y
--,ELK,ELK Airways,Estonia,Y
GY,GBK,Gabon Airlines,Gabon,Y
,MCA,MCA Airlines,Sweden,Y
ML,MAV,Maldivo Airlines,Maldives,Y
VH,VNP,Virgin Pacific,Fiji,Y
Z2,,Zest Air,Philippines,Y
HK,,Yangon Airways,Burma,Y
IJ,,Transport Aérien Transrégional,France,N
,LIO,LÍO Flugmennt,Iceland,N
N4,,Minerva Airlines,Italy,N
ZE,ESR,Eastar Jet,South Korea,Y
LJ,JNA,Jin Air,South Korea,Y
,KW1,Wataniya Airways,Kuwait,Y
SH,,Aéris (Priv),France,N
3O,,Air Arabia Maroc,Morocco,Y
B1,BA1,Baltic Air lines,Latvia,Y
YC,YCC,Ciel Canadien,Canada,Y
CN,YCP,Canadian National Airways,Canada,Y
FA,4AA,Epic Holiday,United States,Y
,AXC,Indochina Airlines,Vietnam,Y
,JWW,JetWind,United States,N
3I,,Air Comet Chile,Chile,Y
,FLB,German Air Force - FLB,Germany,Y
,CIP,City-Air Germany,Germany,N
DN,,Voronezhskie Airlanes,Russia,N
L8,LBL,Line Blue,Germany,Y
,LLC,FlyLAL Charters,Lithuania,Y
BU,BKY,Blue Sky America,United States,N
XS,TXP,Texas Spirit,United States,N
IL,ILW,Illinois Airways,United States,N
SZ,,Salzburg arrows,Austria,Y
TQ,TXW,Texas Wings,United States,Y
KT,CWS,California Western,United States,N
DH,DSY,Dennis Sky,Israel,Y
ZZ,,Zz,Belgium,Y
A1,A1F,Atifly,United States,Y
UK,,Air UK,United Kingdom,N
CB,,Suckling Airways,United Kingdom,N
RY,,Reno Sky,United States,N
,SZB,Aerolineas heredas santa maria,Dominican Republic,Y
99,,Ciao Air,Italy,Y
,JRB,Jc royal.britannica,United Kingdom,Y
VB,,Birmingham European,United Kingdom,N
5P,,Pal airlines,Chile,Y
C1,CA1,CanXpress,Canada,Y
V5,,Danube Wings (V5),Slovakia,Y
SH,SHA,Sharp Airlines,Australia,Y
C2,CAP,CanXplorer,Canada,Y
QA,,Click (Mexicana),Mexico,Y
W1,WE1,World Experience Airline,Canada,Y
J4,,ALAK,Russia,Y
E9,,AJT Air International,Russia,N
3E,,Air Choice One,United States,Y
,GCR,Tianjin Airlines,China,Y
KN,,China United,China,Y
ZQ,LOC,Locair,United States,Y
4Q,,Safi Airlines,Afghanistan,Y
K5,SQH,SeaPort Airlines,United States,Y
S6,,Salmon Air,United States,Y
IL,ILY,Fly Illi,United States,N
01,,Bobb Air Freight,Germany,Y
V9,HCW,Star1 Airlines,Lithuania,Y
6D,,Pelita,Indonesia,Y
E8,,Alpi Eagles (E8),Italy,N
J5,,Alaska Seaplane Service,United States,Y
T8,,TAN,Argentina,N
,ENJ,Enerjet,Canada,Y
I6,MXI,MexicanaLink,Mexico,Y
IP,ISX,Island Spirit,Iceland,Y
T0,,TACA Peru,Peru,Y
,OBS,Orbest,Portugal,Y
,SOA,Southern Air Charter,Bahamas,Y
,SVG,SVG Air,Saint Vincent and the Grenadines,Y
,CEY,Air Century,Dominican Republic,Y
7Q,,Pan Am World Airways Dominicana,Dominican Republic,Y
PF,,Primera Air,Iceland,Y
3S,,Air Antilles Express,Guadeloupe,Y
,OLS,Sol Lineas Aereas,Argentina,Y
P7,REP,Regional Paraguaya,Paraguay,Y
V6,,VIP Ecuador,Ecuador,Y
,NDN,Transportes Aereos Cielos Andinos,Peru,Y
P9,,Peruvian Airlines,Peru,Y
,EFY,EasyFly,Colombia,Y
OC,,Catovair,Mauritius,Y
,ANU,Andalus Lineas Aereas,Spain,Y
,DCD,Air 26,Angola,Y
,MTW,Mauritania Airways,Mauritania,Y
,CEL,CEIBA Intercontinental,Equatorial Guinea,Y
7Z,,Halcyonair,Cape Verde,Y
4P,,Business Aviation,Congo (Kinshasa),Y
E9,,Compagnie Africaine d\\'Aviation,Congo (Kinshasa),Y
K8,,Zambia Skyways,Zambia,Y
UJ,LMU,AlMasria Universal Airlines,Egypt,Y
,MSE,EgyptAir Express,Egypt,Y
6Y,,SmartLynx Airlines,Latvia,Y
,EUD,Air Italy Egypt,Egypt,Y
K7,KBR,KoralBlue Airlines,Egypt,Y
,WRC,Wind Rose Aviation,Ukraine,Y
E4,GIE,Elysian Airlines,Cameroon,Y
,SEN,Sevenair,Tunisia,Y
HT,IMP,Hellenic Imperial Airways,Greece,Y
WD,AAN,Amsterdam Airlines,Netherlands,Y
Q9,NAK,Arik Niger,Niger,Y
DA,,Dana Air,Nigeria,Y
8F,STP,STP Airways,Sao Tome and Principe,Y
7Y,,Med Airways,Lebanon,Y
UQ,SJU,Skyjet Airlines,Uganda,Y
G6,,Air Volga,Russia,Y
,TDK,Transavia Denmark,Denmark,Y
RL,RFJ,Royal Falcon,Jordan,Y
4L,MJX,Euroline,Georgia,Y
WG,WGC,Worldways,Canada,N
,TRK,Turkuaz Airlines,Turkey,Y
ZF,,Athens Airways,Greece,Y
VQ,VKH,Viking Hellas,Greece,Y
,FNA,Norlandair,Iceland,Y
,FVM,Flugfelag Vestmannaeyja,Iceland,Y
DZ,,Starline.kz,Kazakhstan,Y
EH,EHM,Euro Harmony,Portugal,N
L7,,Lugansk Airlines,Ukraine,Y
6P,,Gryphon Airlines,United States,Y
GP,GDR,Gadair European Airlines,Spain,Y
SM,MNP,Spirit of Manila Airlines,Philippines,Y
OQ,CQN,Chongqing Airlines,China,Y
,GDC,Grand China Air,China,Y
PN,CHB,West Air China,China,Y
IH,,Falcon Air (IH),Sweden,N
C3,QAX,QatXpress,Qatar,Y
1C,1CH,OneChina,China,Y
Y7,,NordStar Airlines,Russia,Y
JR,JOY,Joy Air,China,Y
CD,,Air India Regional,India,Y
9H,,MDLR Airlines,India,Y
,JGN,Jagson Airlines,India,Y
Q2,,Maldivian,Maldives,Y
XN,,Xpressair,Indonesia,Y
VC,,Strategic Airlines,Australia,Y
,QFZ,Fars Air Qeshm,Iran,Y
,EAA,Eastok Avia,Kyrgyzstan,Y
,JPU,Jupiter Airlines,United Arab Emirates,Y
,VIS,Vision Air International,Pakistan,Y
JH,,Fuji Dream Airlines,Japan,Y
,KEA,Korea Express Air,South Korea,Y
,EZA,Eznis Airways,Mongolia,Y
,PFL,Pacific Flier,Palau,Y
,PSB,Syrian Pearl Airlines,Syria,Y
5E,,SGA Airlines,Thailand,Y
F8,,Air2there,New Zealand,Y
AO,,Avianova (Russia),Russia,Y
PA,IPV,Parmiss Airlines (IPV),Iran,Y
ES,EUV,EuropeSky,Germany,Y
GB,BZE,BRAZIL AIR,Brazil,Y
MR,OME,Homer Air,Germany,Y
GM,===,Flitestar,South Africa,N
WQ,PQW,PanAm World Airways,United States,Y
YY,VWA,Virginwings,Germany,Y
KY,KSY,KSY,Greece,Y
BQ,BQB,Buquebus Líneas Aéreas,Uruguay,Y
CQ,KOL,SOCHI AIR,Russia,Y
WU,WAU,Wizz Air Ukraine,Ukraine,Y
47,VVN,88,Cyprus,Y
LQ,LMM,LCM AIRLINES,Russia,Y
BZ,BZL,Aero Brazil,Brazil,N
K6,,Cambodia Angkor Air (K6),Cambodia,Y
D5,,Skyline nepc,India,N
H3,T33,THREE,China,N
69,,Royal European Airlines,United Kingdom,Y
AD,AZU,Azul,Brazil,Y
PQ,LOO,LSM Airlines,Russia,Y
,PZY,Zapolyarie Airlines,Russia,Y
,FN1,Finlandian,Finland,Y
C4,LIX,LionXpress,Cameroon,Y
X1,,Nik Airways,Saudi Arabia,N
GK,,Genesis,Pakistan,Y
XZ,,Congo Express,Congo (Kinshasa),Y
FZ,FDB,Fly Dubai,United Arab Emirates,Y
D1,MDO,Domenican Airlines,Dominican Republic,Y
,2CO,ConneX European Airline,Austria,Y
9A,,Air Atlantic,Canada,N
CR,,Air Ops,Sweden,N
JY,AXZ,Aereonautica militare,Italy,Y
,KLS,Kal Star Aviation,Indonesia,Y
YZ,YZZ,LSM AIRLINES,Russia,Y
YP,AEF,Aero Lloyd (YP),Germany,N
UR,,UTair-Express,Russia,Y
G5,,Huaxia,China,Y
ZP,ZZZ,Zabaykalskii Airlines,Russia,Y
,XBM,CBM America,United States,Y
M4,1QA,Marysya Airlines,Russia,Y
N1,,N1,Peru,Y
4Z,,Airlink (SAA),South Africa,Y
,WFX,Westfalia Express VA,Germany,Y
3B,,JobAir,Czech Republic,Y
OD,ULA,Zuliana de Aviacion,Venezuela,N
BZ,BSA,Black Stallion Airways,United States,Y
GM,GER,German International Air Lines,Germany,Y
TB,TBZ,TrasBrasil,Brazil,Y
TH,THS,TransBrasil Airlines,Brazil,Y
9C,,China SSS,China,Y
NJ,,Nihon.jet,Japan,N
,IIA,AIR INDOCHINE,Vietnam,Y
TJ,,Transportes Aéreos Nacionales de Selva,Peru,N
,HPY,Happy Air,Thailand,Y
,SRB,Solar Air,Thailand,Y
P8,MKG,Air Mekong,Vietnam,Y
H3,,Harbour Air (Priv),Canada,Y
HH,AHO,Air Hamburg (AHO),Germany,Y
Z6,ZTT,ZABAIKAL AIRLINES,Russia,Y
TI,THI,TransHolding,Brazil,Y
,SZZ,SUR Lineas Aereas,Argentina,Y
,AA1,Aerolineas Africanas,Guinea,Y
YT,,Yeti Airways,Nepal,Y
,GEG,Georgian Airlines,Georgia,N
Y1,,Yellowstone Club Private Shuttle,United States,Y
NS,,Caucasus Airlines,Georgia,Y
S1,SA1,Serbian Airlines,Serbia,Y
WM,,Windward Islands Airways,Netherlands Antilles,Y
YO,TYS,TransHolding System,Brazil,Y
CB,CCC,CCML Airlines,Colombia,Y
SF,,Air Charter International,France,N
,ELC,Small Planet Airlines,Lithuania,Y
F1,FBL,Fly Brasil,Brazil,Y
,AUK,AUOS,United Kingdom,N
1F,CIF,CB Airways UK ( Interliging Flights ),United Kingdom,Y
3F,3FF,Fly Colombia ( Interliging Flights ),Colombia,Y
T6,TP6,Trans Pas Air,United States,Y
HC,HYM,Himalayan Airlines,Nepal,Y
G1,IG1,Indya Airline Group,India,Y
WG,,Sunwing,Canada,Y
,TWD,Turkish Wings Domestic,Turkey,Y
ZX,ZXY,Japan Regio,Japan,Y
,IXO,OCEAN AIR CARGO,India,Y
N0,,Norte Lineas Aereas,Argentina,Y
W7,,Austral Brasil,Brazil,Y
H9,,PEGASUS AIRLINES-,Turkey,Y
IJ,,AirLiberté,France,N
,NX1,Nihon.jet connect,Kyrgyzstan,Y
QC,,Camair-co,Cameroon,Y
N6,,Aerocontinente (Priv),Peru,N
RS,SKV,Sky Regional,Canada,Y
YI,,TUR Avrupa Hava YollarÄ±,Turkey,N
,CRZ,Cruzeiro do Sul Servicos Aereos,Brazil,N
II,UWW,LSM International,Russia,Y
BU,BUU,Baikotovitchestrian Airlines,American Samoa,Y
L4,LJJ,Luchsh Airlines,Russia,Y
,QQQ,ENTERair,Poland,Y
Z7,,Zimbabwean Airlines,Zimbabwe,N
6U,,Air Cargo Germany,Germany,Y
7M,ZTF,Mongolian International Air Lines,Mongolia,Y
2D,,Alaniya Airlines,Russia,N
TW,TWB,Tway Airlines,South Korea,Y
HI,,Papillon Grand Canyon Helicopters,United States,Y
JX,JSR,Jusur airways,Egypt,Y
XB,NXB,NEXT Brasil,Brazil,Y
W4,WER,AeroWorld,Russia,Y
KH,,Cook Island Air,Cook Islands,N
E8,,US Africa Airways,United States,N
GN,,GNB Linhas Aereas,Brazil,Y
E1,ES2,Usa Sky Cargo,United States,Y
HN,HNX,Hankook Airline,South Korea,Y
RR,,Red Jet America,United States,N
Z7,,REDjet,Barbados,Y
1H,HEY,Hellenic Airways,Greece,N
PT,,Red Jet Andes,Peru,Y
QY,,Red Jet Canada,Canada,Y
,SRN,Sprintair,Poland,Y
4X,,Red Jet Mexico,Mexico,Y
Y8,MRS,Marusya Airways,Russia,Y
7H,ERR,Era Alaska,United States,Y
R8,RRJ,AirRussia,Russia,Y
H1,HA1,Hankook Air US,United States,Y
D5,,NEPC Airlines,India,N
10,CNN,Canadian World,Canada,N
,PHJ,Pim Air,Netherlands,N
,SMW,Carpatair Flight Training,Romania,Y
H5,RSY,I-Fly,Russia,Y
IJ,,T.A.T,France,N
,CFP,Compania de Aviacion Faucett,Peru,N
,KAR,Kar-Air,Finland,N
DN,,Alinord,Italy,N
VB,,Pacific Express,United States,N
,WTJ,Whitejets,Brazil,Y
KT,VKJ,VickJet,France,Y
XV,,BVI Airways,British Virgin Islands,Y
,HAY,Hamburg Airways,Germany,Y
SO,SLC,Salsa d\\'Haiti,Haiti,Y
ZJ,,Zambezi Airlines (ZMA),Zambia,Y
,KND,Kan Air,Thailand,Y
,CUD,Air Cudlua,United Kingdom,Y
YQ,,Polet Airlines (Priv),Russia,Y
,AXE,Air Explore,Slovakia,Y
T1,TP3,TROPICAL LINHAS AEREAS,Brazil,N
12,N12,12 North,India,Y
,HCC,Holidays Czech Airlines,Czech Republic,Y
,COE,Comtel Air,Austria,Y
,MIC,Mint Airways,Spain,Y
,OBT,Orbit Airlines,United States,Y
,BUR,Air Bucharest,Romania,Y
,LAV,AlbaStar,Spain,Y
L6,MAI,Mauritania Airlines International,Mauritania,Y
6F,MKD,MAT Airways,Macedonia,Y
AW,AWM,Asian Wings Airways,Burma,Y
E5,RBG,Air Arabia Egypt,Egypt,Y
,EGS,Eagles Airlines,Italy,Y
,YEP,YES Airways,Poland,Y
CT,,Alitalia Cityliner,Italy,Y
,DSV,Direct Aero Services,Romania,Y
,MDP,Medallion Air,Romania,Y
OI,ORC,Orchid Airlines,Australia,Y
Y5,AWA,Asia Wings,Kazakhstan,Y
,GNN,Georgian International Airlines,Georgia,Y
,BTM,Air Batumi,Georgia,Y
XR,,Skywest Australia,Australia,Y
NP,NIA,Nile Air,Egypt,Y
,FDD,Feeder Airlines,Sudan,Y
DN,SGG,Senegal Airlines,Senegal,Y
6I,,Fly 6ix,Sierra Leone,Y
S9,,Starbow Airlines,Ghana,Y
0X,CX0,Copenhagen Express,Denmark,Y
8B,BCC,BusinessAir,Thailand,Y
YR,,SENIC AIRLINES,United States,Y
,CYM,Compass Airlines (Australia),Australia,N
,XOJ,XOJET,United States,Y
,DXT,Dexter (DXT),Russia,N
C7,CR7,Sky Wing Pacific,South Korea,Y
,BEU,Bateleur Air,South Africa,Y
PP,AI0,Air Indus,Pakistan,Y
07,770,Samurai Airlines,Pakistan,N
00,000,AirOne Continental,Slovakia,N
U1,001,AirOne Polska,Poland,N
,OAI,Orbit International Airlines,United States,Y
,OAR,Orbit Regional Airlines,United States,Y
,OAN,Orbit Atlantic Airways,United States,Y
,VOO,Volotea,Spain,Y
,GOE,Go Fly (United Kingdom),United Kingdom,N
MM,,Peach Aviation,Japan,Y
,HTH,Helitt Líneas Aéreas,Spain,Y
,RSD,Russia State Transport,Russia,Y
,MWI,Malaysia Wings,Malaysia,Y
U1,ABI,Aviabus,Russia,Y
DF,MJG,Michael Airlines,Puerto Rico,Y
ZC,KGO,Korongo Airlines,Congo (Kinshasa),Y
I5,IDS,Indonesia Sky,Indonesia,Y
9P,,Pelangi,Malaysia,N
B0,666,Aws express,United States,Y
76,SJS,Southjet,United States,Y
77,ZCS,Southjet connect,United States,Y
KP,,Air Cape,South Africa,N
78,XAN,Southjet cargo,United States,Y
I2,IBS,Iberia Express,Spain,Y
4O,,Interjet (ABC Aerolineas),Mexico,Y
OG,,AirOnix,Ukraine,Y
NJ,NGB,Nordic Global Airlines,Finland,Y
TZ,SCO,Scoot,Singapore,Y
SX,STS,Starling Airlines Spain,Spain,N
5K,,Hi Fly (5K),Portugal,Y
WH,,China Northwest Airlines (WH),China,Y
ZN,ZNA,Zenith International Airline,Thailand,Y
O1,OAB,Orbit Airlines Azerbaijan,Azerbaijan,Y
,RQX,Air Engiadina-BRN,Switzerland,N
,FVG,VG Airlines (IV),Belgium,N
A6,,Air Alps Aviation (A6),Austria,Y
,AAT,Austrian Airtransport,Austria,N
,FKA,Flying kangaroo Airline,Australia,Y
,RSJ,RusJet,Russia,Y
,VJC,VietJet Air,Vietnam,Y
,BXS,Spantax S.A.,Spain,N
P4,,Patriot Airways,United States,Y
V2,RBY,Vision Airlines (V2),United States,Y
C8,,Chicago Express (C8),United States,N
5Q,,BQB Lineas Aereas,Uruguay,Y
,WAJ,AirAsia Japan,Japan,Y
YE,YEL,Yellowtail,United States,Y
KG,RAW,Royal Airways,United States,Y
FH,FHI,FlyHigh Airlines Ireland (FH),Ireland,Y
,XSR,Executive AirShare,United States,Y
,HBH,Hebei Airlines,China,Y
,KBZ,Air KBZ,Burma,Y
2D,,Aero VIP (2D),Portugal,Y
YH,,Yangon Airways Ltd.,Burma,Y
TJ,TJA,T.J. Air,United States,Y
SX,,SkyWork Airlines,Switzerland,Y
J7,VJA,ValueJet,United States,N
W2,,Maastricht Airlines,Netherlands,Y
WL,FQR,CheapFlyingInternational,France,N
E6,,Aviaexpresscruise,Russia,N
24,,Euro Jet,Germany,Y
,UAT,Ukraine Atlantic,Ukraine,Y
00,AO1,AirOne Atlantic,Slovakia,N
HQ,,HQ- Business Express,United States,N
,NMA,Nesma Airlines,Egypt,Y
,EHN,East Horizon,Afghanistan,Y
R1,RS1,Royal Southern Airlines.,Colombia,N
,MJP,Air Majoro,Peru,Y
,UKZ,Fly Zoom,United Kingdom,N
,RJD,Rotana Jet,United Arab Emirates,Y
Q3,QER,SOCHI AIR CHATER,Russia,Y
J7,,Denim Air,Norway,Y
OE,,WestAir,United States,N
OE,,WestAir Airlines,United States,N
NO,,North Pacific Airlines,United States,N
OD,MXD,Malindo Air,Malaysia,Y
9F,TLM,Tramm Airlines,Netherlands Antilles,N
GC,,Lina Congo,Congo (Brazzaville),N
,HRM,Hermes Airlines,Greece,Y
Z9,,Flightlink Tanzania,Tanzania,Y
I8,,IzAvia,Russia,Y
,PKV,Псковавиа,Russia,Y
3V,VA3,3 Valleys Airlines,France,N
M1,M1F,Maryland Air,United States,Y
7I,,Insel Air (7I/INC) (Priv),Netherlands Antilles,Y
5Z,VVC,VivaColombia,Colombia,Y
,FCM,Flybe Finland Oy,Finland,Y
,BGY,Bingo Airways,Poland,Y
,BBG,Bluebird Airways (BZ),Greece,Y
ZM,IWA,Apache Air,United States,Y
,TAQ,Taunus Air Gmbh,Germany,N
M2,,MHS Aviation GmbH,Germany,Y
NR,JTO,Jettor Airlines,Hong Kong,Y
,EDI,Eastern Atlantic Charters,United States,N
GD,GOD,GoDutch,Netherlands,N
,VQI,Flyme (VP),Maldives,Y
SL,,Thai Lion Air,Thailand,Y
DW,DLT,Deutsche Luftverkehrsgesellschaft,Germany,N
,NFD,Nürnberger Flugdienst,Germany,N
,GMR,Golden Myanmar Airlines,Burma,Y
,VZA,ViznAir,United States,N
,CNF,Canaryfly,Spain,Y
,KSZ,Sunrise Airways,Haiti,Y
N8,NCR,National Air Cargo,United States,Y
13,EAV,Eastern Atlantic Virtual Airlines,United States,Y
QG,,Citilink Indonesia,Indonesia,Y
GU,GU1,Gulisano airways,Italy,N
,TTZ,Transair,Canada,Y
,EVC,Comfort Express Virtual Charters Albany,United States,Y
,CEO,Comfort Express Virtual Charters,United States,Y
XP,ZYZ,Caribbean Wings,Turks and Caicos Islands,N
,FYJ,FLYJET,Poland,Y
S8,SBD,Snowbird Airlines,Finland,Y
,KRY,Russkie Krylya,Russia,Y
KH,KHK,Kharkiv Airlines,Ukraine,Y
,KWY,Key Air,United States,N
XA,XAU,XAIR USA,United States,Y
LB,,Air Costa,India,Y
,RMK,Simrik Airlines,Nepal,Y
F5,GF5,Global Freightways,United States,N
XP,XPT,XPTO,Portugal,Y
,DME,Royal Flight,Russia,Y
,EGH,BBN-Airways,United Kingdom,Y
,TKS,Tomsk-Avia,Russia,Y
,VPP,Vintage Props and Jets,United States,N
3W,,Malawian Airlines,Malawi,Y
,NYT,Yeti Airlines,Nepal,Y
JU,ASL,Air Serbia,Serbia,Y
,KCU,Skyline Ulasim Ticaret A.S.,Turkey,Y
LT,LTU,Air Lituanica,Lithuania,Y
,ENY,Envoy Air,United States,Y
,CCB,CARICOM AIRWAYS (BARBADOS) INC.,Barbados,Y
RN,RAB,Rainbow Air (RAI),United States,Y
RY,RAY,Rainbow Air Canada,Canada,Y
RX,RPO,Rainbow Air Polynesia,United States,Y
RU,RUE,Rainbow Air Euro,United Kingdom,Y
RM,RNY,Rainbow Air US,United States,Y
,TNS,Transilvania,Romania,Y
QD,DOB,Dobrolet,Russia,Y
S0,SAL,Spike Airlines,United States,Y
,GCA,Grand Cru Airlines,Lithuania,Y
,RLX,Go2Sky,Slovakia,Y
L1,AL1,All Argentina,Argentina,Y
A2,AL2,All America,United States,Y
L9,AL3,All Asia,China,Y
9A,99F,All Africa,South Africa,Y
N4,J88,Regionalia México,Mexico,Y
N9,N99,All Europe,United Kingdom,Y
N7,N77,All Spain,Spain,Y
9N,N78,Regional Air Iceland,Iceland,Y
8K,K88,Voestar,Brazil,Y
7O,7KK,All Colombia,Colombia,Y
2X,2K2,Regionalia Uruguay,Uruguay,Y
9X,9XX,Regionalia Venezuela,Venezuela,Y
9J,CR1,Regionalia Chile,Chile,Y
6C,6CC,Vuela Cuba,Cuba,Y
88,8K8,All Australia,Australia,Y
ER,RWW,Fly Europa,Spain,Y
PO,FPT,FlyPortugal,Portugal,Y
,FTI,FTI Fluggesellschaft,Germany,N
IJ,SJO,Spring Airlines Japan,Japan,Y
KP,DWA,Dense Airways,United States,Y
KZ,DC2,Dense Connection,United States,Y
4S,VI4,Vuola Italia,Italy,Y
,RSP,Jet Suite,United States,Y
,FJM,Fly Jamaica Airways,Jamaica,Y
1X,,Island Express Air,Canada,Y
Z0,Z9H,All Argentina Express,Argentina,Y
WE,,Thai Smile Airways,Thailand,Y
I4,,International AirLink,Jamaica,Y
RT,,Real Tonga,Tonga,Y
2R,M7A,All America AR,Argentina,Y
1R,R1R,All America CL,Chile,Y
Q4,SAE,SOCHI AIR EXPRESS,Russia,Y
1Y,A9B,All America BR,Brazil,Y
X9,X9F,FRA Air,Germany,N
QN,,Royal,Canada,N
GX,,GREAT LAKES (GX),Canada,N
9V,VC9,Volotea Costa Rica,Costa Rica,Y
X5,OTJ,Fly Romania,Romania,Y
E2,,Eagle Atlantic Airlines,Ghana,Y
,FZW,Fly Africa Zimbabwe,Zimbabwe,Y
,SDI,San Dima Air,United States,Y
0Y,7ZC,All America CO,Colombia,Y
0M,0MM,All America MX,Mexico,Y
FX,FOX,FOX Linhas Aereas,Brazil,Y
EX,"..,",Wings of England,United Kingdom,N
QP,,Air Kenya (Priv),Kenya,Y
6V,CZV,Via Conectia Airlines,Uruguay,Y
,HBR,Hebradran Air Services,United Kingdom,Y
,PBD,Pobeda,Russia,Y
E8,GTA,City Airways,Thailand,Y
DU,NLH,Norwegian Long Haul AS,Norway,Y
,710,BA101,United Kingdom,Y
M8,TNU,TransNusa Air,Indonesia,Y
ZT,T9P,Tomp Airlines,Chile,Y
,FZA,Fuzhou Airlines,China,Y
,SWM,Sky Angkor Airlines (ZA),Cambodia,Y
J1,,OneJet,United States,Y
0G,GA0,Global Airlines,Argentina,Y
,MYP,Mann Yadanarpon Airlines,Burma,Y
F4,,International Flying Service,Italy,N
UK,VTI,Air Vistara,India,Y
1E,RGG,TransRussiaAirlines,Russia,Y
D2,,Severstal Air Company,Russia,Y
RR,RXR,REXAIR VIRTUEL,France,Y
WR,WEN,WestJet Encore,Canada,Y
OP,PPL,Air Pegasus,India,Y
9I,INE,International Europe,Spain,Y
,SKV,Sky Regional Airlines,Canada,Y
ZV,VAX,V Air,Taiwan,Y
,CLJ,Cello Aviation,United Kingdom,Y
NV,ALS,Naka Nihon Airlines Service,Japan,N
,PYA,Pouya Air,Iran,Y
X9,,Islands Express,United States,N
X7,,Atlantic Air Services,United States,N
4B,BTQ,Boutique Air (Priv),United States,Y
,FEG,FlyEgypt,Egypt,Y
V7,VOE,VOLOTEA Airways,Spain,Y
3X,GUI,Aguilar Connect,Chile,N
7V,ROB,ROYAL BRITAIN,United Kingdom,N
Z5,IIR,INAVIA Internacional,Argentina,Y
LE,LTY,Liberty Airways,United States,Y
,IAM,Aeronautica Militare,Italy,Y
5B,BSX,Bassaka airlines,Cambodia,Y
,JJP,Jetstar Japan,Japan,Y
Q7,,SkyBahamas Airlines,Bahamas,Y
UW,,UVT Aero,Russia,Y
,DAK,First Flying,Japan,Y
3M,,Silver Airways (3M),United States,Y
,UJX,AtlasGlobal Ukraine,Ukraine,Y
,BOV,Boliviana de Aviacion (OB),Bolivia,Y
,UBG,US-Bangla Airlines,Bangladesh,Y
,IBK,Norwegian Air International (D8),Norway,Y
I3,,ATA Airlines (Iran),Iran,Y
V1,VIA,VIA Líneas Aéreas,Argentina,Y
3D,PMK,Palair Macedonia,Macedonia,N
3D,,Palair Macedonia (3D),Macedonia,N
GX,GXG,GermanXL,Germany,Y
,KYA,Alghanim,United States,Y
,IDX,Indonesa Air Aisa X,Indonesia,Y
FF,FRF,Fly France,France,Y
,ENZ,Jota Aviation,United Kingdom,Y
EX,EU9,Europe Jet,France,Y
,FCB,COBALT,Cyprus,Y
,LTD,Southern Airways Express,United States,Y
DW,DWD,Deutsche Luftverkehrsgesellschaft (DLT),Germany,N
,ORG,Orenburzhie,Russia,Y
K3,,Atlantic Air Cargo,United States,N
W3,WSS,World Scale Airlines,United States,Y
AG,SSA,All America US,United States,Y
,UAY,University of Birmingham Air Squadron (RAF),United Kingdom,Y
,CSX,Choice Airways,United States,Y
,ARU,Aruba Airlines,Aruba,Y
1K,BG1,BudgetAir,Germany,Y
,DYA,Dynamic Airways,United States,Y
F5,FI5,Fly One,Moldova,Y
EE,,Nordica,Estonia,Y
,TEZ,Tez Jet Airlines,Kyrgyzstan,Y
,KUH,Kush Air,South Sudan,Y
0E,,Dummy,France,N
,SRY,ViaAir,United States,Y
0P,PYB,All America BOPY,Paraguay,Y
,TVJ,Thai Vietjet Air,Thailand,Y
2Y,AOW,Air Andaman (2Y),Thailand,N
,TDA,TDA Toa Domestic Airlines,Japan,N
,CBG,GX Airlines,China,Y
,SSX,Lynx Aviation (L3/SSX),United States,N
JG,,Jetgo Australia,Australia,Y
2S,,Air Carnival,India,Y
7R,SJM,Svyaz Rossiya,Russia,Y
